texto_review,sentimento
"A entrega da americanas foi num prazo menor do que a previsão do site, porém é o segundo produto que eu compra que vem somente com a  caixa do próprio produto e não vem com uma outra caixa de papelão mais  reforçada para protegê-lo. Como os demais comentários aqui, achei o cabo de energia e a mangueira de sucção muito curtas, se faz necessário a utilização de uma extensão, o manual tem 4 páginas e é horrível, demorei um tempão pra descobrir que o você deve ficar pressionando o botão de liga pó uns 10 segundos pra ele se manter ligado é que o outro botão que, aparentemente, seria de desliga e, parecia travado, não serve pra nada, coisa que no manual não fala. E ainda tem uma peça avulsa redonda com uns furos que eu ainda não consegui descobrir pra que serve.",Negativo
demorou entrega mas produtos atendeu minhas expectativas,Neutro
Quem compra Epson sabe o lixo que leva para dentro de casa ou trabalho.,Negativo
"Parece ser bom, ainda não usei. Chegou antes do prazo, entregar super rápida",Neutro
"uso e aprovo, bateria boa uso internet e jogo e a bateria duravel",Positivo
Celular cegou com defeito. Não liga. Já pedi o vale compras para comprar outro produto. Lamentável LG. DETALHE: CAIXA DO CELULAR NÃO ESTAVA LACRADA.,Negativo
"Não posso opinar sobre o produto, pois ainda não recebi a mercadoria. A compra foi feita a 2 meses e ainda nada da mercadoria.  Péssimo atendimento. Estou muito insatisfeita.",Negativo
Fiz a compra há quase 2 meses e ainda não foi entregue. Espero que não venha com nenhum problema pra valer a pena.,Negativo
A americanas está péssima de fornecedor!!!! Até hoje não recebi o produto! Que absurdo!!!!!!!,Negativo
"Fiquei decepcionada, para mim não é um brinquedo e sim uma miniatura",Negativo
"Produto ótimo, com acabamento Premium,  rápido e sem problemas",Positivo
Gostei do produto. Tamanho menor do que eu esperava.,Neutro
"Se o vendedor escreve, em um site como americanas.com, ""Stnadby"" e ""precione""  eu fico até com medo de comprar.",Negativo
"Ñ recebi o produto,estava acompanhando o meu pedido no e-mail das lojas americanas e sendo q está no e-mail da Ballke produtos para saúde e ñ fui informada disso,e o produto voltou",Negativo
Produto bom.entrega no prazo .tudo ok!xxxxxxxxxxxxxxxxxxxxxxxxxx xxxxxxxxxxxxxxxxxxxxxxxxxxxxxxxxxxxxxxxxxxxxxxxxxxxxxx.,Neutro
"Forte porém muito barulhento , pra usar pela manhã é complicado!",Neutro
O produto é bom. Estou utilizando... está funcionando (como deve).,Neutro
Produto maravilhoso! Além de lindo é super eficaz.,Positivo
o relogio gerar chip dz 09 nao chegou nao na minha residencia  o outro relogio tambem nao foi entregue relogio touch,Negativo
"Material de qualidade ruim, parece que vai rasgar só de olhar. Parece falso. Era um presente e fiquei com vergonha de dar.",Negativo
VENDER UMA BOLA DE GUDE POR 35 REAIS TA DE BRINCADEIRA LIXO EU NAO QUERO  NEM VER ESSA LOL PELA FRENTE,Negativo
"Boneca linda e bem acabada,recomendo, chegou bem antes do previsto",Positivo
"Não tive problemas para instalar, está funcionando. Só não é possível saber se funciona realmente! Mas recebi dentro do prazo!",Neutro
"Ainda não instalei, mas parece ser muito bom. Veio tudo certo",Neutro
"A única ressalva é o tamanho da película, precisaria ser uns dois milímetros maior.",Positivo
"Melhorou bastante minha Wi-Fi, pois o roteador fica na DCE e o sinal não chegava nos quartos.",Positivo
primeira e ultima vez que compro na pre venda nessa loja americana ainda paguei caro nesse jogo podia ter comprado loja fisica ce burro pra la tnc.,Negativo
"Gostei muito deste celular, tem uma tela que é grande e que ocupa toda a frente, uma ótima resolução de imagem!!",Positivo
"esse produto é entregue em 2 caixas, e me entregaram as 2 caixas de cores diferentes, e quebrado, como precisei de ajuda para montar, só fui abrir depois do período de devolução, até abri um chamado mas não recebi retorno algum  em todo caso é um produto bonito e relativamente frágil",Neutro
"Produto é bom, porém veio uma das tantas meio arranhada, acredito que porque não veio na caixa da euro e deu algum problema, mas o produto em si é ótimo",Neutro
"ótimo, muito bom.. hdbiqewifqivcivweivcigviobeorovuoivhowua3hvwaoraewoihviufesbuisbhouersogeroughoeurshbeohovb",Positivo
OS PRODUTOS DA SAMSUNG SÃO DE EXCELENTE QUALIDADE E PRATICIDADE ME ATENDE NO QUE PRECISO.RECOMENDARIA AS PESSOAS A COMPRAR E O MELHOR O PREÇO QUE CABE NO BOLSO EM TEMPOS DE CRISE FACILITA BASTANTE.,Positivo
Comprei para meu sobrinho. Ele adorou. Ele tem 13 anos e está fazendo muitas mágicas para a vovó e o vovô!,Positivo
O produto eu até recomendo eu não recomendo a loja pois o meu caso não é o primeiro precisam avaliar melhor as transportadoras,Negativo
Atendeu minhas expectativas. Carregou duas vezes e meia antes de descarregar.,Neutro
"Bom ,comprei esse kit para as mulheres tomarem no carnaval achando que eram uns drinks prontos q iriam agrada-las mas infelizmente não tiveram aprovação. Apesar de não ser caro não compensa pelo o q oferece, pois não dá prazer nenhum em beber e foi o que aconteceu, elas não beberam e eu tive que beber as abertas sozinho na semana por causa da validade de 7dd. Tomei a de morango e jabuticaba, essa última achei bem doce.  Resumo, querem beber algo diferente essas bebidas não são uma boa opção.",Negativo
"Gostei da TV, só não gostei do controle. Tive dificuldade para abrir para colocação das pilhas. Muito compacto.",Neutro
"O tapete é bonito, porém não é tão grosso como informado no anúncio. A entrega foi super rápida. Pelo valor pago, vale apena.",Neutro
"As bonecas são perfeitas, chegaram antes do prazo.",Positivo
Muito bom o Produto e o vendedor. Certamente eu recomendo!,Neutro
"Foi um presente para outra pessoa, quando ela foi personalizar o campainha das chamadas, o aparelho não deu a opção de troca. obs: não sei se é defeito ou se não dá para mudar o toque. (configurações / som / toque do telefone / ?????.",Neutro
"Um dos piores aparelhos que ja tive,não recomendo,trava do nada,abre apps sozinho,um lixo.",Negativo
"Não tem reforço na área das orelhas, por isso, o tecido rasga facilmente. Depois de uma semana de uso já está bem desgastado, quase sendo inutilizado.",Negativo
"Bem útil ,muito obrigada! Continuem assim,estou satisfeita.",Neutro
"Relógio muito bonito, foi entregue dentro do prazo.  A loja está de parabéns, eu recomendo.",Positivo
"Produto bem feito, bom acabamento é pequeno mais eu já sabia pelas medidas, atendeu as expectativas, fácil pra brincar um pouco frágil mais tbm foi dito no anuncio então nada de surpresas negativas, chegou um pouco tarde mais foi devido as festas de final de ano. mais enfim o produto atende as expectativas adoramos.",Neutro
"Entrega rápida, produto de ótima qualidade Eu recomendo",Positivo
"Gostei muito da Sapateira, a foto faz jus ao produto, porém as madeiras são bem finas, o custo beneficio é otimo",Neutro
Eu comprei dia 20/02/2018 e até a data de hoje 07/03/2018   Não foi entregue.,Negativo
"celular bom mas, deixa muito a desejar, som muito baixo tanto em video, audio e ate mesmo em ligações",Negativo
"Muito preocupada, o produto nem chegou na minha casa e vocês querem saber o que eu achei?  O que devo pensar?",Negativo
"Eu comprei esse relógio MK8557 das Américas.com confiando na credibilidade e na originalidade do produto, e ao receber o produto , o mesmo chegou sem a nota fiscal e sem a caixa original , o que me faz desconfiar da originalidade do relógio . Ou deve ser fruto de contrabando , ou é falso ou réplica ... Queri um retorno das Americanas por uma explicação , pois é impossível conseguir contato no atendimento ao cliente .  Extremamente decepcionado com esse site!",Negativo
"Infelizmente não gostei do produto. Ficou aquém da minha expectativa. NÃO RECOMENDO., sugiro que compre outra marca.  Quanto à entrega, a empresa deixou a desejar, não chegou dentro da data prevista. Eles usaram a entrega pelos correios pelo sistema PAC, que é o pior que existe.",Negativo
"Produto bom, entrega no prazo..................................................",Neutro
"Achei bom, no geral, mas o colchão q vem poderia ser melhor",Neutro
"Adorei o produto, ficou excelente!! Gostei muito do acabamento e cromo do corpo.",Positivo
Produto muito bom  E a entrega super rápida antes do prazo,Neutro
o produto é de qualidade e a entrega foi dentro do prazo. Só acho que demora muito tempo para aparecer a imagem,Neutro
"O produto veio com a parte do plástico em baixo quebrada, o painel de números não aparece os números direito.",Negativo
"Estou indo agora no banco, vou penhorar o carro e a casa e vou comprar umas vinte unidades, só está este preço agora imagine daqui a um ano, um baita investimento",Positivo
Muito pratico...Super recomendo Chegou antes do prazo.,Positivo
Bom livro. texto de fácil entendimento.Mas se fosse colorido seria melhor.,Neutro
"Silencioso, funciona dentro de suas características técnicas para o padrão do modelo. Preço razoável. Chegou dentro do prazo estipulado, na verdade, antes do prazo.",Positivo
"Prático, mas um pouco barulhento, inclusive as rodinhas , na hora de usar.  Aspirador bem!",Positivo
"Pelo fao de ser um material de tecido, eu não recomendo. Comprei e me arrependi. É um produto que suporta somente até 15 kg e eu nao me atentei a isso, e o espaço que fica entre a mesa e a cadeirinha fica um vão de modo que a comida cai muito ali, pois o bebe se movimenta muito e cai comida também na cadeira e para uma limpeza adequada o correto é tirar o tecido da estrutura da cadeira o que é um saco. Eu me arrependi por conta da dificuldade de manutenção. Não gostei e não recomendo.",Negativo
Ok chegou dentro do esperado recomendo. Produto não vale o preço,Neutro
"O produto atende,  porém uma coisa e importante dizer,  o velcro na tela é costurado,  porém a parte que vai na parede e presa com dupla face e  fica descolando da outra face do velcro. Depois de dias tendo que ficar recolocando a tela tive que colar com superbonder todas as faces dos velcro que vão na parede",Neutro
Recomendo. Funciona bem e não é lento. Para meu uso doméstico está atendendo muito bem. Excelente computador.,Neutro
"Vale pelo custo benefício, atende bem as minhas necessidades, acabamento ruim , porém pelo preço nao poderia esperar coisa melhor.  Produto razoável...",Negativo
"Não recebi o produto, recebi dois prazo de entrega e nem um deles foi cumprido...",Negativo
"Tapete bom... porém veio muito amassado, estou me matando pra deixar ele restinho no chão, mais tirando isso muito bom o tapete",Neutro
"A chapinha é ótima, como já esperado! Esquenta super rápido, é leve e deixa o cabelo com aspecto brilhoso. Recebi o produto em 6 dias após minha compra, foi antes da data prevista. Super recomendo a Americanas para compras e obviamente a chapinha por ser um produto de ótima qualidade e custo-benefício.",Positivo
"A entrega foi rápida, porém o aparelho é muito lento, esquenta muito mesmo fora do carregador.",Neutro
"Acho um produto bom. Me ajuda na agilização da limpeza. Tive problema de folga na adaptação destes refis porque não se encaixaram como deveria e com um pequeno ajuste com papelão fixei e trabalho normalmente com o produto. Não posso defini-lo como ótimo ou excelente, pois o utilizo à pouco tempo e tive esse problema de folga. Tem tudo para melhorar na avaliação.",Neutro
"Produto excelente, ótima qualidade além de receber antes do prazo estipulado pela loja.",Positivo
"Se a marca decidiu colocar suas etiquetas em produtos produzidos na China, acho que deveria avisar aos clientes. Me sinto prejudicada, pois a compra na internet já tem um tempo de esperar maior do que ir a uma loja e agora terei que esperar para ter meu dinheiro de volta em função da devolução.",Negativo
"Paguei e não me entregaram o produto.  Não obtive respostas, não me devolveram o dinheiro.  Péssimo.",Negativo
Não tem como avaliar porque ja tem mais de mês que comprei este celular.. E até hoje não chegou. Acho que Americanas deveria ter mais consideração pelos seus clientes.. e entregarem o produto no prazo que determinam. E o bom que to tentando entrar em contato e  simplesmente não me dão posição de nada..Sacanagem o que vcs estão fazendo.,Negativo
Produto em bom estado. Recomendo a todos que estão com dúvidas. Vendedores bastante prestativos.  Chegou antes da data prevista. Parabéns a lojas pelo bom atendimento. Obrigado.,Neutro
Nunca nem reçebi o produto pessima compra nao tive nem uma explicaçao das americanas,Negativo
"Produto de muito boa qualidade, espessura e ótimo acabamento! Serviu muito para o dormitório dos meus filhos!",Positivo
custo beneficio e produto bom para treino e ter em casa,Positivo
Simples de usar. Leitura precisa. Ótimo custo beneficio.,Positivo
Livro faz muitos rodeios e muito bla bla bla para chegar ao fato final . O autor deveria ser mais objetivo,Negativo
"Não gostei, pois não veio com a fonte, apesar de estar descrito todo o conteúdo da embalagem, porém ao ver diversos unboxing na internet desse produtos, todos contam com a fonte original da nintendo, fato esse que me deixou desapontado com o produto.",Negativo
"Superou minhas espectativas, recomendo a todos, estou muito satisfeito.",Positivo
O botão de rotatividade é péssimo. Nao funciona direito,Negativo
"Não tenho como avaliar o produto, pois será presente. Mas quanto a entrega foi rápida e em perfeitas condições.",Neutro
"A máquina é boa, atende minha necessidade, mas barulhenta principalmente na centrifugação. Achei que fosse bem silenciosa, mas não.",Neutro
"Engraçado solicitei a devolução pois veio de cor rosa, sendo que não da opção de escolher cor no ato da compra e estou sendo ignorada, pelas lojas Americanas. Pior é que sempre indico a loja, decepcionada.",Neutro
ACABEI DE COMPRAR A CAMA GOSTARIA DE SABER O TAMANHO IDEAL DO COLCHÃO?,Neutro
"O produto foi entregue no prazo. O produto foi aplicado hoje, então não posso avaliar sobre os efeitos e sua eficiência.",Neutro
"O S8 é incrível, aparelho entrega tudo que promete!!",Positivo
comprei para plugar um pen ou adaptador de wifi 5ghz e nao funcionou para os 2 perda de tempo e dinheiro,Negativo
"FALTA DE CONSIDERAÇÃO COM OS CLIENTES, A LOJA TOCTECH, NUNCA TEM O PRODUTO, A PRIMEIRA VEZ DISSERAM QUE O PRODUTO TINHA SIDO FURTADO E NÃO TINHAM NO ESTOQUE, AGORA A DESCULPA É QUE NÃO TEM NO ESTOQUE, NÃO INDICO MAIOR DOR DE CABEÇA",Negativo
"Funciona perfeitamente e é bem resistente, gostei, recomendo a todos",Positivo
Não gostei produto veio com vários defeito desde couro até salto insatisfeita,Negativo
"Pessoal,não comprem!!!! Comprei esse produto da foto e descrição, e me foi entregue outro produto. Me mandaram um produto inferior e de cor completamente diferente da que eu comprei!!!! Estou tento problemas para devolução do produto e estorno da compra.",Negativo
"pessimo o produto veio com defeito  na porta, amassada e saiu a tinta, da pra ver de longe... nao recomendo",Negativo
"Comprei o produto no dia 26/02/18.  Nâo recebí no prazo marcado.  Após mais de 15 dias de atrazo,  o produto chegou em minha residência, não recebi  e fiz a devolução.    Hoje é 28/03/18.",Negativo
"Só recomendo para quem tem facilidade de ajustar  esse tipo de equipamento. É meio difícil de ajustar, e cada vez que você quer fazer uma modificação no módulo porque vai do sofá para a cama por exemplo dá um pouco de trabalho ajustar. É um bom produto, mas achei que seria mais fácil e rápido para ajustar.",Neutro
"estou decepcionado com as lojas americanas. no anuncio está descrito que viria com viseira, comprei o capacete com a intensão de utiliza-lo assim que chegasse. Como no anuncio descrevia com uma viseira, (COISA QUE NAO VEIO), NAO VAI SER POSSIVEL UTILIZAR O PRODUTO POIS O MESMO É PROIBIDO DE SER UTILIZADO EM VIAS URBANAS POR NAO TER VISEIRA. Comprei esperando o produto descrito no anuncio, porem veio totalmente diferente do que eu esperava, material de péssima qualidade e faltando partes. NÃO COMPREM.",Negativo
Estou muito satisfeita. O produto é bem como descrito. Mesmo morando no interior chegou rápido. Recomendo!!!!,Positivo
"Algumas peças vieram com uns pequenos arranhões, apesar de ter vindo embalados.",Neutro
O monitor cardíaco funciona intermitentemente. Devolvi o produto.,Negativo
"Corresponde à descrição! Boa durabilidade da bateria! Veio na caixa, lacrado, em perfeitas condições",Positivo
"O aparelho é bom, com qualidade correspondente ao preço. É uma boa escolha.",Neutro
"produto aparentemente de qualidade vamos ver a durabilidade,recomendo",Neutro
"Produto muito quente não dá para usar no calor, teria que ser especificado no produto, não recomendo a compra.",Negativo
"produto otimo para tv que nao tem netflix, a unica coisa ruim é que nem todos os celulares tem a função screen mirroring",Neutro
"Gostei muito, só veio com a capa um pouco arranhada, mas fora isso tava tudo direitinho.",Neutro
Recomendo um bom produto eu recomendo pode comprar sem medo.,Positivo
Eu recomendo pode comprar que é bom eles entrega no prazo,Neutro
Prós: vários aplicativos pré-instalados; pode controlar pelo celular; pode reproduzir tela no notebook na tv etc Contras: Espaço interno pequeno para aplicativos; Youtube trava constantemente na inicialização do aplicativo (não sei se é só com a minha); exige algum conhecimento para ajustar a imagem (tem alguma coisa a ver com a frequencia Hz),Neutro
recebi o produto quero meu dinheiro de volta. por gentileza entre em contato cmg pata regularizarmos isso o mais urgente possível,Negativo
"Comprei os cartuchos mesmo acreditando que não seriam compatíveis, pois, já havia ocorrido esse problema em outra compra de outro site. Para minha surpresa, estão sendo utilizados sem nenhum problema.",Neutro
"Com menos de 3 semanas de uso apresentou defeito, tentei entrar em contato no tel informado e não consigo falar. Acabei de mandar um e mail pra ver qual o procedimento pra mandar para a análise técnica. Aguardemos.",Negativo
"ESTAVA PENSANDO COMPRA UM MAIS COM TANTAS REFERENCIA NEGATIVAS NAO VOU MI ARRISCAR,",Negativo
Fiz a compra e ainda não recebi. Mas já na emissão da nota fiscal no que se trata de enganação (propaganda enganosa). O título do anúncio e as fotos deixam bem claro que se tratam de duas unidades de 2kg de Whey. Mas no corpo do anúncio e na nota fiscal são duas unidades de 900g.,Negativo
"Qual o tamanho do fogão?  Sendo um fogão de embutir, o cliente precisa saber as medidas. Tudo certo para dar errado os detalhes colocados no site.",Negativo
O problema q comprei errado pensei que a impressora scaneia é não só imprimir quero trocar por outra de outro modelo,Neutro
"A bateria e as câmeras não são nada como esperamos. Descarrega muito rápido, até mesmo sem ser utilizado. Tive que fazer pedido de devolução.",Negativo
"Produto chegou na mesma semana em que comprei pelo site, muito bom, atendeu a necessidade do meu pai que é maior de 60 anos e tem dificuldade para mexer em aparelhos mas por necessidade precisa tê-lo perto.",Neutro
Pelo que vi o celular é muito bom. Só que Comprei o celular dia 26/04 E  até hoje não chegou.,Neutro
COM FRETE GRÁTIS FICA BEM MAIS FÁCIL DE NEGOCIAR SÓ FALTOU AUMENTAR O NÚMERO DE PARCELAS SEM JUROS EM OUTROS CARTÕES JÁ QUE FUI OBRIGADO A CANCELAR  MEU CARTÃO POR CAUSA DA ANUIDADE,Neutro
"Chegou antes do prazo de entrega,tudo certinho e bem embalado.",Positivo
"gostei, chegou dentro do prazo, ainda não deu tempo para o produto fazer efeito, mais recomendo.",Neutro
"Estava com muita expectativa nesse produto, mas pra peles bem claras, a cor não bate. Ele sai claro do pote, mas depois oxida um pouco. Também não tem nenhuma resistência ao suor ou à água.",Negativo
A LG nunca me decepcionou! Essa televisão é excepcional. Super rápida. Não precisa de carregamento nem espera para iniciar os aplicativos. Netflix entra em questão de menos de 2 segundos.,Positivo
"Material horrível, pensei que era uma coisa e veio outra.",Negativo
Um produto dinâmico e que revoluciona o ato de passar a roupa...,Positivo
Travesseiro de ótima qualidade... Recomendo o produto! Minhas noite de sono ficou mais agradável com esse travesseiro.... Custo benefício excelente,Positivo
"Super indico, produto de Boa qualidade, entrega rápida",Neutro
"A principio gostei muito embora tenha sido desnecessario, a tv comprei junto tem entrada VGA, foi desnecessario. Pode vir a ser usado futuramente, Por favor forneçam dados mais completos, evitando duvidas, agradecido.",Positivo
"Baixa resolução, suporte por mais deixa vez ineficaz.",Negativo
"O parafuso que mantém a altura do ventilador que é ajustável, pode ser forçado e atravessar.",Neutro
Produto de boa qualidade houve um pouco de atraso por conta da transportadora mais veio no dia seguinte feito a reclamação é loja física e segurança dos seus dados portanto veio tudo direito recomendo aos compradores esse site,Neutro
"Muito triste,pois as fotos são belíssimas,mais a qualidade do acabamento e péssima. Falta peças para montagem, tamanhos diferentes nas peças. Esperava mais. E pior no meu caso comprei 8 cadeiras só vieram 6 o pés das outras duas não vieram somente o acento e o encosto. E muito bonita e elegante pena que veio com estes problemas de fabrica.",Negativo
Não compro mais.  Pois não parece ser um perfume e sim uma colônia,Negativo
O botão de liga e desliga veio com defeito e devolvemos o produto.,Negativo
Bom produto. Ajuda nos casos de refluxo noturno. O material é de muito boa qualidade.,Neutro
"não comprem este produto com essa loja magazine. comprei a  Lanterna Cabeça Triplo T6 Led Cree Profissional Swat Tática com essa loja play magazine, uma das parcerias com  a Americanas.com. porem, recebi uma lanterna bailong bl -913,muito fraca , pior do que as que vendem no camelô. é uma propaganda inganosa. não comprem.",Negativo
"Esta me surpreendendo , chegou ontem usei 3 vezes já , fiz batatas e tulipinhas de frango , nada de comida pálida , alimentos super coradinhos ..",Neutro
Podem comprar que está super em conta! Junto com o boneco vem as ações das empresas Stark!,Positivo
Produto não possui boa qualidade. Pelo funcionamento não parece um produto original.,Negativo
"Ola até hoje não recebi o projetor como que vou avaliar uma coisa que não recebi ainda o produto,mas já paguei a primeira prestação .vou até cancelar esta COMPRA....",Negativo
"O acabamento do encosto e do assento é bom ; pés e  suporte cromados bons tb. Mas o suporte dos braços é de plástico, vamos ver qto tempo dura. Em questão de conforto, nota mil. A coluna se encaixa mto bem, não fica aquele ""vazio"" na parte da lombar. E nem sonhe em tentar montá-la sozinho; conseguir  encaixar os parafusos do encosto deixa qualquer combate do UFC pra trás. No geral, bom produto, recomendo.",Neutro
"O material é fraco., mas, está bonito.Dá para  usar por pouco tempo.",Negativo
"Não respondeu a espectativas. Não funciona, só os canais locais, que tem a emissora na cidade.",Negativo
"Muito boa, atendeu as minhas expectativas. Recomendo o vendedor aos profissionais que atuam de alguma forma na área financeira.",Positivo
"Boa tarde, gostei do produto, mas ele marca a roupa por causa do formato e também a “cola”, não fixa direito.",Neutro
Qualidade o produto. Recomendaria sempre que necessário.,Positivo
"O produto na loja online do ""parceiro"" mesmo com frete sedex sai cerca de 30% mais barato, comprei aqui pela americanas e me arrependi porque me foi enviado via PAC quase 20 dias(pelo produto melhor comprar na china) pra chegar e saiu mais caro",Negativo
"produto péssimo, qualidade horrível, não suporta nem o próprio peso, imagina colocar um notebook, não comprem. nem deveriam anunciar a venda desse material",Negativo
O produto é bonito e se acomoda bem no ambiente. recomendo o produto.,Positivo
"Na imagem o produto é mais bonito, pessoalmente o desenho está borrado",Neutro
"Chegou muito rápido e rápido parou de funcionar, mais especificamente só 1hora de funcionamento!!! O atendimento para troca foi rápido, no entanto, a troca de fato até hj não aconteceu.",Negativo
"Excelente produto . Muito boa qualidade, bonita e deixa um brilho nos cabelos e não receca",Positivo
Não gela bem a água não tem regulagem de temperatura,Negativo
"O produto que recebi veio bem diferente das especificações do anúncio da venda.  Primeiro, veio na cor azul claro e algumas partes brancas, não todo branco como o descrito e na foto, não tem botão touch para ligar e sim um fio com interruptor com USB para por na tomada usando um adaptador ou em qualquer outro local USB e também não consegui ajustar a intensidade da iluminação como descrito. Outro aspecto é que ele não funciona fora da tomada, ficou a noite inteira carregando mas mesmo assim não liga se não estiver na energia. Fora todas essas coisas que estavam bem em desacordo com o anunciado o produto ilumina bem. Não recomendo o produto, pois o custo benefício não compensa e comprei achando que iria receber um produto igual foi descrito e não foi isso que aconteceu.",Negativo
"achei um pouco pesado, achei que seria mais leve e menor",Neutro
"Um lixo o profuto! Não funciona, só trava! Produto não pega direito e agora apagou de vez... um lixo",Negativo
"No quarto uso a cafeteira simplesmente parou de funcionar, a água não passa mais para o filtro, estou em contato com a assistência técnica. Outro ponto negativo é que só dá para fazer uma xícara por vez, pois se colocar a medida para duas xícaras, o conteúdo do coador transborda e além de sujar a parte toda a parte interna, vc ainda toma café com pó, quase aprendi a fazer leitura da borra de café na xícara...rsrs",Negativo
Esquenta bastante e da brilho e maciez ao cabelo. Cumpre o que promete.,Neutro
A leitura é uma ótima opção para quem gosta de romance mediúnico!,Positivo
"Recomendo! Botão água com temperatura ambiente, fresca, fria e gelada. E tem diferença! Gostei!",Positivo
Esperava um produto em paletas de madeira e não em TNT!!!!,Negativo
comprei 4 destes e com menos de 30 dias rodando soltou uma parte da banda de rodagem de um dos pneus na rodovia e fui verificar os outros 3 estavam trincados na base das bandas.,Negativo
Foi presente mas quem ganhou adorou e até agora não fez nenhuma reclamação.,Neutro
"Quantos ml tem o elixir? Na foto tem 250, no entanto no titulo tem 50 ml. Qual o correto?",Neutro
"Você não está comprando um sofá. Está comprando um problema. O prazo de entrega é grande, mas não é cumprido. E as Lojas Americanas não estão preocupadas com isto.",Negativo
Nem usando o Driver Booster os drivers funcionam corretamente no Windows 7 64 bits,Negativo
"NÃO ACHEI PÉSSIMO,POR TER PAGO UM PRODUTO E NÃO RECEBER......",Negativo
GOSTARIA DE SABER AS MEDIDAS POIS NAO CONSTA NO ANUNCIO,Neutro
Não me arrependo do investimento. Meu bebê ama ficar nela e se diverte com os brinquedos pendurados.,Positivo
A compra foi boa e a entrega obedeceu ao prazo combinado.,Positivo
"ÓTIMO APARELHO, ÓTIMO ATENDIMENTO E ENTREGA, TUDO OK ATÉ O MOMENTO.",Positivo
Imagem incrível. Muitas cores muito bem definidas. Recomendo mto o produto,Positivo
"Persiana boa qualidade, entrega em bom tempo, vendedores atenciosos",Neutro
"Gostei muito do celular. Chegou antes do prazo, o celular atende as minhas necessidade, o recomendaria com certeza.",Positivo
Fone de péssima qualidade. Não recomendo. No segundo dia de uso aquela porcaria que prende na orelha desmontou e não é possível reencaixar! Nunca comprem isso!,Negativo
"Ótimo produto, muito potente, superou minhas expectativa.",Positivo
"fácil e pratico de usar, otimo preço e entrega da americanas !",Positivo
"PRODUTO MUITO BOM ,DENTRO DA EXPECTATIVA RECOMENDO",Neutro
"Produto realmente igual ao ofertado, excelente preço e qualidade",Positivo
"A cômoda não parede boa qualidade, é bonita, mas parece frágil.  Sua montagem é um pouco complicada, se você não tem nenhum conhecimento, vale muito a pena pagar algum montador.  Falam que é dupla face, mas é mentira.  Não recomendo, prevejo que irei me desfazer desse produto em menos de 2 anos.  Espero estar enganada.",Neutro
"Comprei para minha filha que vai morar sozinha. Pra ela está ótimo devido ao preço, mas não é de primeira linha.",Neutro
"Gostei do produto. porém ainda não avaliei por completo, uso apenas para ligar e receber.",Neutro
"Tive a infelicidade da entrega ter atrasado em mais de uma semana, mas o aparelho atende as expectativas. Um aparelho bonito, rápido, faz fotos de qualidade e tem boa autonomia de bateria. Recomendo o produto.",Neutro
Sempre comprei estas cuecas p meu marido. A qualidade caiu . Acho que foi para chegar no preço mais barato. O elastico é frouxo. Pena que esta marca esteja se preocupando com preço e caindo a qualidade. Perdeu uma cliente. Nao recomendo que comprem .,Negativo
"O produto é bonito, porém chegou com defeito (espelho e vidro quebrado), faz quase um mês e até agora ninguém resolveu o problema. Enviei pedido de ajuda através do site, mas já passou muito do prazo de 48h para o vendedor entrar em contato e nada ainda.",Negativo
"Produto muito bonito,ótimo custo,chamas fortes,forno muito bom !!!",Neutro
Iniciei o tratamento porem foi interrompido devido a demora para recerber o produto,Neutro
"Muito mais bonito ao vivo do que no site, sem falar da entrega que foi muito rápido. Simplesmente lindo, EU RECOMENDO ESSE PRODUTO.",Positivo
"É uma planetária simples e pequena. Mas atende bem às necessidades diárias. Não tem a mesma performance das mais caras e maiores, mas é muito melhor que uma batedeira comum. Vale a pena.",Neutro
Não comprem pessoal comprei a minha aqui e não presta  Não chega no prazo o prazo era de 12 dias chegou com 28 dias  Tive que ir lá nas Americanas reclamar  Não tem uma qualidade boa quer dizer é muito ruim  Querem um conselho não comprem essa câmera ela no presta,Negativo
"Chegou antes do prazo, produto muito bom e ainda mandou um brinde!!!",Positivo
"Escelente produto .O copo do tamanho ideal, não muito grande ,nem muito pequeno,o botão para prender e soltar o copo é super pratico, e a entrega foi rápida também.Super recomendo.",Positivo
"Gostei bastante do produto, recebi antes do prazo máximo.  Produto de boa qualidade. Me surpreendeu!",Positivo
Como compro um produto em que o frete sai 4x mais caro q o mesmo?,Negativo
Eu na verdade gostaria de saber de vcs que compraram ou do vendedor se a bateria é Sansung. Obrigada!,Neutro
"Adorei a maquina, ela é fácil e muito prática para manuseio. Tô adorando costurar novamente.",Positivo
O produto da imagem possui o bluetooth no F3 e o teclado que chegou possui o WIFI no F3,Neutro
Comprei para minha filha ela tinha um que estragou após vários anos de uso. Comprei novamente por ser um excelente produto.,Positivo
"Gostei, mas comprei achando que esse perfume se parecesse com o lá vie est belle, não achei nada similar",Neutro
Atendeu minhas expectativas!!!!  Eu recomendaria o produto com toda certeza!!!!,Positivo
Varinha muito bem acabada e resistente! A caixinha do Harry Potter que acompanha torna a ambientalização bem legal!,Positivo
"Acho q vcs tem q vender, mas ter o produto disponível para entregar. Pois até o momento não tive o prazer de receber o meu. Não pretendo mais comprar de vcs.",Negativo
"Como o aparelho é para uma pessoa iniciante com os smartphones, atende, mas é um aparelho muito limitado. Um dos principais problemas é não ter sensor de proximidade.",Neutro
"""Quando a esmola é demais o Santo desconfia.""  Trata-se de uma mochila do tamanho de uma lancheira infantil. Ela é econômica no tamanho.   Desaprovo veementemente.  Me senti enganado.",Negativo
Atendeu plenamente a minha expectativa É chegou dentro do prazo,Positivo
"Nao comprei  o produto e provavelmente nao  compraria baseado nessas avaliaçoes,,,como pode alguem que nao comprou poder avaliar? Qual a confiabilidade das avaliaçoes?",Negativo
ainda não recebi o produto então não consigo avaliar,Negativo
"Ótimo custo beneficio! Somente uma observação, aparelho esquenta com muita facilidade, fazendo com que trave com uma certa frequência na utilização dos aplicativos. Tempo de entrega excelente, sempre antes do prazo estimado.",Neutro
"Não é o produto top, mas assiste as expectativas, tem boa memória interna e roda bem os aplicativos.",Neutro
"É o comum para uma panela de arroz, atende minhas necessidades para pequenas quantidades.",Neutro
"Gostei do produto em questão de acabamento, beleza e comodidade, mas faz mais barulho do que o outro que tenho.",Neutro
"Ótimo  produto,além  de ter um design  lindo!Estou satisfeita ,com a entrega  e com o produto  super indico.",Positivo
Realmente é um aparelho de muita qualidade. Comprei para minha irmã. Ela adorou o produto. Brevemente vou comprar um outro. Dessa vez pra mim.,Positivo
"Produto de design bonito,confortável e leve, se adequa perfeitamente,permitindo um ótimo conforto para os pés",Neutro
"O celular é lindo, não trava, a câmera é muito boa e a entrega foi super rápida",Positivo
Preço com 50% de desconto.  Mais qusando clico vai pra outro aparelho.,Negativo
"Gostei muito do LG G6, já tive outros dois da linha G, o G2 e o G4...mas achei o design deste muito bonito, top de linha!  Apenas achei que esquenta muito rápido quando jogo os jogos um pouco mais pesados, não trava, nem nada, mas achei que esquenta mais rápido em relação ao G4,  De resto achei o celular muito bom!",Positivo
"Quero deixar claro que o produto da Motorola é excelente!  Porém, deixo como aviso para que tenham cuidado em comprar produtos na Americanas. Comprei este celular de presente para meu pai, porém além da demora na entrega (pois paguei expressa e levou 4 dias), eles me entregaram uma caixa COM UMA BOLACHA PASSA TEMPO NO LUGAR DO CELULAR. Tive que abrir reclamação no PROCON e no RECLAME AQUI para conseguir o envio do produto que eu paguei - com mais demora e atraso para que eu pudesse presenteá-lo.  PÉSSIMA EXPERIÊNCIA.",Neutro
Eficiente e suave  Fácil utilização Preço razoável Recomendaria para iniciantes,Neutro
Mais quando quando se vai na descrição do produto diz outra outra coisa - Cozinha Compacta 3 Peças ??? Que propaganda é essa? Afinal o produto vem com 5 Peças ou 3 peças ? Aguardo a resposta!,Neutro
Se não fosse o bico estourado com certeza seria um ótimo produto. Recomendo estando em ótimo estado.,Negativo
"Produto entregue com rapidez e funcionando adequadamente. Ele parece um grande celular, pois faz ligações. Porém a qualidade da tela é evidentemente inferior, além do baixo espaço de memória, que não resolve ao se colocar um cartão extra (programas e aplicativos são instalados obrigatoriamente na memória do tablet). Tive que apagar alguns aplicativos para colocar outros mais pesados. Por valor, ele compensa, mas recomendo avaliar se precisará de algo que comporte mutios aplicativos, caso sim, não é boa indicação.",Neutro
"mais poderia ter uma manual em português, e mais simples de configurar",Neutro
Produto veio todo danificado e deu muito trabalho para conseguir contato pois a americanas não possui uma possa para falar com um atendente todas as pssoes dão errado o contato e preciso muita sorte e muita fentativa levando até duas horas de tentativas a única opção que funciona e para falar com vendedores ...dai eles transfere a ligação e a partir daí não funciona mais,Negativo
"Não recomendo, comprei e não recebi a mercadoria. Não posso avaliar o produto.",Negativo
"Gostei muito do produto, chegaram antes do prazo, porém, achei o frete muito caro.",Neutro
"Bonito! Mas não tem tampa, os temperos podem perder o cheiro.",Neutro
"Oi fornecedor por favor tire essa duvido quero comprar o produto, mas preciso saber se  essa cama separa porque aonde eu moro tem uma escada e não sobe se for inteira preciso que seja separada aguardo uma resposta para adquirir  Desde já agradeço",Neutro
Boa tarde! Vcs me desculpem mas como eu vou avaliar um produto se eu ainda nem recebi???,Negativo
"excelente qualidade, otima velocidade, correspondeu acima das minhas expectativas. fiquei muito satisfeita com minha compra e ainda chegou antes do prazo previsto da entrega.",Positivo
Comprei pra minha filha de natal a bateria veio viciada trava toda hora produto muito péssimo não recomendo ...se pudesse devolveria queria dinheiro de volta.,Negativo
E´um smartphone parece bom. ainda é cedo pra fazer uma avaliação melhor. Mais de imediato párece ter bom funcionamento.,Neutro
vem com a chave para abri a gaveta do chip?  ainda tem em estoque?,Neutro
Excelente  produto  Podem comprar sim muita praticidade  marravilhoso,Positivo
gostei muito e a entrega ante do prazo combinado muito bom,Positivo
"Não compre esse produto, fiz a compra no dia 26/02/18 e até agora não recebi o produto, um desrespeito sem tamanho com o consumidor, NÃO COMPRE ESSE CONTROLE!!!!",Negativo
"Bonito, Igual a foto, e chegou muito rápido e a compra do muito simples, adoro minhas compra na americana.",Neutro
"Não liga, fica somente na tela do Android! Não para de iniciar. Não consegui ligar na área de trabalho.",Negativo
"O aparelho é ótimo,  atende as expectativas,  A entrega foi super rápida, chegou antes do prazo.",Positivo
Muito bom eu recomendo. Produto muito bom e atendimento otimo.,Positivo
"Bom dia, gostaria que vcs me respondesem, como avalio um produto que só vi por foto e ainda não recebi???? Obrigado",Negativo
"Pois é, o Kit é super bom. A capinha tem uma material bom e fica muito bonito com o Design do produto. A película de vidro tem a medida certinha do aparelho.  Porém o kit de limpeza não veio junto da minha encomenda, por causa disso (e da minha pouca experiência com o produto) acabei perdendo a película de vidro.   A data de entrega é bem grande, mas foi entregue 1 semana antes do planejado!  Gostei bastante!",Neutro
"É um produto que atende e cumpre seu objetivo. Eu ainda não o coloquei na parede, mas tenho certeza que irá funcionar perfeitamente.",Neutro
"O tablet te qualidade boa, porém o meu veio com linhas coloridas na tela. Enviei para a Multilaser e estou aguardando retorno",Neutro
"São fatos históricos  , tem conteúdo  , gostei ! O escritor soube tratar do assunto , sem ser cansativo , vitimista  ,narrou a historia de a forma cativante ! Sem contudo , deixar a verdade do horror Nazista , ficar menos ruim ! Ele , soube como contar os Fatos ... O HORROR , de se ter UMA RAÇA PURA  ......( obs..) MINHA HUMILDE OPINIÃO , contra essa idiotice sem tamanho ...., tem que haver misturas e misturas , senão A RAÇA PURA PERECE ...frágil em seu pobre DNA ....seja ela Nórdica , Africana ou Oriental ...só minha opinião , sem aval de conhecimento científico  !",Neutro
"Recomendo a todos! Um maravilhoso produto, rápido, prático e super bonito. A entrega foi super rápida e todos acham lindo e com razão. Podem comprar sem sombra de dúvidas, é um excelente notebook, estou imensamente satisfeita!",Positivo
"Produto é  muito bom mas tem um custo bem alto. Utilizo constantemente não só para o rosto, mas até mesmo para as costas.",Neutro
"Muito barulhenta, suja mais do que limpa, joguei dinheiro fora, não indico para ninguém. Detestei !!!",Negativo
"Parecia ótimo  só que o meu não está funcionando a entrada do fone de ouvidos, e veio com um arranhado grande na parte traseira, até a caixa veio rasgada. Parece que é  usado! Estou decepcionada. Espero que devolvam meu dinheiro.",Negativo
Excelente celular parece o iPhone amei muito bom mesmo,Positivo
"meu módulo parou de funcionar com menos de 2 meses de uso, quero saber como faço para acionar a garantia?",Negativo
"A gente perde tempo escolhendo o modelo e a cor, deixa de comprar na nossa cidade que é a pronta entrega... e recebo um jogo da marca Antares, modelo diferente! E eu não tenho como esperar mais quase 30 dias, fora o tempo para recolher a errada. Para receber o pagamento nunca ocorre problema, a metodologia não falha!",Negativo
"A Asus tem os melhores celulares. Ele é muito bonito, e a bateria dura dois dias. A entrega da Americanas, muito rapida.",Positivo
"Americanas deveria rever essa empresa que faz as entregas para ela, essa terceirizada relaxada, sem profissionalismo nenhum, 3 semanas pra entregar um jogo, o entregador ainda te trata mal e carrega de qualquer jeito o produto. Decepção !",Negativo
"Solicitei um produto conforme foto e medida, me enviaram modelo diferente e medidas diferente no qual não serve em minha residencia. Não me deixaram nada na entrega do produto, NF ou outro tipo de documento especificando o produto entregue, não consigo emitir a nota fiscal na receita porque não veio a chave para emissão.",Negativo
Não tenho como avaliar um produto q não foi entregue,Negativo
Olá   Já comprei muito da Americanas mas perdi meu dinheiro nesta compra. Todos os produtos que comprei estavam estragados desculpe Americanas mas esta parceria de vcs com esta empresa e problema. Fiz reclamação com eles mas não responderam. Onde eu ver este nome COMBINADO corro deles. Atenciosamente Klaus Erich,Negativo
"Material um pouco fraco. Aguentou a ida e volta em mala despachada, mas parece que vai rasgar logo.",Negativo
"comprei, confiei, primeira vez que caiu no chão, quebrou minha tela, vou devolver o produto, samsung decepcionou dessa vez... Para ter segurança tem que ter protetor de tela.",Negativo
"Gostei do produto,é bom,e tem qualidades,é um produto que vale o preço.",Neutro
"Produto de primeira qualidade, fiquei muito satisfeito com o mesmo",Positivo
Chegou antes do prazo. Ótimo produto e preço. Valeu a pena comprar pelo site.,Positivo
o tamanho das palhetas são pequenos e não passam por todo o espaço do vidro que deveriam limpar,Positivo
"Chegou super rápido, o produto de extrema qualidade. O feno bem verde e fresco. O melhor que já encontrei.",Positivo
"É tão ruim que nem a Americanas quis de volta. Comprei um, no mesmo dia quebrou o encaixe da parte das lâminas. Reclamei com a Americanas e me mandaram outro, não quiseram nem o produto avariado de volta. O 2o durou mais tempo, mas com 2 anos de uso quebrou a parte de costeletas e quebrou o mesma peça do outro. Tenho duas porcarias de barbeador que não valem nem por uma . Fora que o barbear dele é péssimo. Não comprem essa joça, não vale a pena! Pague um pouco mais por qualidade e compre um Philips, marca referência em barbadores elétricos.",Negativo
"Produto excelente atendeu minhas expectativas ,americanas de parabéns produto chegou bem antes do prazo......",Neutro
Adorei a máquina é de ótima qualidade e chegou antes do previsto. Recomendo o produto.,Positivo
"Ele lava louça, roupa, passa, cozinha, faz faxina pesada e manutenção na casa.",Positivo
"Estou terrivelmente arrependida da compra, guarda roupa chegou antes do prazo, porém veio faltando várias peças, não veio nenhum parafuso nem manual de montagem, nada um absurdo, daí vc entra em contato com a loja, eles querem que vc gaste dinheiro pra embalar de volta o guarda roupa igual veio, se vc não abrisse como saberia que não veio as madeiras nem os parafusos, um absurdo estou procurando meus direitos junto ao Procon, não recomendo jamais, muita dor de cabeça, pra comprar super rápido mas quando é pra resolver um problema só Deus......",Negativo
Ainda não recebi o produto. Estou tentando cancelar desde 17/04 e também não consigo. Esse site está uma completa esculhambação. Vou ter que entrar com uma ação para resolver meu problema.,Negativo
"O produto é excelente, de ótima qualidade e bonito, super recomendo!!!!",Positivo
O produto veio com defeito Fgyujhfdjkmbcxbkjgxvfgiudcbnvxcvg bhfdddfcgn nnhffff bbgggggt bhfdssdf hgsdhjhvvh jgccxfghk ngxgiyb,Negativo
"produto dentro do padrão,  entregue antes do prazo previsto em ótimas condições.",Positivo
Ainda não recebi minha mercadoria   porque tanta demora?,Negativo
"Fiquei chateada porque não veio a mochila para carregar o produto, mando e-mail e ninguém me responde. Vocês deveriam da uma satisfação ao menos. Porque o valor total já foi pago. E como a criança faz o deslocamento sem a mochila? O aparelho é bem pesado.",Neutro
"Ele além de vim sem a fita de aro, o pedal veio torto e a marcha não consigo passar da 2 na coroa grande que ja fica fazendo barulho terrivel, a loja que montou pra mim me avisou desses conceitos",Negativo
"Bela mochila , com bastante compartimentos e bem resistente . É a segunda da Portare q adquiro .",Neutro
"Realizei o pedido em 19 de fevereiro de 2018, ate o momento não recebi o produto, em razao do mesmo estar retido por falta de pagamento de imposto! Isso é um absurdo!! Estou aguardando uma solução !!",Negativo
ja possuir varias bicicletas monark por isso dou minha opiniao.,Neutro
O produto recebido foi totalmente diferente do anunciado. Ao invés de azul e preto recebi um hoverboard azul com apoio de pé vermelho. Horrível. Total descaso com os clientes.,Negativo
"está demorando, até hj n chegou, essa transportadora direct n é boa",Negativo
a maquina muita boa forte a unica coisa a reclamar é que ela vem desmontada ai tem k montar pra quem não tem um conhecimento vai sofrer bastante .,Positivo
gostei  linda  chegou rapido  eu  recomendo  linda perfeita,Positivo
"ATENDE MUITO BEM , UM OTIMO DESEMPENHO BOA MEMORIA",Neutro
"Produto melhor que já usei. a cobertura do sistema de navegação, faz a diferença.",Positivo
Uso esse gravador profissionalmente para gravar minhas entrevistas e simplesmente foi o melhor custo x benefício que encontrei até hoje. Excelente qualidade por um escelente preço.,Positivo
"JÁ É O SEGUNDO PRODUTO NESTE MÊS EM QUE ESTÃO SOLICITANDO AVALIAÇÃO SEM EFETUAR A ENTREGA, CREIO QUE DEVEM REDISCUTIR SEUS METODOS DE TRANSPORTE!",Negativo
O furo da manopla e maior que o eicho a gaveta também e menor que o rasgo a manopla não se encaixa fica saindo na mão não tem condição de uso não recomendo para ningem.,Negativo
"Tv com boa qualidade de imagem, porém poderia ser mais fácil o acesso as configurações,  pois muda automaticamente algumas.",Neutro
"Imagem sensacional, pra quem gosta de games excelente!",Positivo
O produto tem excelente acabamento é resistente para cozinha.É ótimo para fazer um macarrão caseiro super rápido me surpreendeu amei super recomendo!!!!,Positivo
"Chegou rápido mas pena que não pode usar os dois Chips e o cartão de memória junto. Se você abre uma página, não tem como voltar a anterior, daí precisa fechar a página e abrir novamente.",Negativo
Boa leitura de muito envolvimento espiritual. o Autor consegue nos envolver com sua narrativa e transmite força e perseverança.,Positivo
"bom produto, porem as tampas não fecham bem por isso não voltarei a comprar desta marca",Neutro
Preciso ver como que faço para trocar o preto está com defeito o colorido está funcionando .,Negativo
"Comprei o meu e no ato da instalação estava dando choque na carcaça, com 18 dias de instalado deu curto circuito na placa da condessadora, e custa R$900,00 so a placa, agora vou comprar outro aparelho para repor a placa do que deu defeito ate conseguir recuperar a placa. Nem adiantou acionar a garantia pois disseram que nao cobre, e o técnico ao verificar encontrou uma fiação da placa em curto com cano de gas do compressor( Falha de Montagem em fabrica) quando estava funcionando era um ótimo aparelho, esfria rápido e silencioso, acho que foi falta de sorte, vou arriscar de novo para ver se dou mais sorte. Outro detalhe, é uma tecnologia nova e tem pouquíssimo técnico que conheça.",Negativo
Gostei bastante chegou antes do esperado recomendo.,Positivo
"Não indico esse mm modelo pra ninguém  comprar o meu ta dando muita dor de cabeça ,foi trocado e continua com os mesmos problemas trava muito a tela fica preta , até a foto de papel de parede quando trava ele consegue  excluir só decepção ,pois sou cliente da Asus um bom tempo ,mais esse modelo deixou a desejar",Negativo
"Produto de excelente qualidade, silencioso, compraria outros sem sombra de dúvidas !",Positivo
Porem as fitas  dupla face que vem nele poderiam ser melhores .....nao aderem muito tive que trocar,Neutro
"Chocottone Bauducco é o melhor ....entrega super rapida ,, eu recomendo , o produto e as lojas americanas .......",Positivo
Não sei se vou comprar pois não sei se é para desbloqueado ou bloqueado,Neutro
"Produto cumpre o que promete. Ótimo para fazer sucos. Mas dependendo da fruta, a quantidade de suco não é tão grande se comparada com o liquidificador (já que nesse adicionamos água). Um pouco trabalhoso para lavar, pois são muitas peças. Mas no geral, é um bom produto e está sendo bem útil.",Positivo
"comprei não faz nem 5 dias, não consegui instalar o jogo a tela ficava preta no meio da instalação e não voltava. vou rapidamente devolver. R$ 100 jogados no lixo",Negativo
"Não fiquei bem satisfeita,pois houve erro na data da entrega, não houve comunicação,fiquei sem saber se o pedido vinha ou não,mas recebi o produto.",Neutro
"Fiz a compra dia 31/01/18 a compra deveria ter chegado dia 05/04 e até agora não chegou, eu mandei mensagem e não me retornaram.. isso é um descaso, pois já paguei duas parcelas e ainda não tenho o produto. Não recomendo",Negativo
"Comprei esse tablet para minha afilhada de 10 anos, o aparelho sem nada do jeito que veio de fabrica não roda nada, funcionou menos de uma semana e apagou, fiz o resete e depois de  dois dias ele ficou do mesmo jeito e agora não da pra ficar fazendo resente de dois em dois dias, fiquei frustada e a criança mais ainda, pois era o sonho dela. Tenho a pior experiencia da vida com esse modelo e essa marca. E quando a loja americanas que me vendeu só faz troca no prazo de 3 dias, autorizada não tem no Maranhão. Lamentavél. A criança não passou nem 4 dias direito utilizando o presente.",Negativo
"Produto vem com medidas erradas, e peças ameaçadas, pontas das madeiras todas batidas",Negativo
"Produto bem pratico, só deveria ter controle remoto",Positivo
"Com pilhas novas, fiz varios testes, fica ligado por 20 segundos e delisga sozinho.",Negativo
Gostaria de trocar o livro pois recebi o livro de professor e quero o livro do aluno como faço para trocar o produto,Negativo
"Com poucos dias de uso ja deu defeito!!! Não serve para jogar, Propaganda Enganosa! Não comprem! Estou  brigando com as Americanas.com para tentar resolver meu problema! pesquisem no Reclame Aqui!",Negativo
o controle comprado está dentro das expectativas que eu esperava.,Neutro
Vai fazer um mês que comprei o livro q deve ser bom mas infelizmente ainda não o recebi. Entrega não confiável!,Negativo
Comprei o produto para dar de presente e veio sem caixa e sem manual. Apenas enrolado em um papel pardo. Já abri varias reclamações e não tenho retorno. A americanas informa que o parceiro não deu resposta a solicitação. Mas sendo vendido como parceiro do site americanas acredito que a Americanas deveria se responsabilizar pelo atendimento prestado. Não tive coragem de dar o presente e estou como relógio. Ah detalhe minha reclamação foi aberta antes do prazo de cancelamento de 7 dias. Que agora já passou faz tempo,Negativo
"vendi minha casa e comprei uma, aperta um tubo como nunca vi antes..... perfeita...",Positivo
Produto descartável veio com defeito. De péssima qualidade.,Negativo
Produto chegou rápido e funciona esperado. Obrigado.,Positivo
"Poucas opções de configurações de áudio, botões com pouca sensibilidade o que prejudica a usabilidade. Microfone para chamadas via bluetooth muito ruim com bastante ruído.",Neutro
O produto é de ótima qualidade e gostei bastante da rapidez na entrega,Positivo
Achei fraco de mais o processador. Para espremer laranja então pior ainda. Se fosse comprar outro com certeza não compraria com 650 W. Não posso reclamar das peças mas o motor como disse é fraco de mais.,Negativo
O volume é muito baixo e falha com freqüência! Dá pra suprir algumas necessidades porém não correspondeu às espectativas.,Negativo
"Eu já conhecia o produto, e este que adquiri é dos melhores",Positivo
"Otimo produto , bem feito, o único problema foi o atraso",Positivo
"Comprei esse motor e adaptei nas vassoura elétrica. A patroa adorou (e eu também). Ligou o bicho, saiu voando por aí e até hj não voltou.",Positivo
otimo mais deveria ser bivolt mais nada a acressentar,Neutro
"Fiquei satisfeita com a aquisição. A entrega foi rápida. A bolsa é grande, espaçosa e elegante.",Positivo
Apesar de ter chegado toda arranhada é um bom produto.,Neutro
Satisfeita com entrega e com o produto ! Americanas site seguro .,Positivo
"material ruim, e o acabamento também. não vale a pena.",Negativo
"Não funciona. Não vale nada, comprei e fui fazer teste mas nunca funcionou. O produto e lixo. Não sei como até hj vendem ou fabricam esse produto.",Negativo
bom dia  não gostei pois paguei muito caro por 2 suportes a foto ilustrativa eo conjunto veio so os aros  não gostei 000 quero trocar por algo de meu interesse,Negativo
Eu amei a penteadeira.  Fiquei meses procurando algo do tipo e so achava com preços absurdos. Essa eu super recomendo .,Positivo
Era a melhor agora a americanas tá complicada as entregas.,Positivo
"Recebem mas não entregam  ""A sua avaliação pode ser publicada em nossos sites e ajudará outras pessoas na escolha de seus produtos.""",Negativo
Não tem como usar o filtro pois ele eh mole e não encaixa. Por isso pedi para devolver e até agora não me deram retorno. Estou muito insatisfeita com essa demora. Aguardo retorno urgente.,Negativo
Ainda não posso fazer nem uma avaliação sobre o produto por que ainda não chegou na minha residência.,Negativo
ESTOU  PRECISANDO DO CELULAR URGENTE PRA TRABALHO E NADA DE CHEGAR. AMERICANAS JA TEVE PRAZO DE ENTREGA MELHOR!!.,Negativo
"Gostei muito do produto, pois é Macio e confortável",Neutro
"Produto fácil de usar, simples, sem complicação. Ótimo para utilizar no dia a dia.",Neutro
bom dia ainda não recebi este produto  estou no aguardo de uma resposta de vocês   já comuniquei  continuo aguardando,Neutro
"Conferi a pesagem quando chegou e deu certinho, depois disso já usei para fazer uma receita e deu tudo certo. É mais bonita do que parece também.",Neutro
"O produto é aceitável dentro do preço pago, q foi relativamente barato. Mas existem outros de melhor qualidad no mercado, inclusive uma parte do tecido rasgou logo no primeiro uso.",Neutro
N foi este produto q eu comprei  Já mandei vários e mails falando isso  Quero meu dinheiro de volta  Preciso saber como devo fazer p devolver está e receber meu dinheiro,Negativo
"Ótima qualidade, bateria durável, câmera excelente, bom armazenamento de dados.. Designe bonito! A lg sempre arrasa!",Positivo
"O valor é tentador mas as duas TV,s que comprei da phico deram problema deu uma macha na tela e outra tem um risco que divide a tela recomendo comprar com garantia de 24 meses porque vc vai precisar a cada conserto fica 3 meses na putorizada boa sorte a pessoas que compraram",Negativo
"É bem bom, cumpriu bem o que um cartão precisa fazer. Não corrompeu os arquivos até agora. Recomendo!",Positivo
Prático e eficiente! A limpeza fica mais fácil e rápida!,Positivo
Entrega rápida e informações precisas o que garantiu a satisfação de toda família.,Positivo
"Especificação não comporta notebook de 17,3 Polegadas, pois necessita de pelo menos 35 centímetros de largura",Neutro
Excelente produto e entrega perfeita realizada pela americanas.com.,Positivo
"Sempre usei, é um dos melhores q existe, pena ser tao caro.",Positivo
"Infelizmente não posso avaliar o produto que não tenho. Foi o primeiro produto que deu problema e agora está sendo o único sem solução. Foi uma bagunça no pedido inteiro, recebi apenas dois dos produtos, um deles foi estornado agora e esse desde o ano passado ainda não foi estornado. Fico no aguardo de uma solução. Grato.",Negativo
"Muito mais do que esperava,sem contar o custo beneficio, vale muito a pena. A bateria dura bastante. Feliz com a aquisição.",Positivo
"Acho que vocês estão de sacanagem, fiz a compra em 29/01/2018 com a programada para 14/02/2018. Hoje são 01/03/2018 e até agora nada de impressora e já paguei a primeira parcela. Peço a vocês que me orientem como fazer para cancelar a compra que não recebi e estorno da parcela paga e cancelamento da suposta compra.",Neutro
O produto veio estragado e vcs nao resolveram eu tô esperando vcs buscarem eu tô insatisfeita .,Negativo
"Quem fez sequer se deu ao cuidado de colocar um número de CNPJ com todos os dígitos na embalagem, puro açúcar, pelo preço teria comprado de marca confiável se tivesse procurado melhor antes, gosto horrível, só mostram a embalagem na parte que tá escrito em inglês, mas dos outros lados tá em português, não é nada importado, fabricante não tem site, produto péssimo, não recomendo, me arrependo muito de ter comprado.",Negativo
Precisa ter alguém para montar pois não tenho quem monte.,Neutro
"Parabéns pra Americanas! Entregou bem antes do prazo, recebi o produto que foi muito bem embalado. Ótimo smartphone, ótimo acabamento, fotos perfeitas, responde muito rápido. Um pouco pesado, mas nada que atrapalhe o manuseio.",Negativo
"Produto muito bom, educativo, recomendo.  Ótimo para crianças irem aprendendo o alfabeto.",Positivo
Escada excelente. E as lojas Americanas como sempre altz qualidade!,Positivo
Não recebi produto pedido e pago há mais de 45 dias.. Muito chateado,Negativo
Ele é muito prático. Lava realmente as roupas sem danificá-las.,Neutro
não  vale nada e perde seu dinheiro esquenta e para produto muito ruim comprei,Negativo
"produto bom, entregue dentro do prazo. pelo preço que paguei esperava receber um produto de qualidade inferior.",Neutro
"Amei além d ser maravilhoso,chegou adiantado .super recomendo o produto e a loja tb..superou minhas expectativas",Positivo
"Minha filha gostou, mas a durabilidade é muito pequena!",Neutro
Não tem como avaliar pois solicitei a devolução do meu dinheiro. Recusei receber o produto pois quero reembolso.,Negativo
A Coifa Electrolux Campana 60cm Bivolt Inox é um produto de qualidade excelente.,Positivo
"Chegou dentro do prazo de entrega, é um produto bem eficiente para sua capacidade, gostei.",Neutro
Produto foi adquirido devido à foto dar a entender q já era padrão novo de tomada e não vem com furacão central . Tendo que colocar um adaptador antes e quase inviabilizando seu local de instalação.,Negativo
"Recomendo o produto, ótima qualidade... A entrega demorou um pouco, mas ok.",Neutro
"Equipamento bom, com facilidade de operação e com qualidade de imagem. Um tanto fragil necessitando urgentemente de uma capa protetora que poderia ser ofertada juntamente com o aparelho.",Neutro
muito bom o produto chegou no tempo combinado eu recomendo,Neutro
"A propaganda diz ser inox mas, o recipiente inferior é de alumínio e apenas o revestimento do superior é inox. Se não for muito bem rosqueada, não funciona e, rosquear bem não é tão fácil, não serve para fazer muito pouco café, não funciona com pouca água, não funciona.",Neutro
muito bom. nada mais ???????????????????????????????????????????????????????????????????????????????????????????,Neutro
"Um relógio bem bacana para o dia a dia. Bonito, estiloso e de boa qualidade. Tamanho normal.",Positivo
Ótimo Produto! Imagem bem próxima da cor real. Recomendo.,Positivo
"Etiquetadora muito frágil. Não vem com nenhum manual de instruções - apenas algumas breves explicações em inglês na caixa (tive que procurar vídeos no YouTube). Difícil de mexer. Nem o site da Americanas nem a própria embalagem do produto indicam qual exatamente é o tipo da etiqueta que ele faz (eu precisava de uma coisa totalmente diferente). Achei que a Americanas.com tivesse um processo de qualidade mais rígido dos produtos que comercializa no site, pois este, infelizmente, é um produto de Camelô.",Negativo
"O celular é maravilhoso. A entrega foi em apenas 3 dias úteis! Adorei, muito profissionais no atendimento. Super recomendo.",Positivo
"Muito prático de usar, limpar e ocupa pouco espaço. Possui boa potência, bate vitaminas perfeitamente e bem rápido.",Positivo
"Fiz a comprar desse violão, pelo cartão de crédito dois dias depois veio a confirmação da comprar, quando chegou a fratura do cartão tinha feito a primeira parcela porém depois de alguns dias recebi um e-mail que não tinha mais o produto. Paguei sem ao menos saber se tinha o violão em estoque.",Negativo
Custo   benefício  dentro   da  normalidade...o  relógio   bom...obrinco  e gargantilha bem   básica.,Neutro
recomendo! só demorou um pouco para chegar por causa do black friday,Positivo
"Super recomendo, estimula a criação andar, super prático.",Positivo
Realmente parece bastante com a planta verdadeira dá pra enganar de longe.,Neutro
Gostei muito e recomendo tanto pelo preço como pela qualidade.,Positivo
"O produto só funcionou um dia!!! Depois não ligava, mais!!!",Negativo
Gostei presenteei minha secretaria ela adorou ótimo cel .,Positivo
chegou derramado .....................................................................................................................................................,Negativo
"Produto de boa qualidade, e a entrega foi super rápida.",Neutro
"Eu esperava mais da qualidade do material. Acabamento mal feito, furacões erradas.... Estou um pouco frustrada!!!!",Negativo
Protege bem xxxxxxxxxxxxxxxxxxxxxxxxxxxxxxxxxxxxxxxxxxxxxxxxxxxxdddddddddxxxxxxxxxxxxxxxxxxxxxxxxx,Neutro
"Gostei muito do produto, entrega feita antes do combinado muito bom parabéns.",Positivo
Livro completo com questões bem explicadas!  Recomendo!,Positivo
"O produto é bom, só demorou a ser entregue.  Mas foi entregue sem defeito.",Neutro
"Preço atrativo para quem procura um smartwatch com medição de pressão sanguínea com boa precisão, é ótimo. Não chama a atenção e possui todas as funções para prática esportiva e ainda marca horas. Já quem quer um que substitua o smatphone, há outras opções.",Positivo
"O produto chegou com pequenas avarias, provavelmente decorrente do transporte. Fiz contato com o vendedor que, de pronto se dispôs a substituir as peças danificadas. Recomendo.",Neutro
"Um bom livro, com informações interessantes, apesar da tradução sofrível. Conhecer a trajetória, os princípios e as estratégias dos grandes investidores sempre agrega bons conhecimentos mesmo que, obviamente, sua aplicação não esteja facilmente ao alcance do leitor/investidor comum. Destaque para os capítulos dedicados a Buffett e a Lynch. Bom também o capítulo sobre Soros, apesar das dificuldades do autor (e mais ainda do tradutor) em tentar explicar a teoria da reflexividade (que, realmente, não é das mais fáceis. de entender...).",Neutro
"Realizei a compra deste produto e ele não foi entregue, cancelaram meu pedido faltando 5 dias para acabar o prazo de entrega, que era de 30 dias, este era um presente de casamento e paguei à vista, agora estou sem o presente e sem tempo para comprar outro.",Negativo
"Produto chegou mto bem embalado, caixa discreta e dentro do prazo, mesmo c o carnaval atrapalhando... Kkkk... parabéns, Americanas!!",Positivo
O produto tem um formato totalmente diferente do apresentado na foto. O pescoço é junto com a parte do trapézio. A parte que deveria pegar o queixo e a boca fica pra frente e vc precisa empurrar com as mãos para entrar dentro do capacete. Não recomendo.,Negativo
"Ótimo produto, entrega antes do prazo, fiquei satisfeito, recomendo!!!",Positivo
"Comprei 2 desse conversor DTV-500 Aquario pela internet efetuei o pagamento tudo certinho a minha primeira decepção e q a entrega é feita pelos coreios e q nao entregaram na minha casa paguei pelo frete e tive q ir retirar nos correios e nao o mais próximo da minha casa mas um distante de onde moro tive q pagar condução  p ir buscalo  e a segunda decepção e q p minha surpresa nao veio o conversor q escolhi na minha compra veio um outro da mesma marca sendo DTV-700 não sei a diferenca entre o 500 e o 700 mas achei decepcionante isso o conversor q chegou e totalmente diferente do q eu escolhi o modelo as características são diferentes mas fazer oq né  por conta da nessecidade resolvi ficar com esse msm pq eu estava sem assistir tv a um belo tempo intao nao decedi fazer a devolução do produto somente por isso....  fica a dica ai para a loja q vendeu e entregou o produto ,mas atenção na hora de enviar os produtos para os clientes ok  lembrando q as lojas americanas nao tem nada a ver foi vendido e entregue pela loja parceira a mesma q entrega esse conversor aqui q é  o qual eu realmente queria.  é comercial thec se nao me engano",Negativo
"O relógio é uma bonita peça, retrata o que demonstra a propaganda. A espera fora mais longa que o esperado mas ao receber fiquei satisfeita!",Positivo
Arranhou o carro...causou estrago na saída do ar condicionado,Negativo
"Positivo - Simples, compacto, preço acessível, fácil de instalar... Negativo - escorrega, não é antiderrapante e aquece bastante.",Neutro
"Só pecou no tamanho da tigela, poderia ser um pouco maior para ganhar um( excelente.)",Positivo
"Já se passaram 30 dias desde a postagem (07/03) e ainda não recebi, nem ao menos uma satisfação!",Negativo
"O produto é bem simples, me arrependi de não ter comprado outro melhor, pois esse não mostra nem a porcentagem de carga e além de tudo, liga sozinho.",Neutro
Foto e descrição do produto não condizem com realidade. Anúncio: jogo de cama 4 pecas( 1 EDREDOM DUPLA FACE  - 2 fronhas -  1 lençol. Entregue: jogo de cama 4 peças ( 1 COBRE LEITO ( LENÇOL) FINO UNICA FACE - 2 fronhas - 1 lençol).,Negativo
"Vieram cores diferentes das anunciadas e o produto tem um cheiro de óleo difícil de sair, pois vem embaladas com um plástico. Mas no geral são boas pelo preço.",Neutro
"Os spots de jardim são bem acabados e todos funcionaram adequadamente. Resta saber se são duráveis, o preço tá ótimo!",Neutro
"Armário com ótima qualidade e acabamento, fácil de montar e super funcional.",Positivo
Muito bom eu recomendo.. Entrega rápida e bem satisfatória eu recomendo com na americanas,Positivo
Minha filha amou! Chegou certinho e no prazo correto.,Positivo
"A minha avaliação não e sobre o produto visto que até o momento não consegui usá-lo. Já enviei vários e-mails e até o momento não consegui solucioná-lo. Fiz um pedido com 03 itens e tive problemas em 02, lamentável. Não recomendo a compra!!!  Marisa",Negativo
"O produto veio com defeito, solicitei a substituição e novamente veio com defeito. Estou devolvendo e solicitando devolução do pagamento.",Negativo
o aparelho as vezes da uma bugada nao reconhece a digital as vezes e tbm apareceu problema ficava como se o fone de ouvido estivesse conectado sem estar mas depois voltou o normal ..,Negativo
"Instalei para substituição de HD existente que apresentou problema. O HD funcionou sem nenhum problema.Recomendo, produto original.",Neutro
Entrega rápida. Aparelho muito bom para pequenas limpezas e tirar o grosso de poeira. Tem que lembrar de tirar sempre o filtro pra limpar após o uso,Neutro
Levou um mês para conseguir ativar o Windows 10. A MICROSOFT acredita que não temos mais o que fazer da vida. Para um produto tão caro eles deveriam ter um pouco mais de respeito.,Negativo
"Camara super util , vigio meu Dog , e de quebra minha esposa kkkkk ótimo produto .",Positivo
Muito bom o produto é a entrega foi muito rápida. Chegou antes do previsto.,Positivo
"Impressão rápida,  não é a melhor q conheço, mas muito boa. Scanner fácil de usar, só não dá pra scannear livros",Neutro
"GOSTEI FUI USAR A PRIMEIRA VEZ O DENTE DA ESCOVA JÁ ENTORTOU, OLHA QUE MEU CABELO JÁ ESTAVA PENTEADO.",Neutro
gostei. só demorou a entrega. acho que deveria chegar mais rápido,Neutro
"Comprei produto de uma marca, entregaram de outra. A nota fiscal está em nome de terceiros e com o valor maior que eu paguei de fato!?!?",Negativo
Comprei com 4 meses de uso quebrou e o pior estou tentando entra em contatopra troca e não consigo perdi meu dinheiro infelizmente,Negativo
"Não é possível agendar a entrega, de modo que se vc trabalha fica difícil receber. O sofá vem sem os furos para instalar os pés. Não adianta arrancar o pano que cobre ele por baixo. Simplesmente ñ há furos e você terá que contratar alguém para parafusar os pés. Portanto sone mais uns 70 reais à compra. O sofá é de excelente qualidade. Gostei bastante dele. Mas um lado é bastante confortável, mas a parte que arreia tem a estrutura mais dura... embora seja macio por cima, mas é o suficiente para a pessoa poder se esticar. Dorme na parte melhor e estica braços e pernas para a parte de estrutura mais dura. Acredito que todo sofá cama seja assim mesmo...",Neutro
"Depois de 02 semanas de uso o produto começou a vazar água, fazer barulho diferente. Entramos em contato com as Lojas Americanas e ela passou o problema para outra empresa, Bistro Shop, a qual entrou em contato comigo para tentar resolver o problema.  Mas estou decepcionada com as Lojas Americanas pois comprei o produto no site das Lojas Americanas por ser uma empresa confiável, e, não consigo mais ser atendida por eles.",Negativo
"Entrega feita bem antes do prazo estipulado. Produto atendeu as minhas expectativas, nada sensacional, mas entrega o que promete.",Neutro
"Produto de péssima qualidade, e o carregador não vale 10 reais, vive dando problema e ainda quando você liga na garantia informam que se trata de um brinde e dessa forma não tem garantia, no entanto, em nenhum campo do certificado de garantia, se não quer dor de cabeça compre outro computador, uma porcaria de marca.",Negativo
"Bom produto, porem ainda não estou usando, somente fiz o teste para verificar o funcionamento, está funcionando perfeitamente",Neutro
"Não gostei do fixador desse perfume, é muito fraco, minha filha usava esse mesmo perfume, porém comprei em outra loja, e o fixador era excelente, durava o dia todo. Não compro mais nesta loja.",Negativo
"Já enviei para a americanas sobre o defeito, meu capacete não trava aberto com alguns meses, mas a alegação é de que são só 3 meses de garantia, isso que uso somente duas vezes ao dia  LAMENTAVEL",Negativo
"Estou tentando ligar o produto conforme manual de instruções e o mesmo não liga. Já chequei a voltagem, nível de água, tomadas, etc., mas o mesmo não liga.",Negativo
"Não gostei muito dos alto falantes. Achei fracos!  Deveriam ser melhores, de melhor qualidade; Poucos profissionais.",Neutro
"Chegou muito antes do prazo, sem defeitos e com uma qualidade ótima. Americanas e suas parceiras dando um show como sempre",Positivo
ESTOU MARAVILHADA COM MEU MOTO G5S É ÓTIMO CORRESPONDEU MINHA EXPECTATIVAS,Positivo
"O produto não foi entregue, por isso , solicitei o cancelamento.",Negativo
"Efetuei a compra de um tablet Samsung tab E ,e o recebi na Loja Fisica da rua do Ouvidor, 175, Rio de Janeiro no dia 06/03/2018. O aparelho aparentemente em perfeito estado, porém  vem apresentando travamentos, com desempenho  muito lento e reiniciando diversas vezes seguidas, mesmo sem aparentar aquecimento. Comprei pra uso na faculdade e já perdi trabalhos devido aparelho reiniciar  repentinamente. Aguardo contato visto que hoje é  o sétimo dia da retirada na loja.",Negativo
"Compraria de novo com certeza, maravilhoso, bem colorido e de fácil manuseio...Alguns reclamaram da capa, eu não achei a capa mole e nem ruim. Adorei e super recomendo.",Positivo
"Cama muito boa , porém na hora de deitar faz alguns barulhos que incomoda.",Neutro
Qualidade e prazo de entrega muito bom. Recomendo compras pelo site da Americanas.,Neutro
"Apenas testei o produto, foi para presente, não irei usá-lo, portanto não poderei opinar mais profundamente.",Positivo
"Ainda não recebi o produto que tinha como prazo de entrega dia 22/03/2018. Portanto minha avaliação vai para a loja, visto que não tenho como avaliar o produto.",Negativo
"Produto muito bom , bem gostoso e refrescante, indico vale apena comprar.",Positivo
O produto e bom pratico mas não gostei da entrega era pelo correio uma porcaria na proxima vez que eu ver o nome dessa loja pulo fora trabalha com os correio não da,Neutro
"eu comprei pela internet ,o prazo foi bem antes do esperado ,  gostei pelo preço , e a montagem foi meu marido e eu que montamos, não é tão difícil de montar, recomendo a todos.",Positivo
"Este producto foi cancelado, estou esperando o estorno do meu  dinheiro, seus Contato com cliente é horrivel, ate hoje Ninguem entrou em Contato comigo, Amanha entrarei em Contato com procon. Acho ate interesante esta forma de avaliacao que o cliente avalia o producto antes de receber.",Negativo
Chegou dentro do prazo.  E não deixa nada a desejar. Muito bom.,Positivo
"A Tampa dos dois potes maiores vieram amassadas, porém eu só fui abrir o produto depois de um certo período, onde constatei o problema, americanas precisa tomar maiores preucações a respeito do transporte.",Negativo
"Boa tarde, não tenho condições de avaliar esse produto e não aconselho ninguem a comprar no site americanas.com, pois fiz uma compra que foi entregue e confeccionado pelo parceiro PLACE DECOR 02 poltronas que quebrou os pes, e assim começou meu problema a americanas.com não resolve oo parceiro tmb não.enfim fiz a compra em setembro/2017 ate hoje 11/04/2018 sem solução. Decepcionada com a americanas.com pois comprei confiando nela pois sequer conhecia seu parceiro. Aviso, prestem atenção,para não se aborrecerem depois. Nilcea",Negativo
"É um tablet para crianças, porém nem os joguinhos que vêm nele você consegue jogar sem travar.Trava o tempo todo, desliga a tela sozinho e demora para religar, ou seja, dinheiro posto fora.",Negativo
"fiz a compra e não me entregaram. lojas americanas antes não tinha esse problemas mais agora esta horrivel, fiz a compra dia 05 e hj dia 26 não foi entregue, pior que tento ligar para falar com a loja e não consigo, esta horrivel a entrega.",Negativo
Produto original. Chegou dentro do prazo e muito bem embalado. Vendedor atencioso e correto.,Positivo
O produto se mostrava disponível e depois de ter sido comprado e pago mandaram e-mail falando que não tinham! Absurdo!,Negativo
"Comprei uma lava lava da Home play e veio uma máquina de lavar da baby Í Life mais barata. Até agora a empresa(cuba) que mandou o produto trocado ainda não entrou em contato, só a amaricanas mandou e-mail e até agora não enviaram nem um e-mail, nem troca do produto nem os acessórios que estão faltando. A americanas respondeu super rápido e atenciosos, já o parceiro até agora nada.",Neutro
"Geladeira compacta, muito potente! Entrega no prazo, atendimento excelente!",Positivo
"O Produto atende para um lugar pequeno e para quem não exige muita qualidade. Bem simples, atendeu a expectativa onde foi fixado. Ideal para quem não tem muitos utensílios.",Neutro
"eu ia comprar, domingo estava 369 reais segunda ia comcluir e imprimir o boleto ja tava 449 desisti da compra que vergonha uma coisa dessas",Negativo
Este celular tem á usabilidade muito ruim não foi desenvolvido pensando nas facilidades para o usuário o touch dele é muito lento demora muito para responder de resto está bom para o preço !,Negativo
"Os parceiros  das lojas americanas vendem e depois cancelam as compras!! Não tem para entregar, isto é picaretagem.",Negativo
"Produto excelente, super recomendo, não tenho do que reclamar. A entrega foi super rápida , menos de uma semana.",Positivo
Muito boa máquina recomendo a todos o produto de ótima qualidade.,Positivo
Bom gostei do produto chogou dentro do prazo obridago,Neutro
"Só pode ser sacanagem, não recebi o produto, abri reclamação, não obtive resposta me dizendo onde esta o produto, quando vai chegar, se vai chegar.. e vcs me pedem pra avaliar o mesmo?",Negativo
Um bom produto pra quem quer o bom e barato!Entrega rápida!Recomendo a todos!,Neutro
"O produto é bom,porém achei o vento relativamente fraco",Neutro
"Gosto muito do produto, excelente, já uso em meus cães",Positivo
"O produto em sí é bom , ótimo custo benefício,porém para minha surpresa ,não tem lugar para micro ondas , sorte que não havia comprado para este fim. Para terem uma idéia a altura desta parte para colocar o microondas eu coloquei minha sanduicheira.",Neutro
"Produto de péssima qualidade, não recomendo. Tecido ruim. Qualidade péssima do tecido",Negativo
"Bom Produto, mas pelas fotos parecia ser maior.Chegou no prazo!",Neutro
"A bomba que deveria jogar água não faz isso. Decepcionante!!!! Chegou no prazo, porém quebrado. Triste ver seu filho querer brincar e não conseguir.",Negativo
"Infelizmente os produtos de hoje em dia não refletem o que o consumidor espera ter em suas mãos. Beleza não é tudo. O produto é bem acabado, a potencia é boa, o espaço interno é bom porém não é robusto. As travas da porta são de plastico e sinto que podem quebrar com pouco esforço, o teclado que é manuseado constantemente é simplesmente ordinário. Seu acabamento é bonito, mas é só isso. Não passa de uma película plastica que certamente é mais fraca do que os modelos aplicados nas telas dos celulares para proteção. Requer muito cuidado no manuseio. Não esperem encontrar um produto no mesmo nível dos fabricados no passado por esta marca. Uma pena.",Neutro
É bem mais leve que o anterior que eu tinha da mesma marca. Gostei muito. Recomendo. Foi fácil de formatar para usar no Mac.,Positivo
"Adorei o produto, funciona perfeitamente, fico vendo minha casa o dia inteiro do trabalho. Só falta comprar um cartão de memória pra colocar nele e ficar gravando, pois se gravar na memória do celular ocupa muito espaço. De resto, nota 10!",Positivo
Achei demais na minha sala ficou a maravilhoso adorei muito,Positivo
Apesar da demora na entrega a princípio as cuecas sao muito boas,Positivo
"Falta de esclarecimento da entrega, não entendo qual a dificuldade de entrega.  Gostaria de esclarecimentos do prazo de entrega.",Negativo
não recebi o produto e recebi um e-mail dizendo que havia um cancelamento do pedido. gostaria muito de saber os motivos do cancelamento mesmo após a nota fiscal já ter sido emitida.,Negativo
Alcançou  mias espquitatava gostei muito  e bonito ficou muito bom no jardum de inverno valorizando muito,Neutro
"Uma porcaria! A imagem é enganosa, veio um controle que no primeiro uso apresentou falhas de comando, com o analógico direito ringindo, o direcional super sencivel pois ao clicar 1 vez para o lado o controle movimenta como se tivesse clicado 3 ou 4 vezes. E para piorar o SAC das americanas é incomunicável. Estou esperando um retorno deles...",Negativo
"Excelente produto e muita rapidez na entrega. Muito satisfeita, obrigada!",Positivo
Comprei a mais de 1 mês e até hoje não recebi o produto..,Negativo
Atendeu as espectativas. Demora uns dias para água ficar sem gosto devido a limpeza do filtro.,Positivo
Até agora não recebi a compra. como posso avaliar?,Negativo
"O aparelho funcionou  ok, sendo levado para um sitio, e funcionou bem, satisfazendo  a expectativa.",Neutro
"Ótimo custo benefício e a entrega como sempre, dentro do prazo! Recomendo o aparelho e a loja...",Neutro
"BOA TARDE, O MAQUINA DE CORTAR CABELO PELO PREÇO PAGO FOI BEM SATISFATÓRIO, SABEMOS QUE UMA PROFISSIONAL ESTÁ EM TORNO DE 400 REAIS APROXIMADAMENTE, ENTÃO ELA EM SI APESAR DOS PESARES SATISFAZ O PREÇO PAGO. JÁ OS ACESSÓRIOS COMO CORTADOR A PILHA É MUITO RUIM, JÁ ESTRAGOU NA PRIMEIRA VEZ QUE USEI. OS PENTES, E TESOURA PASSAM NO TESTE. RECOMENDO VENDER APENAS A MAQUINA PELO PREÇO DOS CONCORRENTES. QUE SAI POR 100 REAIS EM MÉDIA.  AGRADEÇO PELA PESQUISA SEMPRE DEI PREFERENCIA A VCS.",Neutro
"Cheio de imperfeições e o pior ... veio sem o espelho !! Não recomendo e nunca mais compro, se possível não deixo ninguém do meu círculo de amizade comprar !!",Negativo
"Entrega muito rápida. A câmera tem boa resolução, porém os controles de movimento muito lerdos, há muita lentidão com a conexão entre câmera e app. Não recomendo.",Negativo
Mesmo para profissionais tem boas dicas pra reflexão.,Neutro
"Gostei, só podia ser mais reforçado....  Pois como o objetivo é guardar brinquedos, poderia ter as laterais com material mais resistência,  Acredito que para roupas sujas seja melhor...",Neutro
"Excelente produto superou minha expectativa, já tive outras marcas e não atendia as minhas necessidades .",Positivo
"ACHEI O PRAZO DE ENTREGA MUITO LONGO ,PODERIA SER MAIS RAPIDO",Neutro
"Este é o terceiro Motorola da minha casa, por insistência do meu filho que gosta da navegação dele, mas todos os outros até agora, tiveram que ser trocados porque dão problema na bateria. O produto é bom, rápido com boa navegação, até que pare de carregar. Isso acontece com menos de.um ano.",Neutro
"Gostei muito, ótimo, atendeu as minhas expectativas",Positivo
Não recebi ainda.  Entregá está perdida nos Correios,Negativo
"Cabo extensivel não funciona, não tem uma maneira de fixar daí quando usamos ele encolhe. Muito ruim.",Negativo
"O celular é bom e recomendo. Gostei, custo benefício muito bom.",Neutro
"Não posso avaliar este produto, pois simplesmente acabo de abrir o pacote das americanas, com o produto alterado! Recebi panelas da tramontina, e esse ocorreu mesmo já havendo atraso grande na entrega! Estou decepcionada c a empresa q utiliza o portal das Americanas! Não recomento de jeito nenhum a EZCONET!",Negativo
Poderia ser mais completo e abordar outras matérias da Língua Portuguesa.,Negativo
Ótimo produto super recomendo...a entrega também rápido,Positivo
"Tem 12 velocidades, mais não bate uma massa de torta. Pode ser muito potente para liquidos, para massa não tem força.",Negativo
"Comprei essa impressora porque queria comodidade, facilidade e não abria mão de pouco espaço. Ela atendeu super bem as minhas necessidades e expectativas! Um ponto muito positivo na minha opinião é o fato dela ter Wi-fi e não precisar de fios (além do que vai na tomada), da para imprimir de qualquer lugar da casa, usando celular, tablet... E é muito linda por sinal, deixou minha mesa ainda mais bonita com esse designer diferente que a HP trouxe. A qualidade de impressão é muito boa, porém não espere resultados profissionais, para algo doméstico no uso do dia a dia (com trabalhos, boletos, fotos) ela se sai muito bem. Fica a dica dessa multifuncional para vocês!!!",Positivo
A câmera frontal deveria ser melhor é faltou o Flash nela também.,Neutro
So não gostei porque a capa não veio com tiras para fixa ela na picina,Neutro
no primeiro impacto sofrido o vidro da camera quebrou-se devido a saliencia desta no aparelho!,Neutro
"Chegou rápido antes do prazo dado,muito bom, valeu a pena fiz  uma ótima escolha.",Positivo
Produto de ótima qualidade com preço e frete de valor razoável,Positivo
"Produto bom e muito divertido. A caixa veio um pouco amassada, porém nada de mais. A entrega foi realizada conforme prazo previsto. Recomendo a compra.",Positivo
"Bastante potente, mas muito barulhento, mas resolve.",Positivo
"gostei ,o produto veio conforme anúncio s/ problemas.",Neutro
Tudo certo do pedido a entrega!!! Recomendo a compra a quem interessar!!!,Neutro
Alguém conseguiu configurar para a leitura de boletos bancários em geral? Me ajudem. Manual confuso e sem explicações.,Negativo
Produto péssimo. Não comprem. Muito barulhento e de péssimo manuseio. Já me cortei algumas vezes ao usá-lo.,Negativo
"baixe o frete quero comprar,,,  o frete e mais caro que a propria panela....gosto do frete da propria americanas e sempre compro... mais essa loja dessa panela, ta muito caro o frete..... baixe o frete pois vcs deixam de vender por causa desse frete alto......",Neutro
Produto regular - Luminosidade menor se comparado com outra marca - veio uma lâmpada com problema (esmaecendo toda hora).,Negativo
"Material ruim, Produto horrível, de péssima qualidade, Americanas penso que poderia avaliar melhor os produtos para ser vendido em seu site uma vez que é uma empresa que, tem um bom nome no mercado. Não recomendo este produto. só fiquei com este produto porque a Americanas ficou acertado que eu devolveria o produto e mandou uma transportadora pegar sem me avisar e sem protocolo sendo que já tive problemas com a própria Americanas com esta mesma transportadora, para receber o microondas que comprei na Americanas  e esta transportadora recolheu e disseram que nunca chegou no estoque deles, tive que entrar na justiça",Negativo
"FALTA COLOCAR AS MEDIDAS DO PRODUTO, MUITO ME INTERESSOU MAS NÃO DÁ PRA COMPRAR SEM SABER AS DIMENÇÕES",Negativo
Bom vendedor e bom produto... Gostei..................,Neutro
"Levíssima, super-profissional.  Super recomendo.Show. Amei.",Positivo
Não corta pelo algum. Uma porcaria. Dinheiro jogado no lixo.,Negativo
"Que bom que a Lojas Americanas me ressarciram em vale o que gastei. Na foto estão seringas com ponta que dá pra usar no snap fill mas o que foi enviado eram seringas sem ponta, impossíveis de utilizar no snapfill, nem a agulhas que vieram cabiam nas seringas entregues. E a terceirizada de voces ainda queria que eu devolvesse na embalagem original (sendo que vem tão lacrado que é impossível manter inteira a caixa de papelão e não tenho condições físicas de ir aos correios para devolver. Mas, agradeço o ressarcimento que já troquei por outros procutos. Nas lojas Americanas confio, já neste fornecedor terceirizado de voces, a Recartec Brasil, não compro mais nem amarrada pelo descaso que tiveram comigo (no pós atendimento de tentar adquirir o produto correto e eles satirizarem)",Negativo
"Produto fragil, decepciona pessoalmente, extremamente pequeno, essa foto que mostra a geladeira embaixo e sobrando espaço dos lados, e o maior abuso do fotoshop, nao compre dinheiro jogado fora .",Negativo
PRODUTO FALSO - JÁ COMUNICADO ANTERIORMENTE E SEM NENHUM RETORNO DAS LOJAS AMERICANAS,Negativo
"Produto de boa qualidade, um dos melhores do mercado,  boa relação custo beneficio. Entrega foi bem rápida, muito antes do prazo que foi programado. realmente o serviço de entrega é eficaz.",Neutro
Olha não recebi até agora meu produto vou entra com processo contra lojas americanas por danos morais,Negativo
"BOM TIVE O DESPRAZER DE COMPRAR ESSE PRODUTO FUI ENGANADO POR COMERCIAIS  , ELE ESQUENTA MUITO É BARULHENTO E A PISTOLA DE PINTURA É DE PESSIMA QUALIDADE , NAO JOGUEM SEU DINHEIRO NO LIXO NAO COMPREM ESSA COISA",Negativo
"Produto de péssima qualidade, o cabo esquenta, a leiteira é horrível, não gostei, não recomendo",Negativo
"A cortina é muito boa, porém tem vários defeitos no blackout. Mas pelo preço, vale a pena, escurece bem.",Negativo
Produto de boa qualidade e de fácil manuseio recomendo e mesmo,Positivo
"Produto está atendendo as expectativas, design dos riscos muito funcionais.",Positivo
FIZ A COMPRA DIA 05/12 E AINDA NAO RECEBI MEU PRODUTO !!,Negativo
Foi a única opção mais viável em questão de valor e benefícios.,Neutro
"Não comprem, é uma porcaria. Eu comprei, chegou uma bem parecida mas não era está daí, toda amassada riscada com os lacres rompidos, rasgados, vencimento do mês 9/2017 sendo que comprei 02/2018. Adiaram o prazo de entrega duas vezes.O cheiro de fonte queimada é imenso. Americanas enviou-me a minha pela empresa remetente MR MV INFORMÁTICA LTDA ME. Para os otimistas apenas digo ""ela ligou"" boa sorte.",Negativo
"Eu adorei, achei lindo! Exatamente como eu imaginei!",Positivo
"Entrega rápida, ótimo produto custo benefício, só um pouco barulhento",Neutro
Eu estou aprendendo a costurar e a máquina tem uma velocidade que é mais fácil de acompanhar qdo não se tem prática. Até o momento estou adorando!,Positivo
"Ótima tv, fácil instalação, porém, a qualidade de som deixa muito a desejar (pra não dizer, péssima). Acredito que essa tv foi feita para ser ligada em home teather ao invés de usar os alto-falantes originais.",Neutro
"Produto com defeito de fábrica. Atendimento ao cliente da POLAR eh um lixo. Disseram que não tinha o que fazer, a não ser devolver o produto.  Pior pôs venda que já vi na vida.",Negativo
"PRODUTO DE BOA QUALIDADE,SUPEROU MINHAS EXPECTATIVAS.",Neutro
"Porém, achei o painel muito frágil. Com uma semana de uso começou a apresentar falhas no teclado, as vezes o número 1 e 2 não funcionam.",Neutro
"A caixa veio toda amassada como se estivesse usado o produto, ficou muito chato pq eu comprei para um amigo, e ele disse: esse produto foi usado olha essa caixa como está, e como veio embalado a pessoa que recebeu não viu o estado da caixa.",Negativo
"Excelente custo benefício. É um dos melhores celulares neste quesito. Com relação a compra, foi tudo tranquilo, produto entregue dentro do prazo.",Positivo
"Este produto é excelente, tenho na minha casa e em nosso escritório. Recomendo!",Positivo
"O tapete veio com menos dez centimetros em cada lado, ao invés de 1x1,5, veio 0,9 x 1,4.",Neutro
"Produto de qualidade, leve, potente, prático e lindo. Adorei!",Positivo
"O equipamento parece ser bom esteticamente, mas na hora de colocar em ação deixa muito a desejar. Demora muito para fazer as fritadas e não consegue manter a temperatura. Se alguém esta procurando um equipamento para fazer bata frita com uma certa agilidade, sugiro q compre outro equipamento.Decepção.",Negativo
"Produto maravilhoso, recomendo. Deixa o cabelo com um brilho espetacular e muito leve e macio.",Positivo
"Mochila para Notebook até 15"" Smart Bag Preto - Multilaser",Negativo
Ótimo produto. Gostei muito!! Ótima qualidade. Atende todas as necessidade!!!!!!,Positivo
"Ótimo aparelho, Rapido, Câmeras de ótima Qualidade.... É lindo desig",Positivo
O produto e bom mas a demora foi grande mais de um mês pra entrega,Neutro
"O produto odiz que refresca, faz um pouco de frio no verão, mas não concordo",Negativo
"Muito bom! Tudo funciona bem e as peças são bem feitas com acabamento bom. E esteticamente ele é muito bonito, visual moderno, sem ser exagerado. O que combinou na minha cozinha com muitos objetos de madeira e objetos antigos. Eu temia a lamina de corte, pois em algumas marcas que já utilizei em outras cozinhas, quando processa ela desencaixa, mas esse foi uma maravilha! Pode triturar sem medo! Não desencaixa nada! E claro! De facil limpeza! Se vc nunca usar o lado verde da esponja, tera o acabamento do produto intacto por anos e a facilidade da limpeza por muito tempo! Adorei!",Positivo
Bom produto indicaria para outros amigos Bom produto indicaria para outros amigos,Positivo
"Chegou no prazo sem problemas, estou satisfeita com a compra.",Neutro
Muito bom produto. Chegou antes do prazo. Recomendo a todos a fazer negócios com esta loja.,Positivo
Bom Produto e so isso Bom Produto Bom Produto e so isso Bom Produto Bom Produto e so isso Bom Produto,Neutro
Pedi diversos relogios e as romns desse e diferentes das outras do msm modelo,Positivo
"Como vou avaliar se não recebi???? Quero saber o que está acontecendo, entrem em contato comigo urgente, por. favor",Negativo
"Excelente produto estou muito satisfeito........,,,,,,,,,,,,,,,,,,,,,,,,,,,,,.",Positivo
A lâmpada só funcionou nas primeiras 2 horas.Liguei para o parceiro que pediu para eu levar na agência dos Correios para efetuar a troca.Absurdo lâmpada de led sem garantia!! Não compro mais com este parceiro.Americanas .com trabalha com péssimos parceiros.Fiquem atentos!!!,Negativo
"Não sei se o conteúdo é tão bom, mas meu sobrinho ficou empolgado para ler",Neutro
por enquanto não deu problema nenhum. Esta imprimindo q é uma beleza. Nunca mais volto pras impressoras com cartucho!,Positivo
Nao recebi meu produto estou todo dia entrando em contato com a empresa e ela esta me enrolando....esto em vias de entrar no procom eu quero o recibo asssinado por mim por segundo vcs ele foi entregue np dia 15/03 euele nao foi entregue na minha residencia EU QUERO O RECIBO DE ENTREGA.J a entrei em contato com o cartao de credito para cancelar   aguardo providencias ..senao a coisa vai ficar preta,Negativo
"comprei em uma parceira da americanas, dia 18/12/2017, paguei dia 19/12/2017, confirmaram pagamento no mesmo dia, o vendedor enviou o código de rastreio, mas do brinde, estou aguardando meu produto até hoje, não comprem na americanas, não recebo produto, não recebo código de rastreio do meu produto, usam de má fé.",Negativo
Cor errada. Diferente da cor escolhida. Foi um presente. A pessoa não quis trocar.,Neutro
entrega no prazo com facio rastreamento do produto,Neutro
"Produto oferece uma leve vibração, ou seja, não ocasiona forte relaxamento, ou seja, apenas um pequeno alívio nas dores. Mesmo assim, não foi uma compra negativa.",Neutro
Comprei para presentear uma amiga e ela disse que gostou.,Neutro
"A poltrona é de qualidade, mas a cor da poltrona decepcionou. Ela tem um tipo de estampa e a cor está mais puxado para o bege/marrom. Não era o que eu estava procurando. Tive que solicitar a devolução do produto.",Neutro
Gostei muito do produto um produto com várias funções,Positivo
O produto atendeu minhas expectativas! A entrega atrasou um pouco!,Neutro
"A entrega foi super rápida estão de parabéns.E quando o prazo de entrga não estava de acordo com o que aparecia no momento da compra, entrei em contato e fui prontamente tendido. Precisava de um aparelho com android, então escolhi esse pelas configurações e pelo preço.  Não vem acompanhado de manual, se a pessoa não estiver acostumada, por dentro de tecnologia, vai aprender a mexer na ""raça"". O aparelho é grande, o tamanho da tela é bom.  A câmera não é boa, mas dá pra usar. Meu aparelho da samsung e microsft, têm câmeras inferiores, mas são melhores. Nsse, o zoom vai só até o 4.0. Acho que as câmeras não são de 16 e 8 MP, como anunciam. Como é novo ainda não deu tempo de saber se trava, até agora o processador é eficiente., mas esquentou bastante enquanto assistia uns vídeos. No ""windows phone"" nunca esquentou. Consta que é a memória é de 32GB, paguei mais caro por isso, mas no aparelho mostra que é 25GB, me senti lesado. Deveria ter pago mais barato por um de 16GB. Todos os volumes são muito baixos. Foi rápido para baixar e organizar os aplicativos. ** Pensando seriamente em devolver.",Neutro
"Na minha TV não funcionou direito, não pego a Globo e nem a Gazeta exatamente os  canais que costumo usar. Não digo que o problema é do aparelho mas está encostado não pude usa-lo, já que não pega os canais que eu queria.",Negativo
"Gostei muito desse filtro, produto de ótima qualidade, muito bem projetado, kits de instalação bem fabricados, manual explicativo e de fácil compreensão. Tamanho ideal para quem não tem muito espaço. Produto fácil de instalar.",Positivo
"Bem, não que não esteja de acordo com a imagem ilustrativa do produto, mas pessoalmente a bolsa não foi o que eu esperava, esteticamente falando. E a alça podia ser mais confortável, achei muito fina! No entanto, é um bom produto, cumpre o que promete. Resta saber se dura pelo menos 1 ano no meu cotidiano!",Neutro
"Material de baixa qualidade, nem parece ser original.",Negativo
aparelho muito bom e bateria muito boa também. vale apena otimo custo benefi,Neutro
"O produto atende ao que eu esperava e pretendia, recomendo.",Positivo
"O NOTEBOOK DEU PROBLEMAS COM POUCO DIAS DE USO, POIS O MESMO NAO FUNCIONA MAIS E TENHO QUE MANDAR PARA ASISTENCIA",Negativo
"Precisa ser atualizado junto a samsung, quando chega está muito lento. Mas para o dia-a-dia é bom.",Neutro
"Muito bom, ótimo jogo pra quem curte a saga da mortal Kombat.",Positivo
"Pelo valor atende o esperado, só a bateria do monitor não dura muito, ou seja, não dura para passar a noite, tem que ficar ligado na fonte para não apagar no meio da noite.",Neutro
"Boa noite, não ter montagem eu sabia, agora sem manual de instruções fica difícil! Poderia me passar o quanto antes para efetuar a montagem. Grato.",Neutro
"Produto simples, eficaz, cumpre o que promete, recomendo",Positivo
Produto excelente para relaxar os pés doidos . Relaxa e traz  bem estar.,Positivo
"O relogio é bom e muito lindo, pena a puseira, de couro, gastar muito rápido. :(",Positivo
"Este 8 item não chegou ate hoje.  Entrega 01		Vendido por RP PRINT e entregue por Americanas.com 	Cartucho De Toner Compatível Hp 83a Cf283a M125a M201 M225 M226 M202 M127fn M127fw Retech	 Qtd 2 Valor R$ 20,00 Inline image OWAPstImg184344	Toner para HP P1102W | M1132 | CE285A Específico Compatível	 Qtd 6 Valor R$ 18,99     Este 3 itens de baixo eu ja recebi. Esta ok 	Toner HP P1102 | CE285A | P1102W | M1212 | M1130 | M1132 | CE285 | 285A | 85A | Compatível	 Qtd 3 Valor R$ 19,90 Entrega 02		Vendido por RP PRINT e entregue por Americanas.com Prazo: 15 dias úteis após a confirmação do pagamento. Valor da(s) mercadorias(s): Valor do frete: Valor total a pagar: R$ 213,64 R$ 0,00 R$ 213,64",Negativo
Boa imagem...o controle q não ajuda a resposta é lenta o q dificulta a seleção dos aplicativos,Neutro
"comprei o celular a um mes atras ,a entrega era pra ser feita dia 31 e ate agora nada ,,,falam q o produto esta uma cidade pr frente da minha ,e nunca chega na minha....pelas outras avaliaçoes achei q a entrega seria dentro do prazo.decepicinada",Negativo
Só é muito frágil!!!! Não serve para crianças menores de 04 anos.,Neutro
Ainda não utilizei mas tudo indicar ser ótima. Chegou antes do prazo.parabens Americanas.,Positivo
"Entre as opções disponíveis, este quebra o galho. Existem muitos que dão problema nos botões analógicos, até alguns modelos mais caros. Mas este até o momento está ok.",Neutro
"Péssimo joguei dinheiro fora, não comprem. Qualidade horrível, após a primeira lavagem já rasga, não servem pra nada, extremamente ruim",Negativo
Só não posso opinar se é um produto bom porque ainda não usei! Mas é muito bonito!,Neutro
"Bonita, rápida e muito prática! Recomendo com certeza!",Positivo
"Este produto  é maravilhoso,bom demais. Espero alcança o meu objetuvo com ele.",Positivo
"Atendeu minhas expectativas até agora. Quando o sinal analógico for desligado, tomara que funcione também...",Positivo
Comprei para presentear meu filho quando chegou ele ficou super feliz era do jeito que ele queria e a qualidade que ele esperava!,Neutro
Porque ta em falta O que faço estao pedindo que cancele a compra e compre novamente com preco mais alto. absurdo.,Negativo
"As americanas está de parabéns, o produto chegou antes do prazo estipulado e em perfeitas condições...é o segundo celular que compro e não tenho do que reclamar...",Positivo
Gostaria de saber se este celular tem flash na câmera frontal?,Neutro
"AINDA NÃO RECEBI O PRODUTO BOTIJÃO TÉRMICO, MUITA DEMORA NA ENTREGA",Negativo
"Estou chateada, pois nao chegou ainda ,desde o dia 23/03/2018.",Negativo
"Excelente, só que pedi  Redonda e me mandaram uma de outro modelo.",Positivo
"Excelente estante, ótimo acabamento e lindo design. Recomendo!",Positivo
Comprei o produto em 26/03/2018 e ainda não me foi entregue.,Negativo
gostei do material e a entrega foi até antes do combinado. Parabens,Neutro
"Muito ruído, não sendo possível ouvir a voz captada pelo mesmo. Não adianta falar que foi cabo ruim ou aparelho de som pois os mesmo foram testados com outro equipamentos de mesma descrição.",Negativo
"Eu recomendo, comprei e logo recebi bem antes do prazo!",Positivo
Depois de vários dias aguardando o  produto ele não foi entregue... prazo mudou pelo menos duas vezes... não recomendo,Negativo
"Produto conforme anunciado. Muito bom, tela grande, boa memória e as vantagens da Apple. Recomendo. Tudo bem com o processo de compras também.",Positivo
"Até hoje não recebi o produto, só sei q paguei, como fica?",Negativo
A máquina funciona muito bem . Aprendi a manuseá-la através das postagens da loja flawil. É ótima!,Positivo
Excelente óculos foi o que eu esperava no tamanho na cor da lente tudo de bom,Positivo
"ESTA CAPA É PARA O LUMIA MODELO 540. TENHO O 535 E GOSTARIA DA CAPA PROTETORA CERTA, MAS AQUI NÃO TEM.",Negativo
Como vou avaliar um produto se ele ainda nao foi entregue????????,Negativo
"Ja usei os produtos dessa marca e da defeito antes mesmo dos 6 meses.eu confio mas na wallita e estou a procura de uma cafeteira dessa marca que possui desligamento automatico tenho uma com mas de 5 anos,mas a borracha de vedaçao da jarra esta gasta nao conserva mas o cafe.walita,arno e malori eu recomendo de olhos fechado.se bem que esses produtos sao sote",Negativo
Produto muito bom confiável chegou rápido nota fiscal tudo frete grátis pode comprar concerteza,Positivo
Produto entregue é diferente do comprado. Gostaria de uma resposta pois já comprei em outras oportunidades e nunca tive esse tipo de problemas. E comprei o produto para uma amiga e ela ficou decepcionadíssima com a troca do produto.,Neutro
"Produto danificado e em desacordo com a especificação. Enviei e-mail para o fornecedor pedindo a devolução ou substituição a quatro dias atrás, mas ainda não obtive qualquer resposta. Estou aguardando retorno do contato para ver qual providencia se seguirá.",Negativo
Gostei do produto. Superou as expectativas. Obrigada!,Positivo
"Minha TV chegou e ela não conectou a função samrt, liguei no suporte e me pediram para reiniciar o aparelho. Fiz tudo o que foi instruido e a TV não funcionou. Infelizmente fiquei com o aparelho apenas dois dias.",Negativo
nao comprem. nao espelha o netflix. esquenta demais tb.,Negativo
"Fiz a compra e quando abri as caixas vi que esta faltando um lado da mesa, pois ela e de encaixe, em vez de vim 4 peças só veio 3... fico no aguardo de resposta.",Negativo
No site da Americanas é que foi encontrado o  menor preço para este produto que é de troca anual.,Positivo
Muito bom excelente  adorei a chapinha é muiiiiiiiitooooo boaaaaaaa..............  atendeu a todas as expectativas  :),Positivo
"Produto de boa qualidade,entrega rapida e facíl montagem. A minha ja veio com as rodinhas encaixadas oque tornou ainda mais facíl a montagem.",Neutro
Não veio o produto indicado na foto.  ............................................................................,Negativo
"Produto deve ter ficando muito tempo no estoque, estava pegajoso, em dois dias ficou encardido. Desmontei pra limpar e não funcionou mais.",Negativo
Comprei e dentro de 7 dias já devolvi. Americanas vendendo lixo.,Negativo
"O aspirador possui ótima sucção e é muito eficiente. Desempenho muito melhor que de outros mais caros que já tive, recomendo.",Positivo
"Pessoal, eles estão vendendo este forno como de “embutir”, porém, ao chegar na sua casa, verá que é de “bancada”. Prometem e não cumprem. Não comprem se quiserem um forno de embutir.",Negativo
"Maravilhoso o produto, muito lindo e super potente, chegou rápido a entrega, parabéns ao vendedor.",Positivo
"Sistema WebOs rapido e intuitivo, boa qualidade de som e imagem.  Demora na entrega por conta da transportadora. Precisei fazer a retirada da tv na trasportadora para reduzir 5 dias na entrega.",Neutro
"Veio amassado, e com etiqueta adesiva que não sai a cola, ficou uma marca horrível, que empobreceu o produto.",Negativo
"O produto em si é muito bonito, e o tamanho me surpreendeu, bem maior do que eu esperava. Comprei 04, pena que dois vieram com avarias, creio eu que seja por conta do correio, que não tem zelo nenhum com as mercadorias, de toda forma ja expressei minha insatisfação quanto as avarias, agora vou aguardar para ver se resolve!",Neutro
"O produto enviado é diferente do foto mostrada, todas as pontas são do tipo philips, sendo que na foto as pontas são de tipos diferentes, e a pagina não especifica os tipos de pontas, comprei achando que seriam iguais a da foto, mas quando o produto chegou eram todas do tipo philips. O produto é de qualidade mas não condiz com o que é mostrado na pagina.",Negativo
"Ótimo produto!!! Tecnologia excelente, preço acessível recomendo a todos.",Positivo
"Produto de péssima qualidade, o suporte da roda traseira é muito frágil e a criança não consegue se equilibrar, pois fica muito acima do nível da roda.",Negativo
Chegou no prazo e atendeu todas as perspectivas. Produto exatamente conforme o anúncio.  Recomendo com certeza.  Dou 5 estrelas.,Positivo
Até hoje não recebi o produto. Entro no rastreamento e sou informado que o produto não chegou.,Negativo
Ótimo grill e sanduicheira. O produto chegou muito rápido. Recomendo.,Positivo
"Após 25 dias, ainda não recebi o produto!!! Após 25 dias, ainda não recebi o produto!!! Após 25 dias, ainda não recebi o produto!!!",Negativo
OTIMO PRODUTO RECOMENDO OTIMO PRODUTO RECOMENDO OTIMO PRODUTO RECOMENDO,Positivo
Boa Tarde Eu ainda não recebi o produto por isso não posso avaliar Continuo esperando,Negativo
Pelo preço o produto é ótimo e atende a sua função. Atendeu as expectativas!,Positivo
Produto de qualidade. Recomendo a aquisição para entretenimento.,Neutro
Qualida do produto dentro das espectativas. Entrega efetuada antes da data prevista. Recomendo!,Neutro
Atende as espectativas no trabalho profissional. A facilidade de decapar os cabos são bem prático e funcional.,Neutro
Chegou poucos dias antes do previsto!!!!!!!!!!!!!!!!!!!!!!!!!!!,Positivo
Entrega dentro do prazo. Excelente! Parabéns a equipe!,Positivo
Tentei cancelar esta compra no segui seguinte da compra. Não consegui. O valor já foi debitado no meu cartão. Gostaria de saber se será entregue ou se está cancelado.,Negativo
"Gostaria de saber pq não acompanha o controle, já que no Manual consta ele?",Neutro
"teclado muito bom as teclas, porem os leds não acenderam,e tbm demora na entrega intao prefiro nem mandar para a troca por causa das luzes mais nao acendeu os leds",Negativo
Tá maneiro com preço bom! Atendeu minha necessidade. Obrigado,Neutro
"O produto parece ser bom, tamanho é um pouco menor do que eu esperava. Mas o que mais me incomodou foi que comprei mais pela cor rosa, mas recebi um produto azul . E infelizmente não tenho tempo de ir no correio fazer devolução do produto. Então fiquei decepciona. Ainda decidindo se quero ou não fazer uso do mesmo.",Negativo
"Só achei grande demais, mas no que se refere as configurações são ótimos! chegou bem rápido, em uma semana.",Neutro
"Não é o fingerlings original. O boneco não fecha os olhos, nem tem botões para emitir sons. Totalmente diferente do descrito na informação do produto.",Negativo
"Gostei do produto matem o líquido na temperatura certo! Porém seu rótulo muito fácil de estragar,sai fácil.",Negativo
Como posso eu avaliar algo que ate entao nao recebi. Sendo que estava agendado para o dia 14/04.e ate agora NADA!!!,Negativo
gostei mas fiquei decepcionada pq o fio nao tem 6m comprei pensando q teria os  metros paraminha surepsa nao tem  sem falar na decepcao com as lojas americanas q nao me entregou o produtro no prazo...10 dias de atraso  comprei dia 16/3 e recebi dia 12/04 sem nehuma expliação ou pedido de desculpa peloa atraso  nunca mais compro nada nas lojas americans,Negativo
Gostaria de saber se este notbook passa cd e dvd? E se tem entrada para pendaive?,Neutro
"Material excelente, entrega rápida, gostei muito. Valeu a compra da cortina.",Positivo
"Produto veio quebrado! Produto veio imundo, tive a impressão que era usado.   LojaTudo nunca mais!  Não tem respeito e muito menos consideração pelos clientes. Na primeira compra feita enviam o produto quebrado e totalmente sujo!   Loja tudo nota 0.  Não comprem na loja tudo! Não compre na loja tudo! loja tudo não! Loja tudo não é boa! Loja tudo entrega produtos quebrados! Loja tudo não é confiável!",Negativo
Não compro mais nessa loja vem tudo errado vc tenta fala com ele ninguém tem atende.,Negativo
"O filtro é bonito, pequeno, água gostosa, boa vasão. Só peca pela quantidade de água gelada por vez, tipo: Se for fazer um litro de suco tem que aguardar um pouco até que gele novamente mas ainda sim o produto é bom.",Positivo
Gostaria de saber de alguém q comprou se ela vem com cinto na cadeira?,Negativo
Muito prática. Simples de configurar Facil de mexer. Imprime do celular e na rede. Rápida e silenciosa  Bom protudo,Neutro
"Produto funciona relativamente bem, mas NÃO é a Mi Band 2 da Xiaomi!",Neutro
"Não chegou,já faz mais de um mês que fiz a  cOmpra e até hoje.decepcionado!",Negativo
"Essa prancha é uma porcaria ,eu comprei achando que seria boa ela não sela a progressiva ela é nada mais nada a menos do que uma imitação barata da original, não recomendo a ninguém, sem contar que paguei o frete caro para não recebe em minha residência .",Negativo
"Até aspira bem, porém veio com o botão on e off trocados e a luz de led nunca funcionou.",Neutro
"Recebi o produto e ele não ligou,e até agora não consegui trocar pois não tenho retorno da Americanas",Negativo
Não recomendo produto de péssima qualidade sem falar que o produto que me mandaram veio com defeito pra funcionar tem que ficar ligando porque desliga sozinho.,Negativo
"PENA QUE MEU PRODUTO CHEGOU NO PRAZO MAS COM A VOLTAGEM ERRADA, EU PEDI VOLTAGEM 110 E VEIO 220.",Neutro
dentro do esperado funciona direito é legal bbbbbbbbbbbbbbbbb bbbbbbbbbbbbbbb bbbbbbbbbbbbbb,Neutro
Na verdade eu pedi um J7.comk fazer para trocar quando isso acontece?,Neutro
"Comprei um carrinho lindo, chegou uma porcaria quebrado, riscado e sujo. Não quero, não foi isso que comprei",Negativo
"radio bonito mas as radia fm pega mas some aos poucos , so funciona bem no pendraive. tive um radio com a mesma aparencia e era muito bom mesmo britania, comprei este porque achei que era igual ao outro(britania) o radio ficou so de enfeito, nao pega bem as radia am e as fms pega ruin e somem do ar.",Negativo
Entrega rápida e um produto de excelente qualidade,Positivo
"Produto muito bom,  de excelente qualidade. Valeu a pena adquirir.",Positivo
O produto não correspondeu minhas expectativas e quero devolver. Como devo proceder para fazer a devolução.,Negativo
"Produto muito bonito. Gostei muito do relógio. Vieram duas pulseiras, como esperado",Positivo
"p comercio pequeno, muito bom!! Recomendo!! Xerox e imprimir",Neutro
"Comprei esse painel no dia 27/11/17 com entrega prevista para 24/12/17, porém só recebi em 03/01/18 até aí tudo bem! Pois, sei que pode atrasar pelo período de fim de ano.Mais, o produto chegou com peças arranhadas,sem manual de montagem e diz a descrição do produto que ele é MDF com MDP. dessa forma entende_se que a maior parte seria em MDF só que é basicamente 100% MDP exceto por uma pequenina tábua. Recebí o produto com defeito e no mesmo dia 03/01/18 solicitei o cancelamento do mesmo. sendo que até hoje 25/01/18 não Recebí nenhuma resposta nem da loja AMERICANAS.COM e nem da loja RPM. muito chatiada! já sou cliente americanas.com a muito tempo e não esperava esse tipo de situação.",Negativo
Porque eu ia comprar um DVD e comprei errado o Multimídia. Tive dificuldade no cancelamento do mesmo. Terminei ficando com o mesmo.,Negativo
"Comprei pro meu netinho de quase 4 anos, chegou direitinho dentro do prazo previsto pelo vendedor. Meu neto adorou. Recomendo",Neutro
Imagem e som de ótima qualidade gostei do produto.,Positivo
"É bom o produto, mas não é em qualquer cadeira que serve.",Neutro
"Queria até compra, as o frete 98 reais, pra entregar no correio. Assim não dar",Negativo
"gostaria de ter uma opinião  ,   mas como estou a exatamente 30 dias esperando uma entrega que segundo vcs eu devolvi e eu nunca o vi fica impossivel avaliar",Negativo
"Parabéns Americanas.com e Centralar (Empresa que entregou o produto), produto entregue três dias antes do prazo, inclusive um dia de sábado (com bastante chuva) Obs: Fiz esta mesma postagem no mesmo dia da entrega ou seja 14/04/2018.",Positivo
Não posso avaliar porque não recebi a mercadoria. Foi cancelada minha compra. Não gostei nada. E não farei mais compra neste site.,Negativo
"O produto funcionou durante duas semanas e agora ele não está marcando o peso corretamente, as vezes a Tara dele marca sozinha. Não estou satisfeito com o produto.",Negativo
Não faço ideia se o produto é bom...nunca recebi...só paguei. Me sentindo enganada.,Negativo
"O produto estava todo mofado, embora seja de qualidade não é o que esperamos encontrar ao abrir um produto novo.",Negativo
"Produto excelente, mas a entrega falhou.. Era esperado em 01 dia útil, levou mais de uma semana e somente após reclamação que o produto foi entregue.",Positivo
"Boa noite... Hoje completa um mês e 3 dias que fiz a compra desse produto e ainda não me foi entregue essa mercadoria,  como vou avaliar um produto que ainda nao recebi???",Negativo
Mercadoria entregue perfeita e em tempo hábil!!!! Recomendo  sim está parceria.  client satisfeito empresa que próspera!!!,Positivo
"Fiz a compra no parceiro PAIZÃO STORE, recebi o produto no prazo, mas a bateria não funcionou no celular, não consegui ligar e nem carregar o aparelho. Solicitei o cancelamento e devolver o produto. Ainda estou aguardando, muita demora. Não recomendo, pois o produto não deve ser original e ainda veio com defeito.",Negativo
"Após eu fazer uma pesquisa através das avaliações, consegui escolher o produto que me atende perfeitamente. Sugiro que façam o mesmo antes de comprar qualquer produto para uma compra mais acertiva!",Positivo
"Prezados,  amisgos desta livraria.  comunico que até o presente momento nao recebi o produto em questao.",Negativo
"Segundo a empresa o game já foi entregue para mim no dia 29/03 mais o jogo nunca veio a ser entregue,nunca tive problemas em comprar via americanas e infelizmente confiei no site da Américanas e não tenho o produto em mãos ! =C",Negativo
Entrega super rapida !!!!! Apenas três dia !!!!! Maravilhoso,Neutro
"Preciso que atualiza o status do meu produto, pois ja faz mais de um mês que comprei e até agora não chegou.URGENTE Entendo que com essa paralisação pode atrasar as entregas, mais o status do rastreio do pedido NÃO atualiza. Também ligo no numero de atendimento de vocês e nem chama, não consigo falar com ninguém, já estou pensando em ir no Procon para ver se resolve meu problema. Já paguei a 1° parcela e no produto até agora nada de chegar.",Negativo
Super recomendo  muito bom mesmo faz a diferença mulher que não gostam de corta o Cabelo tipo eu e realmente tira as pontas duplas e o ressecado do Cabelo,Neutro
Minha internet melhorou 70% recomendo esse router. Fora que ainda consigo gerenciar todas as conexões através do celular.,Positivo
Entrega rápida e produto de boa  qualidade. Desenho bonito dos talheres.,Positivo
Ainda não foi entregue e não recebi uma posição sobre a data provável.,Negativo
Produto muito bom super indico. Superou minhas expectativas.,Positivo
"Paguei pelo boleto dentro do prazo, nota fiscal emitida, entrega agendada para 26/02. Em 28/02 me mandam um e-mail comunicando que a entrega foi sem sucesso e por isso o pedido foi cancelado!!! Me ofereceram um vale-troca no valor equivalente ao que paguei, mas tentei comprar novamente e agora o preço está mais alto!!!!!  NÃO VOU PAGAR PELA DIFERENÇA E EXIJO QUE ME ENTREGUEM O PRODUTO, NAS MESMAS CONDIÇÕES QUE COMPREI!!! OU DEVOLVAM MEU DINHEIRO!!!  Mando e-mail, ligo, abro um reclameaqui e NINGUÉM me atnde. Sacanagem, desrespeito total ao cliente, eu segui tudo que fui solicitada e até hoje prejudicada.  NOTA 0 EM PRESTAÇÃO DE SERVIÇO AO CLIENTE. Americanas não cumpre prazo prometido.",Negativo
"Ele é fino, bonito e leve mais trava as vezes. A bateria dura bastante. Minha neta está curtindo muito.",Neutro
"Produto de péssima qualidade, não atinge os padrões  de  produto não funciona corretamente em fim só não devolvi por que e mais dor de cabeça.",Negativo
"Numa certa altura o jogo deu um ""bug"" e não passou de uma determinada fase ficando assim impossível concluir o modo campanha. Não compro mais.",Negativo
Muito bom chegou direitinho recomendo chegou bem embalado,Positivo
Pedido atrasado 12 dias ainda não recebi já acionado transportadora e ainda não obtive resposta,Negativo
"Recebi o produto próximo do final de ano, época de festas, demorei 5 dias para usar e quando fui utilizar, testar pq queria viajar no final de ano, a surpresa, não funciona direito, não cumpre o que promete, ele funciona por mais ou menos duas horas depois começa a piscar parece que vai dar um curto e queimar a lâmpada, tive que desligar, ou seja, não funciona. Testei diversas vezes. Como demorei uns dias para testar, perdi a garantia de 7 dias para troca. Sugiro as pessoas que comprem em uma loja, produto de outra marca, onde não tem demora de entrega, o produto é testado na hora, e você pode efetuar a troca de imediato. Agora a Americanas.com permite que qualquer um venda seus produtos, com procedência ou não e o prejuízo é só seu. Cuidado!!! Antes de efetuar uma compra, consulte o reclame aqui.",Negativo
"Aparentemente não cabe muita coisa, mas cabe. Material parece ser bem resistente. A entrega chegou bem antes do previsto.",Positivo
"Quando eu receber o produto avalio, no momento não recebi nem a informação de que meu produto já tenha sido enviado.",Negativo
Café com puro gosto de plástico . Você limpa todos os equipamentos e continua ruim.,Negativo
Mesa linda ficou perfeita na minha sala. Nao tenho o q  falar so elogiar,Positivo
"O produto trás leves resultados, mas é bom. Agora efeito de emagrecimento não notei.",Neutro
"Porém o anúncio está assim: Acompanha: - Switch de sinal Hdmi 5x1 - Controle Remoto - Cabo alimentação Usb (não acompanha carregador)  Porém aguardo a entrega do referido cabo de alimentação, afinal tive que adaptar uma conexão USB para poder usar o dispositivo. Fiz um cabo adaptador USB e funcionando sem problemas, fica a dica incluam o cabo USB já vai acabar as reclamações.",Neutro
chegou antes do prazo produto muito bom aconselho a compra,Positivo
Há 10 anos uso os depiladores da Philips e eles sempre supiram minhas necessidades.,Positivo
"Ainda não usei, mas chegou direitinho. Chegou antes do previsto",Positivo
o celular atendeu as minhas expectativas. Minha escolha foi satisfatória.,Positivo
Pessoal que comprou... Alguém confirma se a placa é dedicada? Obrigada,Neutro
"O aparelho é bom, porém deixou a desejar na performance, fiquei surpresa com o quanto o aparelho trava mesmo sendo novo.  Sobre o design, tamanho, fiquei satisfeita, aparelho muito bonito, bem compactado, fácil de mexer. A câmera cumpre com o prometido, muito boa, embora ainda não possa ser comparada a uma profissional, ou à de um iPhone.  Resumo: Deixa a desejar na performance, ele trava e congela mesmo sendo novo, porém é um bom aparelho, sem grandes firulas, cumpre bem boa parte das funções. É rápido, possui umas funções dinâmicas que nos ajuda bastante.",Neutro
"Não recebi o produto. Gostaria de avaliar o produto, mas ele não foi entregue pela empresa.",Negativo
É muito frágil a ligação do cabo ao aspirador.Ele nas mãos de uma empregada quebraria em poucos minutos.,Negativo
"Comparado ao antigo hc32 q tb tenho, o pós desse é q é maior e menos barulhento e o contra é q só funciona s ficarmos segurando o botão.",Positivo
"Qualidade muito ruim... Produto muito frágil, veio amassado e riscado. Solicitei a troca e ninguém me retornou..",Negativo
"Ainda não conheço o produto,pois já faz mais de 15 dias que comprei e ainda não chegou infelizmente. Estou muito insatisfeita com essa demora.",Negativo
Produto atende as minhas necessidades. Chegou no prazo e esta em uso desde a data sem nenhum problema.,Neutro
"O produto foi prometido para ser entregue até o dia 03/04, porém até o momento, 12/04, nem a Americanas.com nem a sua parceira me informaram nada de concreto se ainda vai ser entregue ou não.",Negativo
"Ótimo e prático! Uso todos os dias e recomendo muito, cápsulas fáceis de achar e muitas variedades de sabores.",Positivo
"Ainda não utilizei o produto para poder avaliar,só sei que me disseram ser bom!!!",Neutro
"O teclado é simples, mas com o preço compatível. Ele funciona corretamente e ajuda bastante na minha android tv.",Neutro
"Meus sobrinhos amaram , entrega super rápida super recomendo.",Positivo
Recebi pela segunda vez a mesma mercadoria. E a mesa de centro a qual comprei até agora não recebi,Negativo
Não achei nada porque nunca recebi o produto. Estou esperando ser reembolsada agora,Negativo
"e uma ótima máquina, potente, única ressalva que não me agradou foi o som da máquina, ela faz mais ruídos que outras, se quiser uma máquina silenciosa nem compre esta, mas devido ao preço vale a pena...",Neutro
"o fogão em si é muito bom, principalmente por ser um pouco mais alto do que tenho, pois com criança pequena toda segurança é pouca. o problema é que veio todo machucado na parte da frente e a demora pela burocracia da troca faz voce esperar quase dois meses para que outro fogão chegue. Rezando para que dê tudo certo desta vez.",Neutro
"Muito bom, ótimo.vou recomendar para outras pessoas",Positivo
Não recomendo pois o produto não chegou e mesmo mandando mensagens sobre a demora da entrega ainda não obtive resposta!,Negativo
Atende todas as expectativas que se espera de um monitor,Positivo
Pode ir no microondas! Não vasa. O único problema é que não cabe na bolsa térmica tradicional de mamadeiras. Serve para o leite assim como para sucos e papinhas.,Neutro
produto entregue no prazo estipulado na data da compra..,Neutro
"Esse produto apresentou defeito na primeira troca que eu fiz da água que foi depois de 4 dias que eu liguei estou tentando que resolvam o problema mais não estou tendo o suporte nem das Americanas nem do fabricante não acho possível que um produto tenha 7 dias de garantia principalmente quando se recebe no meio das festas de fim de ano, lamentável tudo isso...",Negativo
"Atende as necessidades, prazo de entrega respeitado.",Neutro
Achei que era uma coisa e outra a maleta esta amassada e produto vem 6 de coisas que deveria ter ido a uma loja de chineses era mas lucro,Negativo
Ótimo produto funcionamento Exelente ótima qualidade boa tecnologia.,Positivo
Produto na descrição com 3 peças...na entrega chegaram apenas 2 .Sem nenhum retorno da loja apesar de ser notificada do erro.,Negativo
"Quando vi o produto, achei muito bonito. Quando recebi percebi que a qualidade não chega nem perto do que imaginava. A qualidade do tecido é péssima, não chega nem perto de uma misto de Percal. Me arrependi da compra e não recomendo a ninguém.",Negativo
O volume é  baixo msm que coloque no máximo q é  o 100.,Negativo
"Amei tudo de bom, muito facil o manoseio, bateria dura ate 3 dias ...super recomendo! Entrgue antes do prazo, estimado.",Positivo
Excelente compra eu recomendo a todos os interessados,Positivo
"NUNCA MAIS IREI COMPRAR NESTE SITE ,UM PRODUTO QUE ERA PRA TER RECEBIDO ATE DIA 16/03 ATE HOJE NÃO CHEGOU E PELO JEITO NEM VAI CHEGAR.",Negativo
"Fiquei com receio de comprar por não conhecer essa loja virtual, mas eles arrasaram! O produto veio muito bem embalado, chegou com muuuuita antecedência (paguei na terça, chegou na sexta da mesma semana. E eu moro no interior!). A qualidade é excelente, a capa é muito resistente, a película protege bem a tela e a caneta funciona perfeitamente. Estou satisfeita e recomendo essa loja e esses produtos com certeza ;)",Positivo
A Tinta é mais fraca e as cores não foram compatível. Gostaria de saber se tem reembolso?,Negativo
"Comprei o Moto x4 no dia 10/03 e o prazo de entrega era de até 20 dias uteis,porém no dia 15/03 ele chegou! Apenas 5 dias corridos. O aparelho é lindo, a câmera é excelente. Estou muito satisfeito.",Positivo
Meu produto estar atrasado a mais de 10 dias. Tento contato com a empresa e ficam rebolando a culpa pra cima da transportadora e vice e versa. Ódio!,Negativo
Material de boa qualidade. Super fácil de montar e desmontar.,Positivo
"Não posso avaliar o produto, pois ainda não recebi e ninguém me deu um parecer até agora.",Negativo
"Testei logo  quando chegou, é eficiente e os  utensílios  que vem junto também são uteis apesar de que a tesoura não me agradou muito.  chegou antes do prazo e nada faltando ^.^  o único problema  que tive foi que o estojo veio quebrado na lateral, talvez deixaram cair no transporte... não sei !",Neutro
"produto muito bom mesmo, funciona perfeito e som maravilhoso",Positivo
"Bom custo beneficio,  é um aparelho confortável leve e desempenha muito bem o seu papel.",Neutro
"Aparelho bom, para quem não sabe mexer no manual essa é uma excelente opção!",Neutro
è  muito ruim receber produto novo com  defeito e ainda mais não ter respaldo do saite que ofereceu o produto.,Neutro
"Comprei um kit ,e recebi o produto com um único LED grande no centro. E a imagem mostra vários pequenos LED,s.",Negativo
"O produto é bom,  leve e prático.  A única reclamação é que ele faz muito barulho.",Neutro
Boa tarde. Gostei do produto comprado.  E sem dizer que a entrega foi super rapida!! recomendo.,Neutro
"Gostei pelo conforto e cores variadas,é uma malha leve, não um cotton  apertado..",Neutro
"Ventila super bem,,, recomendo o produto.... adorei",Neutro
Melhor celular que já tive. Excelente. Tudo funciona muito bem. Adorei. Quem ganhou o outro de presente também amou. Recomendo a todos....,Positivo
Excelente televisão. Qualidade sensacional. Entrega super rápida. Super recomendo.,Positivo
O telefone é muito bom. Único detalhe que poderia ser modificado é o ponto de contato dele com a base pois o mesmo deixa o fone bem instável. O ponto de contato é pequeno. Por exemplo quem tem crianças com acesso tem que ficar ligado pois podem derrubar fácil o monofone ao chão.,Neutro
"Recebi antes do prazo mas ainda não usei, achei bonito ,quando usar dou minha opinião.",Neutro
"Mesmo não tendo utilizado o meu produto, já fiz uso da mesma marca e modelo, tendo um desempenho muito bom e o esperado.",Neutro
"Produto chegou antes do prazo, mas veio com defeito (que após pesquisar, descobri infelizmente que era comum ocorrer - um defeito dentro dele, fazia com que não passasse a água pela agulha). Registrei o problema tanto na Americanas quanto no site da Dolce Gusto. A Americanas cumpriu todo o procedimento para a retirada, troca e reenvio do produto (sem custo adicional), acabou levando cerca de 40 dias do primeiro pedido até recebê-lo sem o defeito, se fosse para presente eu teria tido um problema ainda maior. Já a empresa fabricante nem se posicionou, me deixando com receio caso haja novo defeito dentro da garantia. Mas enfim... a Americanas foi ótima e o produto (quando funciona) é perfeito!! Os cafés e chás ficam maravilhosos! Valeu a pena esperar!",Positivo
"A TV e muito lenta  custa a abri os app,  quando desliga da tomada aí demora mais ainda para carregar novamente",Negativo
A Margo Bonita enviou um produto falsificado e de péssima qualidade. Quebrado. Um horror! A americanas.com é responsável pela venda.,Negativo
"O mais potente de todos, São 1000 watts puxa muito bem a sujeira. Recomendamos a todos",Positivo
"paguei o boleto e a loja nao entregou agora preciso brigar passar raiva para receber de volta meu dinheiro ,sempre comprei na americana agora estar pessimo o atendimento",Negativo
"Pelo valor vale a pena, atendeu as minhas expectativas",Neutro
mais falta do que nota de 3 reais. não funciona é jogar dinheiro do lixo.,Negativo
"O Carregador é bom, o cabo deixa a desejar porqu e já desmontou o plug do micro usb em poucos dias de uso.",Neutro
Produto com mais de um mês de atraso. Ainda não recebi. Total falta de responsabilidade da Americanas.,Negativo
"Produto que funciona perfeitamente, já fiz frango, batatas fritas, linguiça. Superou as expectativas muitoooooooooooooo Bom Produto!",Neutro
cafeteira já chegou aqui na minha casa mas quando eu abrir a caixa ela estava quebrada eu gostaria de saber como que eu faço para efetuar troca?,Negativo
"Poderia ter vindo com mais acessórios, mas pelos custo benefício é um bom produto.",Neutro
"por que parece que essa americanas ta passando a perna em todo mundo , tem um monte de gente reclamando no reclame aqui , e ela continua vendendo o jogo  como se tivesse entregando e não esta , se alguém tiver recebido o jogo e puder responder eu agradeço",Negativo
"Meu cabelo é apenas ondulado, e mesmo assim o produto não surtiu o efeito esperado.",Negativo
gostei da qualidade do produto mas tive problemas com a entrega.,Neutro
Não recebi o produto. não fui informado sobre o problema ocorrido.,Negativo
Quebrou no terceiro dia. É muito frágil. Não recomendo a ninguém. Perdi minha grana.,Negativo
topper powersson super master top topissimo top mesmo top top top,Positivo
"O produto é bom a entrega demorou, foi feita no limite do prazo, mas sei que o problema foi do correio. Sei que a empresa é confiável, e isso é muito importante para os clientes. Parabens!",Neutro
"Esse perfume eh original e não me decepcione,parabéns,comprarei mais dele.obrigada.",Positivo
"Estou muito satisfeito com a compra realizada.Parabéns pelo ótimo atendimento, qto á prazo de entrega, acompanhamento via site etc, enfim, estou recomendando á todos que conheço. Forte abraço.",Positivo
"Chegou ontem, por hora parece bom para as minhas necessidades",Neutro
"perfeito, realmente conf. anunciadokkkkkkkkkkkkkkkkkkkkkkkkkkkkkkkkkkkkkkkkkkkkkkkkkkkkkkkkkkkkkkkkkkkkkkkkkk",Positivo
Ótimo produto! Ajudou a reduzir o tártaro e eliminar o mau hálito das minhas gatas!!,Positivo
Gostei muito o preço esta bem em conta  Eu recomendo.,Neutro
"Infelizmente passou mais de 1 semana do prazo, não obtive nenhum contato sobre o atraso e até o momento não recebi o produto. Aguardando reembolso.",Negativo
"Gosto muito dessa espuma, só elfiei em dúvida, pois coincídio de ficar com alergia respiratória após o uso. Espero que tenha sido só coincidência mesmo. Grata.",Neutro
"Maravilhoso! Super recomendo! Montagem simples, resistente e ótimo material!",Positivo
"Adorei o celular, rápido, câmera maravilhosa, o único problema é ele ser um pouco pesado e o local para carregar e o auto falante é embaixo, atrapalhando para segurar, fora isso, é perfeito, foi entregue antes do prazo.",Positivo
"Não chegou o produto desejado, pela imagem era um produto aberto e veio um assento fechado",Negativo
"Me sinto ROUBADA, paguei pelo produto e pelo envio, e não recebi. Amanhã emsmo vou tomar providências legais ... PROCON, e PEQUENAS CAUSAS! N~çao recebi nem uma ligação da Americanas.com, que já sabem que o produto NÃO FOI ENTREGUEhá vários dias.",Negativo
Produto bom esta em teste ainda mais a primeira aplicacao ja vi resultado,Neutro
"Pelo valor do produto esperava yma qualidade melhor,alem disso naobtem nenhum acessório relevante ou algo que a deixe mais atrativa.  Outro problema é o fato de que a entrega foi feita  no dia 27 (e seria pra dia 18 pela escolha de entrega que eu fiz)sendo um presrnte de Natal e pra criança o atraso na entrega me decepcionou só comprei pq de fato a entrega seria dentro do prazo,poderia ter cido qualquer dia desde q antes do dia 25 e chegou c 9 dias de atraso em relação ao tempo máximo.",Negativo
É  maravilhosa.. .a melhor!!!...obrigada  Americanas...mais uma vez. ...,Positivo
Fiz a compra do produto e não me atentei que o vendedor não era a americanas.com (com quem nunca tive problemas) e sim um associado. Só percebi depois da compra pois demoraram 10 dias para emitir a nota fiscal. Achei estranho e só depois que recebi o produto errado entendi o porque de tanta demora. Comprei o modelo na cor preta porém me enviaram um relógio na cor cinza. Como o vendedor é de outro estado e a burocracia para trocar é muito grande resolvi ficar com o produto assim mesmo. Ficaria mais satisfeito se o vendedor não tenho o relógio na cor preta entrasse em contato comigo e verificasse se eu aceitaria receber um na cor cinza ou queria meu dinheiro de volta. porém isso não aconteceu.,Neutro
"Chegou rápido, o celular é maravilhoso e super recomendo",Positivo
Achei o travesseiro mais fino do que gostaria porém tem atendido as minhas necessidades,Neutro
"Só o frete que eu acho caro, deveriam baixar mais na compra avista.",Positivo
Gosto muito de louça branca e essas xícaras são um charme mesmo não tendo nenhum tipo de enfeite. Menos é mais! Todos em casa adoraram!!!,Positivo
"Preço justo, produto de qualidade, fácil manuseio, transporte, entrega antes do prazo. Muito feliz com a compra!",Positivo
"Perdeu a aderência as paredes rápido, não grudando como se deveria.",Negativo
"O tapete que recebi não condiz com o anunciado, baixa qualidade.",Negativo
"O produto tem um custo benefício bom, podia gelar mais, mas vale a pena!",Neutro
"Boa leitura! Produto bom de ler, tema interessante.",Neutro
"Sobre o valor para p que serve e mais do que ótimo.  Não é industrial, mas não é aqueles convencionais que temos que pressionar para ele girar.  Ele ligado fica girando direto, assim nos poupando de fazer força.  Ele é ótimo para uso doméstico",Neutro
"A TV é boa, tamanho e imagem legal, mas o som deixa a desejar. Quanto a entrega, paguei mais caro no frete para ser entregue logo e ainda sim entregaram com atraso.",Neutro
Não realiza as funções a que se destina. Não possui avaliação do inmetro,Negativo
"Comprei a câmera e ainda não consegui usar, pois não veio a bateria! Já entrei em contato por todos os canais e ninguém resolve esse simples problema. Fujam dessa câmera!",Negativo
"Ele não é mordedor!! Ele é um plástico bem duro, serve apenas como um móbile, pra enfeitar ou pra criança brincar.  Não serve de jeito nenhum para morder.",Neutro
Boa  tarde. Recebi o neu produto com vários  dias de atraso e VEIO COM DEFEITO. O AUDIO NÃO  FUNCIONA. COMO FAÇO  PARA TROCAR O PRODUTO. Aguardo posicionamento.,Negativo
Parece bem prático. Propõe fazer várias atividades de cortes de verduras e frutas.,Neutro
"Bom dia,    Fiz a compra do Pack com 5 Personagens de A Guarda do Leão para meu filho, ótimo produto, ele amou, entrega super rápida.   Pena os Personagens maiores serem tão caros.",Positivo
Excelente!!! Entrega super rápida e sem qualquer avaria... Muito satisfeita!!!,Positivo
Espero que a loja americanas me envie a minha mercadoria o mais breve possível.,Negativo
Ainda nem recebir o produto muita demora não volto mais a comprar,Negativo
voce poderia me dizer o tamanho e a marca do guidao e se ele e 31.8 e a mesinha a marca ... obrigado,Positivo
"Comprei um tapete (o da tela). Pela foto, imaginei ser de tamanho, pelo menos 2,00X 1,00. Recebi no tamanho 0,60 X 1,20. Que faço, dou de brinde pro Procon?     Comprei um móvel : canto alemão. Já chegou a uns 10 dias. Confirmei a entrega, e perguntei se viriam montar. Vêem???? até agora, nenhuma resposta (CIAMOB)",Negativo
"Pedido com pagamento autorizado desde 25/01, previsão de entrega 23/02. Nota fiscal foi emitida, mas o produto não foi despachado.",Negativo
"bom, chegou com embalagem ok, e com rapides.  muito bom",Neutro
"Quando funciona é bom... mas o problema é que depois de 2 meses usando,  ele começou a esquentar e desligar... aí funciona 5 minutos e para, só volta a funcionar depois de 1 hora... estou mandando pela segunda vez para assistência... trocam o motor, mas depois de algum tempo de uso o problema volta.",Negativo
"Não sei se foi a loja ou o correio, más eu não recebi o produto.",Negativo
Já conhecia o produto. Mas o que eu apreciei foi o atendimento prestado pelo centro de atendimento da Americanas.com,Neutro
o colchão não é o que mostra na imagem e a empresa me entregou por 3 vezes com peças faltando.por fim desisti.o material da cama e do colchão são péssimos,Negativo
"Telefone atendeu às nossas expectativas funcionou perfeitamente, entrega rápida e tranquila. Antes do prazo!",Neutro
"Produto diferenciado dos concorrentes. A chapa para frituras acoplada, também pode  ser usada como travessa na hora de servir.",Neutro
Meu nariz ficou todo Machado de roxo devido à pressão e tirar cravo q é bom não tira,Negativo
Instalei com cabo  mas não consegui instar com wifi  . isto porque contratei um técnico para instalar. com cabo funciona perfeitamente.,Neutro
"Não gostei. O produto é de péssima qualidade,estrutura frágil. pano de tão fino chega ser transparente,as costuras rasgam a toa.",Negativo
muito bom os produtos vindo no kit e de qualidade eu recomendo,Positivo
"a maleta, na sua primeira utilização, arrebentou a alça.",Negativo
"Câmera excelente, design moderno. Leve... O único defeito é sem apenas para 1 chip",Positivo
"Quando comprei achei que fosse feita do mesmo material que são feitas as bermudas cargos dessa marca, mas não, é basicamente uma calça social com bolsos nas laterais; mesmo assim é um produto de qualidade. Excelente costuras, mas de tecido fino, como já disse, é uma calça social, basicamente.",Neutro
Insatisfeita com mais uma compra!O edredom que me enviaram não é o da foto!Tudo bem que o que veio até vale o preço que paguei!Mas acho que a loja deveria ser mais honesta com os clientes!Por as fotos originais dos produtos!!,Negativo
"Não usei as formas ainda, mas chegou td certinho e bem antes da data prevista.",Neutro
Gostei do produto. Tem um bom material e é fácil de usar.,Neutro
"Entrega antes do prazo,amei recomendo  Ótima para fazer cachos é pequena não atrapalha na bolsa muito bom",Positivo
"ótimo produto, atende mais do que eu necessito. Pode confiar que é uma escolha boa e barata.",Positivo
"O aparelho Springer Midea Inverter, que possuem uma placa eletrônica são uma bomba-relógio! A placa queima frequentemente e cada reposição de peça dura no mínimo 30 dias! Sem contar que o atendimento no Serviço de Atendimento ao Consumidor da Springer Midea é o pior do Brasil! FUJAM DESSA MARCA! NÃO COMPREM!!",Negativo
"A empresa monta uma máquina dessa, com umas configurações até interessantes e empurra um Linux. PQP fala sério. Se você formata e coloca um Windows perde a garantia.",Neutro
"Bonita , assento confortável  e um produto de ótima qualidade ..  Minha única observação é que como eu uso ela pra tatuar raramente eu uso o encosto dela ..  Nós tatuadores dificilmente usamos o encosto da cadeira então pra mim ela atendeu mt bem ..  Agr se vc quer uma cadeira pra usar mais o encosto eu posso te dizer que vc n vai ficar confortável por mt tempo .. O encosto é um pouco baixo e o comprimento dele n é tão grande ..  Lembrando que pro meu caso ela serviu mt bem , era o que eu queria !",Positivo
Excelente. Quero continuar comprando produtos com vocês,Positivo
"É um tablete excelente não trava mesmo com jogos pesados, muito bonito eu recomendado parabéns às lojas americanas o produto chegou antes do prazo.",Positivo
recebi o produto com defeito pedi o cancelado dentro do prazo ate agora nao me reponderam a mais de 10 dias .Pessimo atendimento.,Negativo
"O produto é ótimo,porém o compromisso da loja Americanas com o cliente e duvidoso até pq demoraram mais de um mês para o produto ser entregue,descaso total com o cliente",Neutro
Melhor mousepad que já tive. Faz toda a diferença usá-lo com mouse ótico no lugar dos tradicionais.,Positivo
"Muito bom! Excelente câmera fotográfica, tamanho pequeno, só não vem o cabo, mas vem com cartão de memória!",Positivo
Produto muito bom. Ótima fixação. Realmente efeito de cílios postiços!,Positivo
"Correspondeu plenamente. Até o momento nada de negativo, ao contrário só positivo.",Positivo
"Produto original , com certificado de garantia. Bem embalado. Recomendo",Positivo
Comprei um produto q mostrava na imagem recebi outro de qualidade mto inferior.,Negativo
Creme dental maravilhoso..... Podem comprar sem medo,Positivo
"O barbeador é bom, contudo não é muito recomendável se pretendes com certa frequência cortar à zero a barba, pois deixa a desejar nesse quesito, não fica de fato liso, mesmo que pareça estar. Mas no restante atende bem.",Neutro
"BBB.    Bom bonito e barato.  Prático, a bateria custa a gastar,  pelo.preco.pago, valeu a pena.",Positivo
AINDA NAO VI O PRODUTO A AVALIACAO DEVE SER FEITA APOS A COMPRA,Negativo
Funcionou perfeitamente e supriu minhas necessidades,Positivo
"Aparelho a9 6 , recebi dentro do prazo, compra efetuada dia 17/02/2018 ele chegou dia 26/02/2018, dentro do prazo, em relação ao aparelho estou super feliz, tem uma excelente  aparência, simplesmente lindo! Não achei ele exageradamente pesado e nem muito grande como em outras avaliações, ele foi feito para um excelente manuseio, rápido, não trava, fotos maravilhosas, em relação á bateria dura normal , coloquei a primeira carga de 12 horas e desde quando recebi ele passa o dia todo sem precisar de carregar , pede carga por volta de 22:00, carregamento muito rápido, e dura 24 horas. O aparelho só deixa desejar nas notificações  Led, ficaria ainda melhor. QUEM ESTÁ EM DÚVIDA,SUPER RECOMENTO . Aparelho enta me atendendo muito bem, estou super feliz e não me arrependi nem por um momento.  Quanto as Americanas está de Parabéns pelo excelente preço, atendimento e logística.   Super recomendo comprar o aparelho e nas Americanas, melhor preço que encontrei.  Obrigada por tudo..",Positivo
Otimo produto .....eu recomendo a todos. As chamas são ótimas de alta pressão,Positivo
TUDO OK...................................................................................................................................................................................................................................................,Positivo
Fiz a compra gostei mas percebi que poderia ter comprado um motorola com a tecnologia melhor,Positivo
Produto atendeu minhas expectativas. Entrega ocorreu antes do prazão combinado. Estou satisfeito com o atendimento da Americanas.com e do parceiro que vendeu o produto.,Neutro
"A melhor história que já lí. Vale muito a pena; pelo menos para mim, reler sempre que bate saudade.",Positivo
"Recomendo a compra de uma mesa específica para notebooks como essa; a ventilação para manter a máquina fria é ótima. Mas o produto que recebi veio com riscos, poeira... Aparência de usado.",Neutro
"Nunca comprei um produto na americanas pra demorar tanto a chegar. Sempre procurei o site de vcs, pq TUDO sempre chegou nem antes do prazo.",Positivo
Bom dia.... Gostaria de saber se esse modelo da Philco tem o aplicativo Netflix?? Acabei de compra e nem deu conta disso...so dps vendo os comentários de uma outro modelo.uma cliente xateado porq a q ela comprou não tem..... Será q depende do modelo??  Se alguém puder uma resposta  Grato....,Neutro
algo me cheirando como e que aparece 215 opniões sobre esse produto e quando você vai dar a sua o site diz seja o primeiro a avaliar esse produto já que não existe opniões sobre esse produto,Negativo
"Comprei o produto na quinta-feira, chegou na sexta-feira!!! O aparelho foi ligado na tomada no final da tarde do sábado e na manhã do domingo já tem 3 cm de água coletados no reservatório!!! Excelente até o momento!!!",Positivo
"Adorei! Superou minhas expectativas.  Imagem perfeita, som claro e alto, boas opções de canais e de fácil navegação. Cumpre o que promete!",Positivo
"Comprei pelo apelo rock'n'roll e por se diferenciar pelos desenhos em preto dos cabos que aparecem nas fotos, porem no produto real que recebi eles nao existem. É um jogo de talheres comum. Poderia ter comprado um jogo mais barato ja que de diferente nao tem nada",Negativo
"gostei da rapidez na entrega e o melhor é que recebi o produto como eu havia solicitado,bom acabamento, matéria prima utilizada de boa qualidade e bom preço . Estou satisfeita.",Positivo
"É a segunda vez que estão pedindo que avalie um produto que sequer recebi, mesmo com prazo de entrega agendado para 28 ou 29?03. Hoje é dia 19/04.",Negativo
"Parece que o sistema de você não conseguiu detectar que eu cancelei a compra, mas o motivo foi justamente pelo prazo muito longo de entrega! É totalmente inadmissível um prazo tão longo. Sugiro vocês reverem drasticamente o sistema logístico, fornecedores e prazos de entrega, pois vocês poderão perder muitos clientes com isso.",Negativo
"Muito bom, tem uma transparência de quase 100% quando visto de frente. Parece que não há nada na frente da tela, mas visto de lado bloqueia totalmente. Vem duas opções de fixação. Excelente produto.",Positivo
"Produto muito bom! Ótimo acabamento e ergonomia, cumpre fácil a tarefa.",Neutro
"Excelente compra, recomendo muito a compra no site.",Neutro
"produto muito bom de qualidade ja tenho outros da mesma marca , aprovado",Positivo
o produto não chegou até hoje. GOSTARIA DE SABER ONDE ESTA?,Negativo
"comprei uns 3 anos atrás, desde os primeiros dias não gela, já mandei arrumar umas três vezes e não adianta, por que não funciona e ainda gasta muita energia.",Negativo
"É lindo, não é de excelente qualidade mas é otimo para a criança ir para a escola.",Positivo
"Celular é bom, realmente. Dei de presente, mas o pouco que tive contato é bem atraente o visual e a interface dele. Problema que você tem, é perante a película, pois a tela dele é curvada e a dificuldade de achar capinhas, pelo menos aqui na minha cidade. Foi entregue em uma semana, considerável. Mas a transportadora poderia ter forrado a caixa, pois ele veio dentro de uma caixa muito maior, assim ficava batendo. E caso esteja em dúvida sobre  a caixa de presente oferecida, não compensa comprar ela, muito cara para algo tão simples.",Neutro
"Produto de ótima qualidade, entrega rápida, e muito bonita a camisa eu recomendo.",Positivo
"Um dos tripés soltou sozinho, a cola é muito fraca, não vale a pena.",Negativo
gostei do produto. recomendo o produto parabens custo beneficio excelente,Positivo
"Gostei do produto, do preço e principalmente da rapidez da entrega... parabéns.",Neutro
"Jogo de lençol maravilhoso,vale cada centavo! Americanas como sempre super pontual,entrega antes do prazo.",Positivo
"ESTOU TENTANDO CONTATO COM TODOS OS CANAIS E NÃO TENHO RESPOSTA HÁ DIAS. O PRODUTO NÃO FOI ENTREGUE, PRECISO DE SOLUÇÃO!!",Negativo
Gera a bebida escolhida na compra e o vidro congela e mantém a bebida gelada. Genial!,Positivo
muto bom produto chegou antes do prazo empresa comprometida com o cliente recomendo muito,Positivo
Chegou  quebrado estou decepcionado muito chateado,Negativo
"Esse aspirador é demais!! Mudou minha rotina de limpeza em casa. Dá conta da sujeira trivial como ninguém. Estou falando de coisas como: fios de cabelo, pelo de cachorro, pó, pequenos insetos e vestígios de grama no chão. Simplesmente o máximo de eficiência com o mínimo de esforço. Juro que nem sei por onde anda minha vassoura pq só uso ele agora. Os 3 acessórios são o suficiente para o meu dia a dia e quem acha que o cabo elétrico é curto, digo que qualquer extensão de um metro já resolve a questão. O filtro é mto fácil de limpar, bastando remover o excesso de sujeira e lavar (só uso água) e deixar secar. Qto ao barulho, nada insuportável, já que ninguém vai ficar com ele ligado por horas. Enfim, super recomendo.",Positivo
"Queria saber as medidas , deste produto pois tenho interesse e não tem como comprar sem medidas . Pq queria colocar a base em um pé de ferro na máquina sem motor para pessoa idosa .",Neutro
"Para comprar esse copo você pode vender sua mãe sua sogra ou até mesmo seu próprio filho, ou quem sabe um rim, pois realmente vale a pena. Você pode até mesmo financiar no programa meu copo minha vida! Super indico.",Positivo
"Minha primeira compra,na americana,amei,chegou perfeita exatamente como na foto,e no prazo previsto,recomendo.",Positivo
Fiz a compra confiando no nome Americanas mas fiquei decepcionada.,Negativo
"É muito ruim, não dá regulagem, coloco no piso plano e regulo, porém quando subo na balança e desço já fica desregulada, fora que não dá o peso certo, nessas subidas e descidas , cada hora dá um peso. Decepção total",Negativo
"Produto com defeito de fábrica! E não consigo trocar, ninguém retorna decepcionada com esse site uma porcaria!",Negativo
O produto é bom. É um intermediário premium. Não é um top.,Neutro
"O relógio veio faltando alguns itens dentro da caixa e veio arranhado, o relógio aparentemente ser replica aaa",Negativo
Aqui em fortaleza ta muito perigoso. Está muito mais em conta que um guarda costas. Os pivete não querem mais roubar meu celular. Agora querem roubar ele. Mas de boa. A parte ruim é que ele não voa. Mas indico pra lugares violentos como fortaleza. Wellen lima,Neutro
"Ótimo produto, entrega rápida e bom atendimento,chegou tudo conforme anúncio.",Positivo
"Não é o material que eu esperava, porém deu certo no aparelho.",Negativo
"Um absurdo vcs venderem uma bicicleta e nao colocarem uma informação tao importante como o tamanho do quadro, afinal, qual o tamanho do quadro?  Eu posso escolher?",Neutro
"O conjunto é muito bom, tem um ótimo custo-benefício e oferece bastante qualidade quando comparado com o preço e outros produtos concorrentes. Fácil de limpar e manusear.",Positivo
alem disso não encaixa no plugue original do carro. a mecânica também não presta. os parafusos não encaixam direito e sobe lento o vidro.,Negativo
Produto ótimo custo/benefício. Só demorou um pouco para chegar e veio sem a nota fiscal. Imprimi nota que foi enviado por e-Mail e pronto. Recomendo.,Positivo
"Achei a tomada um pouco curta, tem que usar uma extensão pra não ficar mudando de tomada, mas fora isso, é um ótimo produto.",Positivo
"Fiz uma simulação de frete. O frete para meu endereço ficou em torno de 101,00. Absurdo.",Neutro
Estou satisfeita com o produto. Atendeu às minhas expectativas: fácil de operar e um desing atraente.,Positivo
"Meu filho gostou bastante, recomendo podem comprar",Neutro
Aparelho muito bom prático  recomendaria esse aparelho.,Neutro
"comprei um aparelho, quando chegou veio com o lacre aberto com uma fita transparente por cima, ao abrir percebi que o carregador não era do modelo de tomada daqui do Brasil, não é original, nem ele, nem o fone, nem a bateria. tudo escrito em mandarim. e pra me tapiar me mandaram uma capa e uma pelicula de vidro dentro da caixa. eu quero solução! comprei pelo site da americanas , mas fui informada que foi a loja Soltech net. não recebi nota fiscal, nem na caixa nem pelo e-mail. aparelho réplica, mas que vergonha Americanas",Negativo
"Produto ótimo, melhor preço de todos os sites que pesquisei, forma de pagamento super flexível, e chegou rapidinho!",Positivo
Gostei do aparelho  só fiquei insatisfeita porque fala que vem o fone de ouvido e o meu não vei,Neutro
é bom mas nao estou conseguindo parear bluetooth alguem pode me ajudar?,Neutro
"felizmente, diferentemente dos outros 5 produtos prime que comprei, este fornecedor não enviou produtos ponta de estoque nem mal embalados e/ou danificados. Vieram os trees bem embalados, prezo pela qualidade acima de qq deswconto",Neutro
"Nao recebi o produto, vcs nao extornaram a compra e eu vou processa-los",Negativo
Pratico e bem básico para uso doméstico. Entrega super rápida.,Neutro
"Fiquei muito insatisfeito, pois já comprei produtos mais baratos com muito mais qualidade, conforto só no titulo do produto mesmo, pois o solado é duro e muito desconfortável, qualidade muito baixa e acabamentos muito ruins, não recomendo a compra a não ser que você esteja com raiva de alguém e queira presenteá-lo.",Negativo
"Produto bom, porém é extremamente barulhento! O motorzinho começa silencioso seguindo pra um barulho alto que incomoda muito !",Positivo
"Ótimo produto, e entrega da Americanas excelente recomendo a todos.",Positivo
"Não recebi meu produto, que era pra ter chegado dia 22/05/18. O site com defeito não faz o rastreamento do produto. A última atualização da transportadora foi dia 09/05/18 e depois não atualizou mais. Liguei no televendas e eles estão aguardando resposta da transportadora, isso já tem 3 dias...e olha que foi feito pedido dia 29/04/2018, nem se falava em greve dos caminhoneiros....",Negativo
No jogo de 5 tapetes veio faltando o dianteiro do lado do carona,Negativo
Envio rápido!!! E bem embalado!!! ótimo produto!!! ok!!! Ok!!,Positivo
O produto atende a especificação da compra. Para isto foi feita uma pesquisa de características tecnicas visando adequação do equipamento às minhas necessidades...,Neutro
Moro em SP e comprei o barbeador de presente para meu pai que mora em TAUBATÉ. Levei para ele no final de semana e quando foi usar o aparelho desmontou na parte superior e não mais conseguimos fazer funcionar. Falamos com as LOJAS AMERICANAS e ela lavou as mãos dizendo que já fazia mais de 1 semana e nada podia fazer. Em um primeiro momento me foi passado um telefone da empresa para buscar assistência técnica mas este telefone não atendia. Posteriormente foi passado novo endereço no centro de SP mas ainda não tive tempo de procurá-la.  Resultado: NUNCA MAIS PRETENDO COMPRAR PRODUTO NAS AMERICANAS E SEMPRE QUE PUDER FAREI PROPAGANDA NEGATIVA E NÃO RECOMENDAREI COMPRA. NUNCA VI TANTA FALTA DE ATENDIMENTO AO CLIENTE. PENA QUE EMPRESA TÃO GRANDE DE UM GRUPO TÃO FORTE TENHA UM COMPORTAMENTO DESTE COM O CLIENTE. HORRÍVEL,Negativo
Gostei do produto chegou bem antes do previsto bonito,Positivo
Produto de qualidade e entregue antes do prazo determinado.,Neutro
Gostei muito recomendo  pequeno mais util prática se acomoda em qualquer lugar em seu banheiro,Neutro
Recebi numa embalagem feita com carinho. O pote vem embrulhado com laço e junto uma surpresinha.,Neutro
"Gostei muito do carrinho, o bebê conforto também é bom, mas a alça trava na hora de subir.",Neutro
"Imagem muito boa, rápida quando muda de canal. Só não gostei mais por quê não consigo baixar o telecineplay. Fiquei um pouco frustrado.",Neutro
"Produto prático, resistente e com ótimo acabamento. Recomendo!",Positivo
"Quanto ao funcionamento é excelente mas a sensibilidade da tela é horrível. Deixei cair 2 x com capa protetora e as duas tive prejuízo de 700,00 no total.",Neutro
"O produto é bom, bem acabado, porém não pára de pé. Precisa ficar encostado na perede para não cair. Recomendado para crianças pequenas com menos de 5 anos pois a alça é pequena para carregar como mala.",Neutro
podia fazer promoçao com a morena tambem achei uma forma de rascismo  fazer a promocao so com a loira,Neutro
O produto é bom embora o tecido esteja mais fino do que normalmente era. Mesmo assim recomendo.,Neutro
"A luminosidade desta lâmpada não me surpreendeu, no comparativo com uma lâmpada de 9w que tenho em minha residência, a luminosidade parece a mesma!",Neutro
"Amei. Prático, eficiente, lindo. Entrega super rápida. Estou muito feliz e recomendando as amigas e família.",Positivo
"Gostei do produto ,apesar da potencia dele que é bem fraquinha , recomendo. Entrega super rápida e veio tudo certinho.",Neutro
recomendo o produto. facil de montar e qualidade excelente,Positivo
"Realmente impermeável,Vai proteger meu colchão como preciso essa era a intenção mesmo. Demoro bastante a entrega por algum erro nos Correios q n recebeu.",Positivo
"Não gostei, pensei que fosse maior. Comprei pra gamer mas não gostei!",Negativo
"Chegou bem antes do prazo, pendrive veio bem lacrado.",Positivo
Primeira vez que sinto cheiro de amônia muito forte no produto que deveria ser inodoro.   Não senti nada após o consumo.,Negativo
Não comprem esse produto. Gastei 30 reais (incluindo o frete) à tona. A película veio amassada e não adere no celular.,Negativo
"estou satisfeita, molda bem meu pescoço e aliviou um pouco de minha dor",Neutro
"Chocolate incrível, vale o preço. Super recomendo!",Positivo
"As panelas sao de otimas qualidade,lindas e bem resistentes,o problema e que o cabo queima,mais eu fiz a reclamaçao e eles vao fazer a troca do produto ! estou super satisfeita com a empresa por nao deixar seus clientes  na mao !bem educados ! Em relaçao a entega foi super rapida,afinal nunca tive problema nenhum com a loja americanas,amo essa loja ! mais enfim!gostei muito do produto e compraria novamente pela qualidade das panelas....",Neutro
"Produto bom, minha filha adorou, apenas diz que vem 04 bonecos e eu recebi com duas bonecas. Deveriam rever a descrição do produto.",Neutro
Super silencioso bonito e muito frio... Gostei demais  deste split!,Positivo
Muito bom   pra quem  precisa de um celular  intermediario  . Atendeu  alem de  minhas expectativas.,Positivo
"BOM, APENAS PENSEI QUE ERA DE MELHOR QUALIDADE. É MUITO FINO E LEVE.",Neutro
"Designer arrojado, super prático e funcional amei o produto",Positivo
"essa é a melhor creatina que existe, o produto vem lacrado direitinho e rápido.",Positivo
"O prazo final é hoje e até agora não tonho notícias do meu produto, pois não estou conseguindo reastrea-lo. Quero sabe o que aconteceu",Negativo
"Pc fica reiniciando, e entrado em tela de recuperação, pc não presta",Negativo
"O produto era para ter sido entregue dia 18 de maio, porém, ainda não chegou em minha residência. Estou aguardando a entrega...",Negativo
"O som tem o volume muito inconstante e o aparelho frequentemente vem ligando sozinho, quanto a ligação quem está do outro lado, não escuta minha voz.",Negativo
"O produto é bom,mais eu achei que era mais confortável.",Neutro
"Huggies Soft Touch é uma fralda macia, confortável e com boa resistência... Amei, eu e minha pequena recomendamos.",Positivo
"Era o que eu esperava, qualidade de imagem, com preço compatível, além da entrega super rápida.",Positivo
já tinha feito o cancelamento deste produto 4 vezes ainda aguardando  o estorno com isso fico só na promessa e tudo isso foi bem antes da greve dos caminhoneiros as lojas americanas.com esta desrespeitando em tudo.,Negativo
EXCELENTE RESTAUROU TODO O MEU CABELO TODA A MINHA FAMÍLIA USOU E GOSTOU,Positivo
Pior que o J7 normal. O J7 normal é  mto melhor sem sombra de dúvida,Negativo
Achei o amortecedor duro no uso. Quando abre chega a balançar o carro de travado.,Neutro
"O produto é incrivelmente pequeno, ainda não usei, por estar decepcionado com o tamanho, mas, de um modo geral a qualidade das peças que compõe o kit são boas, apenas o balde que dá impressão de ser frágil demais, pois, mais parece um baldinho de praia para brincar na areia. Quando eu usar volta para complementar a avaliação.",Neutro
Funciona como carregador normal não gostei muito ruim,Negativo
Celular com excelentes características. Configuração boa e relação custo x benefício ótima.,Positivo
HEADSET GAMER 7.1 MUITO BOM PARA RAINBOW SIX SIEGE,Positivo
"Comprei todas as temporadas pelo site americanas. Bom preço, bom produto, entrega rápida.",Positivo
"Produto com marca de procedência, entrega ágil e preço dentro do esperado.",Positivo
Gostei muito do produto!. Não é pesado. Ótimo produto.,Positivo
"Bom produto, supre as necessidades para áreas pequenas com trabalhos leves!",Neutro
EU NÃO TENHO NOTA FISCAL DE UM PRODUTO QUE PAROU DE FUNCIONAR NO SEGUNDO DIA DE USO. ALÉM DISSO VCS NÃO RESPONDEM NADA POR TELEFONE. PELO SITE TB NÃO . NÃO RECEBI NENHUM MAIL COM MINHA NOTA E JÁ PEDI DESDE SEGUNDA FEIRA PELA TERCEIRA VEZ.,Negativo
Não machuca  e tira bastante leite. Só é um pouco difícil de montar no começo.,Neutro
"A coifa é linda,porém ela veio com o touch scren com problema,ele liga sozinho,terei que trocar a mercadoria.",Neutro
"Aparentemente parece bom aparelho, vamos ver na prática no passar do tempo",Neutro
"O produto é bem legal, vem muito bem embalado e protegido. As Lojas Americanas estão de parabéns pela agilidade na entrega. A FAM DVD MOVIE está de parabéns pelo cuidado ao embalar o produto para o envio á transportadora. O único senão que tenho do produto, foi que o produto veio com duas pilhas AA já instaladas ao invés de virem numa embalagem separada. O que aconteceu foi q as pilhas estavam vazadas dentro do produto e o material quimico corroeu o cromo das molas do compartimento. Por sorte, o material q vazou das pilhas não estragou outras partes do compartimento e foi possível ligar o ovo com pilhas novas após limpeza. Quase que o Ovo chega defeituoso.",Neutro
"muito bom produto para iniciantes, principalmente crianças devido ao pequeno porte do mesmo",Neutro
"gostei muito do produto, tem tudo o que necessito!",Positivo
"Tive problema c a fonte do equipamento q veio c defeito. A empresa substitui a fonte, mas tive q enviar p eles via Sedex e ainda não fui reembolsado. Foi uma despesa a mais q tive. Normalmente qdo isso acontece a Americanas nos manda uma autorização de postagem o q não aconteceu por parte da empresa. Desta forma não tenho interesse em comprar mais qdo se tratar de parceiro e não direto da Americanas. Obrigado.",Neutro
"nao posso  falar ainda se o guarda roupa e ruim  pq  ja tem 2 meses q era pra eloe ter chegado  e ate agora  nada, essa foi minha experiencia com a loja e nao foi  uma das boas nem frete  eles queren devolver  pelo  atraso.",Negativo
"Achei meio fraco dependendo do uso nao vai aguentar, alem de pequeno a lamina, vai precisar de mais tempo para aparar ou cortar o cabelo ou barba. Vou usar se caso for superior mudo minha avaliação.",Neutro
"O produto é bom, só uma pena a câmera não ter o modo PRO (controles manuais) para foto. Mais num todo,está dentro das especificações mostradas no site.",Neutro
Produto muito bom.  Adorei! Eu recomendo pra vc que adora fazer pão  Doces e precisa calcular o peso. Vc não vai errar a receita porque esse produto vai te ajudar muito.,Positivo
Comprei o mixer Mallory Trikxerinox o produto chegou dentro do prazo porém veio faltando uma peça na caixa vem um número e um e-mail pra entrar em contato porem quando entro em contato o número não atende e o e-mail fala que não existe o produto esta parado .... péssimo atendimento,Negativo
"O produto em geral tem uma boa qualidade. Martelo, chave para bits, bits, chave catraca e soquetes feitos em material bem resistente. Trena e estilete de qualidade baixa. As chaves de precisão de bom material. Para uso doméstico é ideal.",Neutro
Comprei o produto conforme anuncio e me enviaram outro totalmente diferente.  Estou tentando entrar em contato para efetuar a troca.,Negativo
"Produto possui um cheiro estranho nos primeiros dias, mas já está quase imperceptível. Eu estava em dúvida entre um colchão normal ou ortopédico, diria que esse ficou no meio do caminho, muito firme, mas bem agradável. Além disso, preço ótimo e entrega rápida...",Positivo
"Pra começar, veio o cpu diferente do que eu pedi, não funciona, ele liga tudo certo mas não da vídeo, não da nem sinal no monitor, tentei com todos os cabos e monitores e não deu. E também não veio com placa de vídeo como promete no anúncio... Placa de vídeo ATI 512mb",Negativo
Eu amei o produto! é o atendimento de vocês e a agilidade da entrega obrigado.,Positivo
Este produto é muito bom e recomendo a outros  E veio tudo ok,Positivo
"Desde a primeira vez que liguei o notebook, do jeito que ele veio de fábrica mesmo ele já era lento. Liguei diversas vezes para a assistência técnica da Samsung e só me mandam resetar ao padrão de fábrica (já resetei 5x). Depois de ligar o notebook, para conseguir executar uma ação simples, como abrir o windows explorer, são quase 2 minutos. A última coisa que este notebook tem, é alto desempenho!",Negativo
"comprei o produto de 500ml e veio pote de 250ml e não sei se realmente é da loreal, a embalagem parece falsa. ************************************************************************************************************************************************************************************************************************************************************************************************************",Negativo
"Excelente produto, rápido , ótimo acabamento e silencioso.",Positivo
"Produto chegou antes do prazo, atende as minhas necessidades.",Positivo
"Estou indignada ao ver este produto... Pelo amor de Deus não comprem isso para suas calopsitas, pobrezinhas, elas não são bichinhos para vestir roupinhas, etc... Na minha opinião o site deveria retirar este anúncio!",Negativo
Fui enganada me mandaram produto de valor inferior. Total falta de compromisso. Me admira uma rede como a Americanas trabalhar em conjunto com empresas tão descomprometidas.,Negativo
"GOSTEI MUITO, PRA MIM TA SENDO UM ÓTIMA EXPERIENCIA COM O MOTO X4.",Positivo
"Imprimi 5 páginas e apareceu informação na na impressora que o toner estava no fim, fica fazendo a impressora dar pau toda hora tem que tirar ele e colocar novamente já pedi o estorno do que gastei e não tive nenhuma resposta",Negativo
"Vocês realmente estão dê palhaçada!  Eu comprei o jogo 7/05 logo no dia seguinte já foi autorizado o pagamento, mas faz extamente 4 dias úteis que vocês estão emitindo a nota fiscal, sério que falta de consideração com Deus cliente americanas! Já fiz muitas compras nesse site, mas nunca mais vou comprar! Vocês precisam procurar o que significa pré-venda, porque realmente parece que não sabem!  Obrigado por satisfazer seus clientes!",Negativo
recebi um produto nas condições e com a qualidade que esperava.,Positivo
Entrega ATRASADA!!!!!!!!#!!!!!!!!!!!!!!!!!!!!!!!!!!!!!!!!!!!!!!!!,Negativo
"Chegou rápido, mas como o meu desempenho em 3D é pequeno, vou continuar utilizando o filamento ABS nas minhas futuras impressões.",Neutro
depois que Americanas terceirizou suas vendas  a qualidade caiu muito comprei esse telefone no dia16/01 ate hoje não recebi. era bom agora esta pessimo,Negativo
"Instalei na minha saveiro ta dando 180 km por hora na primeira marcha, fique até com medo de por segunda.",Neutro
"Como pode uma empresa tão conceituada e grande, que pega a descrição de um produto e visivelmente joga non google tradutor e não se da ao trabalho de arrumar?  um pouco mais de dedicação seria de bom tom.",Neutro
Produto não muito resistente. Manual de montagem péssimo.,Negativo
"O produto veio com algumas paginas com defeito de impressão, da para ler .",Neutro
"o produto chegou muito rápido, bem antes do combinado, recomenda a todos, empresa com atendimento ao cliente nota 10",Positivo
"Chegou com 1 semana de antecedência!!! Dei de presente para a minha mãe, ela acordou, mais bonito pessoalmente.",Positivo
Pela primeira vez fiquei triste com uma compra com vcs. Veio faltando a lixa!,Neutro
"Péssimo. Comprei desde o dia 4/12 e ate agora nem mesmo a nota fiscal eletrônica foi emitida. Estou achando que cai num golpe. Quero meu dinheiro de volta.Absurdo a lojas Americanas permitir que esses sites sem credibilidades usem seu espaço para vendas. Estou extremamente chateada, pois nem mesmo uma ligação ou e-mail eu recebi para me esclarecerem o q esta ocorrendo com minha compra. Irei para justiça.",Negativo
"Não posso nem  avaliar o produto, pois comprei em dezembro e ainda não recebi o produto, ele não me dão nenhuma solução !",Negativo
Produto adquirido com voltagem errada e ao tentar a troca a empresa não retorna o contato. Mais de 30 dias tentando contato.,Negativo
"ME SENTI ENGANADO E ESTOU MUITO REVOLTADO, NÃO TEM O PORQUE ENGANAR O CLIENTE DESTA FORMA, POW SE O PENTE É DE MADEIRA TUDO BEM, MAS DE PAPELÃO É MUITA SACANAGEM, PELA SEGURANÇA QUE A LOJA TRANSMITE ISTO É UM FIASCO., ESTOU DESACREDITADO",Negativo
"PANELAS TAMANHO MEDIO,PARA COZINHAR POUCA COMIDA É SUCESSO, A PRINCIPIO A COMIDA NÃO ESTA GRUDANDO E FACIL PARA ARIAR,POREM MATERIAL UM POUCO SIMPLES, PANELAS BEM LEVES ,BASICO PARA O DIA A DIA,MAS NÃO APARENTA SER UM MATERIAL COM LONGA DURABILIDADE,",Neutro
"O produto me atendeu plenamente. Fiquei satisfeita e o produto chegou dentro do prazo    acordado. As cores são neutras e ficaram bem no sofá. tem local para colocaçao de controle de TV que facilitam no dia a dia,",Neutro
"Ainda não li, mas a curiosidade em ver o outro lado da moeda é grande (risos).",Neutro
"Produto bom. Entrega nota 10. A única coisa que não gostei foi de não bater poucas claras, meus bolos tem de 3 a 4 claras, e não bate claras em neve nessa quantidade, necessitando usar a batedeira antiguíssima Philips Walita . T",Positivo
"Produto chegou dentro do prazo, amei minha prancha, esquenta bem e alisa Mt. Só não veio na cor que pedi.",Positivo
"Conheço o produto por indicação de terceiros. Mas ainda não recebi o meu. Já tem mais de um mês a compra. Estou aguardando, pois nem a nota fiscal foi emitida ainda.",Neutro
"Poderia ser um pouco mais grosso, mesmo assim gostei bastante.",Neutro
Ele trava de vez em quando.  O teclado também é ruim. Vc tecla numa letra sai outrs,Neutro
Excelente aparelho. Não trava. É bonito. A bateria dura muito tempo.,Positivo
Depois de 4 meses de uso o carregador não funcionou mais... Solicitei a garantia de 12 meses com a Mymax e Não tomaram conta do assunto.,Negativo
"O freio e os pedais não são tão bons, mas ela é leve e funciona muito bem. O amortecimento é ótimo!",Positivo
"Está sendo entregue pelos correios e ainda não chegou e o prazo de entrega é até hoje. Péssimo, a loja já foi excelente, não posso avaliar o produto pois não chegou",Negativo
"É muito bom leve e fácil de usar moderno,além disso chegou muito rápido a Americanas está de parabéns em ralação de produtos vendido por ela mesmo.",Neutro
Comprei o boneco antes do natal veio com o braço solto pedi para trocarem fez 3 semanas e nada,Negativo
"Produto bem embalado e chegou antes do prazo, totalmente satisfeita com esse produto da Samsung",Negativo
"Sem dúvidas a melhor loja virtual que conheço, super recomendo, parabéns a família Americanas.",Positivo
"Recebi a mercadoria hoje, dentro do prazo de entrega, porém o Shake que solicitei no sabor CHOCOLATE veio de morango, que eu odeio!",Neutro
"Produto muito bom,recomendaria a outras pessoas...",Neutro
São idênticas às da foto bonitas Gostei muito e chegou antes da data combinada,Neutro
"Adoraria dar uma avaliação positiva, quanto a Torneira Com Filtro Cozinha Parede Gourmet Jr. Mas infelizmente não posso, pois me entregaram o produto errado. Ao invés de receber a gourmet jr, recebi uma outra que provavelmente custa menos da metade do preço. Por isso escrevo aqui, não para avaliar, e sim pra mais uma vez deixar a minha insatisfação registrada!!! Obrigada",Negativo
"Até hoje não recebi o produto, está parado em transporte desde dia 28/02 e já é dia 18/03, sendo que era pra chegar dia 05/03. Só me enrolam, ninguém passa uma informação correta, só falam que tem que aguardar. Sinceramente nunca tive problemas em comprar aqui, mas essa compra está me dando dor de cabeça. Então infelizmente não pode dar nenhuma estrela, não até o momento pelo menos.",Negativo
Não faz gelo. Sequer a água desde do reservatório até o freezer onde fica a forma de fazer gelo. De resto a geladeira é boa,Negativo
"Estou realmente decepcionada tanto com as Lojas Americanas , quanto com esta empresa parceira MERCADO BRAZUCA, pois realizei minha compra desde o dia 22/02/2018, e até hj nao recebi, o status nao atualiza, não me enviaram a nota fiscal eletronica, e não ha previsao de entrega!!! sem contar que esta tal empresa BRAZUCA não possui atendimento, não possui referencia alguma. Fikem atentos para não cairem na mesma situação que eu e o consumidor q avaliou logo abaixo.",Negativo
"Otimo produto, veio bem acondicionado. Optei em comprar dessa marca, pois já possuo um outro hd da Seagate, que até o presente momento não tive nenhum problema.",Positivo
comprei para presentar meus filhos. adoraram o produto,Positivo
"Fogão de ótima qualidade. Tanto nas bocas como no forno, as chamas são bem altas.",Positivo
"Não gostei do produto, faz muito barulho. Não recomendo.",Negativo
Gostei muito ! Atendeu as minhas expectativas . Produto bom preço ótimo,Positivo
recomendo a todos que comprarem pois sera uma excelente aquisição,Positivo
"O meu veio com avarias riscos e ja faiz mais de 20 dias q efetuei a troca e to esperando o estorno,ate o presente momento nao tenho nenhuma resposta da devoluçao td vez q ligo pro sac eles fala q vai retorna e fico no aguardo vamos ver ate aonde vai.",Negativo
"TODAS AS MINHAS AMIGAS E PARENTES TEM O J5, TODAS GOSTAM , POREM O MEU ESTA ESQUENTANDO E A BATERIA COM POUCA DURAÇÃO.",Negativo
"Parou de funcionar com pouco tempo de uso, não consigo achar a nota para trocar, um pesadelo de compra",Negativo
"São 10 cuecas, sendo 4 Lupo e outras diversas.  Se não fosse o fato das diversas serem de tamanhos diferentes da Lupo, por pura falta de padronização, até ficaria mais satisfeito. Não vale o investimento, enganação.",Negativo
"Vale a pena pelo custo beneficio . o alto falante e' baixo, câmera e' de regular , para as demais função e' muito bom e bem rápido",Neutro
Não foi bom já foi pago a primeira parcela e o erro da entrega fez com que cancelacem meu produto meu filho está esperando desdo dia 22,Negativo
"Não recomendo por causa da entrega, processo de entrega muito lento.",Negativo
Tudo dentro do esperado. Compra fácil e segura como sempre.,Positivo
"A capinha é meio grossinha, boa no caso desse celular pois ele é muito frágil e escorregadio. Quanto à pelicula eu ainda nao a instalei.",Neutro
Algumas teclas do Smart Pad vieram com defeito e não funcionam.,Negativo
"Adorei o atendimento foram muito atenciosos,produto de ótima qualidade,entrega rápida! Gostei muito obrigada a todos",Positivo
"O produto veio errado, comprei cafeteria na cor preta , recebi alumínio....fiquei frustrada.",Neutro
"adorei o tapete,chegou  antes do prazo,tudo perfeito",Positivo
"Cumpre o que promete, recomendo este produto. Gostei muito do produto",Positivo
EU COMPREI A CANETA PRETA. VEIO ERRADA.. NÃO FEZ AFEITO NENHUM,Negativo
"Os produtos não são originais, porém, satisfazem a necessidade doméstica.",Neutro
"Maravilhoso, material de primeira qualidade fiquei muito satisfeito com tudo tão de parabéns.",Positivo
Para quem procura uma placa top de linha para excelente performance,Positivo
"Até agora não tenho o que reclamar, venho em perfeito estado e funciona bem.",Neutro
"GOSTEI DO PRODUTO, OTIMA QUALIDADE., CHEGOU SUPER RÁPIDO.",Positivo
E um jogo que trava muito. Não gostei me enganei nunca mais compro fifa,Negativo
"Esse é o primeiro martelo forjado para o filho de Odin. Como ficou muito forte, teve medo em dar a Thor, por isso envio a terra para ser vendido na americanas.",Positivo
"Gostei de tudo Atendimento, preço, entrega. Recomendo.",Positivo
"Na caixa fala que a bateria dura 2 à 3 horas. Porém dois skates que pedi acaba com 1 hora de uso, pedi os skates com kit que vinha a bolsa para carregar que só veio em 1 skate. Tirando isso recomendo!",Neutro
"Produto é bom, porém veio com defeito. Tenho outro igual, só que mais velho, mas até hoje é silencioso, sendo que o novo veio fazendo barulho como se estivesse vazando água por dentro",Neutro
"Melhor câmera já feita l, excelente produto, chegou muito rápido",Positivo
"A entrega do produto no prazo, mas o produto de péssima qualidade, não ventila nada. Ele ligado e desligado dá na mesma.",Negativo
"É difícil descrever em palavras, mas este Single Malt é um verdadeiro achado. Paladar rebuscado e ao mesmo tempo de simples apreciação. Um dos melhores que já experimentei.",Positivo
"O kit é minúsculo. Parece de boneca. A entrega da americanas é excelente. Rapida demais, mas o produto não era do tamanho q esperava. Vou devolver!",Negativo
"Qual o comprimento do fio, poucas informações no site, passa a ficha completa dele por favor?",Neutro
"Atá agora, apesar das sucessivas reclamações NÂO RECEBI O PRODUTO, sendo assim não tenho condições de fazer a avaliação.  Todavia com relação com prazo de entrega e ao atendimento  minha avaliação é :                    Serviço de comunicação e entrega de,PESSIMA QUALIDADE.  a ENTREGA ESTAVA PROMETIDA PARA 5 a 8 DIAS E JA SE  PASSOU MAIS DE 1 MES E NÃO RECEBI A MERCADORIA.  vIRGILIO",Negativo
"Muito linda perfeita minha sobrinha amou,excelente material e boa qualidade super recomendo.Atendimento maravilhoso",Positivo
"Perfeita para quem gosta de café fresco. Faz só o suficiente, sem desperdício. Siga as medidas de pó e água conforme o manual de instruções que não tem erro.",Positivo
Não posso opinar o meu microondas veio com defeito sem mais,Negativo
Trata-se de mais um bom produto da gigabyte para processador da marca Intel.,Neutro
"Celular muito bom, atendeu as expectativas, ótima compra. Recomendo",Neutro
Em virtude da falta de leitor de CD o notebook fica limitado ..,Neutro
"Muito bem acabado, peça para compor um look sensacional.",Positivo
"Produto bom para minha vó, mas a entrega passou do prazo, fiquei decepcionado com isso",Negativo
"Ainda não utilizei o produto, mas a princípio me parece de boa qualidade.  Veio bem embalado e a entrega foi rápida. Não ultrapassou a previsão, mas também não chegou antes.",Neutro
"Já abri uma reclamação, pois comprei dois itens deste produto, e só veio um, e ainda veio com defeito, o som e a luz não funciona... Tem q trocar esse e receber o outro, pois como disse comprei e paguei dois Bonecos Hulk. Espero retorno.",Negativo
"Recomendo este modelo de ferro de passar, me surpreendeu... atendeu a todas as expectativas....",Neutro
"O teclado é bom.  Nesta peça que recebi, somente a tecla de espaço, que as vezes quando digitamos dá um duplo espaço.  Poderia ser mais silencioso na digitação das teclas.",Neutro
"Na primeira tentativa de entrega, não possuía ninguém  na casa, e os entregadores deixaram o produto em um vizinho. Primeiro que o produto era pra ser entregue na casa de meus pais, que são idosos, não tem condição físicas de carregarem um produto. Logo foi necessário contratar alguém para buscar. Segundo, se o vizinho agisse de ma fe...e  roubasse o produto quem iria sair perdendo? Muita falta de respeito Endereço de entrega existe para ser respeitado",Negativo
"Sempre tenho problemas com a entrega. Comprei em dezembro e ainda não recebi, porem no site consta como entregue. Não recomendo o site, mas recomendo o produto.",Negativo
"Nao conseguir especificar o tamanho que quero, Quero o tamanho 15,6 ou maior! Obrigada!",Neutro
atende a minha necessidade e auxilia na hora de fazer a refeição,Positivo
"Bom produto prático, seguro. Poderia vir com mais pás....",Neutro
"O produto é  bom, mas entendo que de alguma maneira a fábrica deve colocar vedantes de barulho. As fábricas deviam pensar também no armazenamento do aspirador, trocando as caixas por materiais mais resistentes.",Neutro
Gostei muito do processador e comprei para presentear.,Positivo
Ótimo trabalho das Américas virtual.....mercadoria top.....sem nenhuma reclamação a fazer......obrigado americanas,Positivo
"Não é o da foto. É mais frágil. A velocidade do PC para ele e do 2.0, lento demais. Agora dele para o PC é um foguete. Único ponto positivo do produto. Além disso a alcunha para chaveiro atrapalha o uso da porta USB. Tem que retirar algum periférico do notebook.",Negativo
nunca chega faz um mês que estou esperando com a moto parada e não posso fazer nada. D desculpas o inferno ta cheio eu quero meus pneus.,Neutro
Produto ótimo e muito prático. Atendeu nossas expectativas!,Positivo
"Extremamente decepcionado com o serviço. Após 30 dias da compra, no dia previsto para a entrega houve o cancelamento da mesmo por suposta indisponibilidade do produto.",Negativo
"Ótima balança , pequena e prática , recomendo. Entrega super rápida , parabéns a empresa  pela agilidade.",Positivo
Meu produto veio quebrado nao consigo entra em contato com o vendedor estou muito chateada e amanha vou no procom,Negativo
Produto chegou em ótimo estado e dentro do prazo. Obrigado as lojas Americanas.,Neutro
O produto protege o visor do relógio sem diminuir a sensibilidade da tela.,Positivo
"Comprei e a assistência técnica é péssima, simplesmente não atendem. NF 1083947. Fontaine e Americanas não se envolvem. Saiam desse problema.",Negativo
Meu filho amou a bike nova só me enganei pelo tamanho tinha que ser um pouco maior,Neutro
"Propaganda enganosa! Veio com vários defeitos , não recomendo, muito pequeno não é o q consta nas fotos de propaganda!! Decepcionada com a compra!",Negativo
"Descrição fala que é 100% algodão mais não é, material  parece capa para coxão e não lençol. não recomendo",Negativo
É uma caligrafia mais contextualizada. Em vez de copia só palavras soltas as frases completas  é mais realista e menos chato.,Neutro
"Produto muito bom,como eu esperava.e parabéns para americanas,muito pontual.",Neutro
Quero receber meu dinheiro de volta! Como faço para devolver? Ainda esta na garantia!,Negativo
"Comprei o produto na intenção de presentear uma prima de 5 anos. Para esse fim, o produto é ótimo (com exceção da memória), agora.. se alguém quiser adquirir este produto para uso próprio, recomendo que dê uma olhada em outras opções até mais antigas (como exemplo o moto g primeira geração, que ainda se sai muito melhor que este celular)",Negativo
ainda não recebi o produto- já completou 30 dias do pedido  e ele ainda não chegou.,Negativo
É bom. Foram dentro das minha expectativas para este aparelho!,Neutro
"O produto é prático, e faz tudo que promete. Surpreendeu.",Positivo
"Comprei e ate hj nao chegou , porque os entregadores ficam la em baixo no prédio e nao sobem para me entrega no meu apartamento . Estou idiguinada.",Negativo
"Sou cliente da loja Americanas e sempre dou preferência na compra dos meus produtos.Sempre de qualidade e entrega no pra, mas infelizmente esse perfume é FALSIFICADO.FIXAÇÃO PÉSSIMA.Basta ver a setinha para à esquerda no fundo da embalagem, e a embalagem sem fixação interna do produto, e mole.Isso são ferramentas utilizadas por falsificadores e só quem entende de perfume sabe.",Negativo
Esse produto eh muito bom e bonito fiquei muito feliz em adquiri-lo. Fiquei Realmente muito satisfeita. Amei de verdade. Obrigada.,Positivo
"Não recomendo, o sistema é muito lento, leva mil anos pra abrir qualquer coisas",Negativo
"Qualidade do tecido ruim e os rolinhos ficam soltos, não possuem laços para amarrarem-se entre si e no berço.",Negativo
"O cartão de memória vem com capacidade de 29,7gb não 32gb como consta no anúncio. É pouca diferença mas não corresponde ao anunciado",Negativo
"Muito bom, material resistente, mas acho que não deveria ter furos para escoar água, acho desnecessário e tive que tapar.",Neutro
"Não sei se foi falta de cuidado da minha parte ou falta de informação no anúncio do produto. Comprei bateria para nobreak's, porém veio escrito nas baterias que não podem serem usadas em nobreak's. Fica a dica para antes de efetuarem a compras,  observar esse detalhe.",Neutro
Só tem um porém eu comprei ela tamanho M mas ela veio parecendo que era uma GG mas na etiqueta a numeração era M acho que um erro de fábrica mas o produto é essa lente um pano de qualidade gostei muito,Neutro
"O produto chegou antes do prazo (como isso é bom!) e além disso, ele em si, satisfez completamente minhas expectativas.   Recomendo muito!   Não vejo a hora de poder comprar mais desses.",Positivo
"Nem coloquei no colchão, achei ruim, parece um lençol de elástico descartável",Negativo
"O produto veio trocado. Fiz o pedido deste da imagem ilustrada e veio um do frasco vermelho.  Fiquei com o produto por necessidade do mesmo.  Mas acho uma falta de respeito enganar o comprador com imagens diferentes.  Produto é bom, mas vendedor ruim.",Negativo
"Achei bonitas, cores são vermelho, azul e verde e quando está rápido fica branco. O preço é bom, mas, o anúncio é um tanto enganoso à respeito da dureza, minha roda 82a é aparentimente mais dura (ela deve ser em torno de 79a ou 80a. Ainda que se avise que não se deve andar no asfalto no anúncio, os números de dureza não é algo relativo dessa forma. E ainda que o preço seja bom e eu tenha gostado do produto gostaria de saber o que realmente estou comprando. Quanto a entrega, foi muito mais vantajoso que uma compra pelo ML por exemplo, meu produto chegou antes do praso.",Neutro
"Gostei muito, funcionando perfeitamente, e o produto chegou dentro do prazo previsto.",Positivo
"Completamente decepcionado com o produto. Produto de péssima qualidade. Num kit com 8 cuecas tamanho P, não tem duas como o mesmo tamanho. Peças P com molde de tamanho M e até G. Modelagem completamente desproporcionais. Algumas inclusive com pequenos defeitos.   Nunca vi produtos da marca Zorba com qualidade tão baixa. Dá até para desconfiar de que não são originais. Porém, mesmo que sejam ponta de estoque, o anúncio deveria informar adequadamente.",Negativo
"Não mantém a temperatura nem 2hrs e capacidade é de no máximo 800ml.  Quando  produto chegou pensei que a caixa estava vazia, imaginei que era um trote rsrs!  Já solicitei a devolução!!!",Negativo
"Asus nunca mais, comprei um Zenfone 2 deluxe achando que e como as placas-mães, mais deu 1 ano  tela ta dando um bug q trava e congela e faz um efeito cortina, e vi varios iguais ao meu com o mesmo problema. Que porcaria de celular",Negativo
EU SEMPRE COMPREI LG MAIS GOSTE DO PRODUTO DA PHILCO EU RECOMENDARIA A COMPRA PARA OUTRA PESSOA.,Positivo
Americanas solicitando avaliação de produto que não foi entregue? Mega insatisfeita e decepcionada.,Negativo
EM USO POR ENQUANTO RESPONDENDO AS ESPECTATIVAS  TEMOS UM PRAZO PRA USO  PELO MOMENTO SATISFATORIO,Positivo
"Esse monitor não tenho nada a contestar, bonito e ótima qualidade, 1ms, gsync, 144hz, pena que o preço em padrões BR é salgado!",Positivo
"Ambas vieram com o ""suspiro"" vedado, o que impossibilita o uso... Mas depois de alguns testes, usei um arame e abri o suspiro. Ficou ótima! Ainda tem certa resistência, mas nada que atrapalhe muito!",Positivo
Super recomendo produto excelente e de ótima qualidade nota 1000 mto obrigda.....,Positivo
USEI  A PRIMEIRA VEZ E OS BOTOES CAIRAM TODOS. NAO RECOMENDO DE FORMA ALGUMA,Negativo
"Produto Bom  1 cadeira foi enviada com furação errada,   8 parafusos curtos",Neutro
"Produto atendeu minha expectativa,super indico,a única coisa que poderia melhorar é o tamanho da tigela pois achei um pouco pequena mas fora isso é muito boa!",Neutro
"Vinho muito bom, acompanhou muito bem com peixes e frutos do mar! Recomendo a loja!",Positivo
Esse produto é excelente. Além de ser um produto de ótima qualidade é bastante eficiente.,Positivo
Poderia ser melhor recortado para não ficar um Quadrado colado no Carro. Mas gostei sim.,Neutro
"Péssimo péssimo péssimo, compro na americanas direto e não ganho meus cupons. Lixo lixo lixo, não indico vocês pra ninguém",Positivo
"A pensar de ter demorado bastante, ainda tive que retirar nos correios, é um produto bom, não conheço  a qualidade dos originais, más é um bom produto, meu filho gostou bastante.",Neutro
Além da entrega que sempre antecede o prazo.  O carrinho é super confortável é fácil de montar.,Positivo
"Produto atendeu minhas expectativas, chegou super rápido, bem  antes do prazo.",Positivo
"Carregamento muito rápido, como se estivesse numa tomada normal. Amei!",Positivo
"Eu ainda não comprei o produto, mas estou pensando em comprar, mas estou com uma dúvida, o teclado desse notebook é padrão ""ABNT2"" ( o teclado brasileiro com ""Ç"" ""~"" e etc... ) ?",Neutro
Cara isso é a pior coisa q já comprei muito ruim eles têm coragem de escreve Automático isso é manual pra mim por favor tirem isso de linha tô jogando fora o meu !!!,Negativo
"O produto é razoável, somente a base é muito fraca, comprei para meu filho que pesa 82 kg, quebrou no primeiro uso. Favor informar na descrição do produto que a base não é de aço e somente para pessoas de até 40 KG.",Negativo
Cumpre o papel esperado! Manual pouco explicativo no que tange a montagem dos pés.,Neutro
"Bom dia, no anuncio  do produto diz que viria uma bolsa e ela não veio.",Neutro
"Eu recebi o produto, depois que coloquei a película e comecei a usar notei que a função de voltar está com problema..as vezes ela trava..solicitei a troca estou aguardando...",Negativo
"Excelente produto. COMPRA efetivada pelo site das lojas americanas, atendimento perfeito, encomenda chegou rápido. Agradeço o atendimento",Positivo
"Bol muito pequeno Para que o batedor pegue no fundo para bater massa, tem que levantar o bol, senão fica o fundo sem bater. Boa velocidade.",Neutro
produto muito bom e atendeu minhas necessidades. Recomendo a todos esse produto.,Positivo
"Ótimo produto !!!! Chegou bem embalado, recomendo.",Positivo
"Muito bom, meu amigo está muito satisfeito. Eu também achei o produto ótimo, e vou recomendar com certeza.",Positivo
"Eficiente, prático e leve no manuseio. Uso sempre e tenho resultados bacanas.",Positivo
"Produto chegou antes do prazo, produto chegou rápido, produto lacrado novo.",Positivo
"Após uma semana de uso, não tem nada que desabone esse produto. Preço justo por um um liquidificador que não deixa nada a desejar, se comparado as outra marcas com valores maiores e em qualidade comparado as marcas de custo menor.",Neutro
"Produto bem delicado, fofo e de boa qualidade. Pelas fotos do anúncio da impressão que são xícaras maiores.",Positivo
Vamos ver a durabilidade pois já comprei outras lâmpadas de led que era bela viola por fora mas por dentro pão bolorento,Neutro
"instalei no meu computador, e só aparece o som, imagem nada, o parceiro não deu importância",Negativo
"Achei interessante o produto pelo seu design e pelo fato de ser de montar. Ele atende as funções a que se propõe e é bonito. Mas, acho que não compraria novamente pois não achei que entrega tanto pelo valor pago.",Neutro
"E um celular MT bonito, bateria excelente, foto MT boa . Tela excelente. Vale apena compra e.",Positivo
"Eu cancelei a compra na mesma tarde. E alem de me cobrarem na fatura, ficam insistindo em avaliar um produto que não quero.",Negativo
"Pequena e fraca, mas pelo preço não podia ser diferente. Não dura muito.",Neutro
"Bike muito boa e com um ar bem moderno, recomendo !!!",Positivo
"A comoda é muito pequena, parece um criado mudo. Comprei para presentear minha irmã e passei vergonha. Não recomendo.Vou ter que comprar uma comoda descente para reverter a situação. NÃO RECOMENDO.",Negativo
gostei muito do produto muito bom eu indicava este produto para outras  pessoa,Neutro
"O produto chegou antes do prazo, porém com defeito. O pés estão de alturas diferentes e o cesto não fica alinhado.",Neutro
"Som muito baixo, encaixe no painel não fica bom em EcoSport, câmera de ré não tem boa imagem, o site fez a entrega muito rápido como sempre, nesta questão é nota dez !! Mas não gostei desta central, me arrependo de não ter preferido um aparelho comum da Pioneer.",Negativo
"Já temos um desses aqui em casa e realmente é MARAVILHOSO! As crianças se encantam muito ao ouvir ele falar! É excelente principalmente porque não tem o som muito alto, até porque se assim fosse assustaria as crianças. Som ideal e agradável. É ideal em tudo! Comprem sem medo de errar...",Positivo
"É um bom produto, mas não se compara ao que tenho há mais de cinco anos, muito mais resistente. Tanto que continua funcionando apesar do meu gato ter mastigado o cabo. Comprei esse novo por garantia, caso o antigo deixe de funcionar, mas a qualidade deste é bem superior.",Neutro
"A previsão era pro dia 16, hoje já é 19 e ainda não chegou, ai não tenho nem como avaliar o produto se nem vi ainda ..",Negativo
Ótima parceria da lojas Americanas entregou bem antes do previsto.  Produto excelente. Recomendo.,Positivo
veio qubrada e vcs nao respondem meus emails vou no procon,Negativo
"O produto é bom, para o meu cabelo não deu o resultado que queria, deixou meu cabelo seco. Mas acredito que o resultado veria de cabelo pra cabelo.",Negativo
"Retirei meu celular na loja dia 22/02/2018, funcionou perfeitamente, apesar de uma duração baixa da bateria, ele é um celular bom, porém dia 03/03/2018 (isso mesmo, 09 dias) ele descarregou totalmente, quando o conectei ao carregador não ligou de jeito nenhum! Pesquisei bastante sobre e ainda tentei me convence de haveria alguma forma de fazer com que ele voltasse a normalidade, encontrei tutoriais dizendo que se eu o carregasse com um carregador mais potente (mais amperes) ele poderia voltar, de nada adiantou, então liguei na loja online da americanas e uma moça super simpática me atendeu e encaminhou meu problema a assistência técnica, ainda estou esperando contado tendo em vista que não tenho mais celular, não é tão fácil me contatar para que eu leve meu celular até lá!",Negativo
"Recomendo, meu filho de 11 anos adorou o jogo e a entrega foi super rápida, antes do previsto!!!",Positivo
"É bom, mas é tbm bastante barulhento!  Custo beneficio está razoável",Neutro
"Produto veio com defeito onde realizamos testes com diversos técnicos (para cada teste um técnico diferente que sabia menos que o anterior), após esse episódio o produto foi para garantia (levamos pessoalmente o produto), não concluíram a avaliação e manutenção dentro do prazo estipulado por lei, além do destrato com os clientes, a autorizada não dá resposta para os questionamentos sobre retirada e prazo para troca do produto.  Estamos até hoje 17/04 sem a devolução do produto pela assistência técnica que tratamos a devolução de uma forma (íamos retirar na assistência e tentam enviar pelo correios), fizeram de outra.  Insatisfação total!!!",Negativo
"Não é um PC Gamer, mas até agora, aguentou bem tudo o que fiz... tenho que usar mais para chegar numa conclusão final",Positivo
Entrega rápida. Produto de acordo com o pedido. Recomendo.,Positivo
"Comprei o modelo dourado para minha esposa, e ela gostou muito. Tenho um Galaxy S7 e gostei do desempenho do Moto G5 além dele ser um celular com bom acabamento para o segmento.",Positivo
"O produto é realmente muito bom, mas aqui na empresa o nosso programa de gestão está rodando muito lento, mais lento do que nas outras maquinas que são mais antigas e com tecnologia superadas. Talvez ele seja indicado mais para uso domestico.  Pretendia comprar um i5, mas estou avaliando esse problema.",Neutro
Pena que demora pra chegar  mesmo vc pagando o frete,Positivo
IMPOSSIVEL DE TRABALHAR COM ESSE PRODUTO. VOCÊ TEM QUE ENCOSTAR O OBJETO NA LENTE PARA PODER ENCHERGAR .  PRODUTO HORRIVEL,Negativo
Bom produto com excelente design e entrega antes do prazo,Neutro
"Enquanto o álbum capa dura é muito bom ,o de capa mole é decepcionante",Neutro
"Tive muita dificuldade pra dar a primeira partida. Na segunda utilização, motor travou!",Negativo
Ate o presente momento não tive do que reclamar imagem muito boa som muito bom alto mesmo no volume 3 ou 4 pra dentro do quarto ja e suficiente e otimo acabamento controle super discreto...... muito boa tv,Positivo
eu gostei de ter adquirido esta maquina de rosar grama produto muito bom.,Neutro
"As lojas americanas não dispõem de um canal de atendimento em que se possa falar diretamente com um (a) atendente. Eu nem recebi ainda o produto. Na verdade solicitei o cancelamento. O status permanece ""cancelamento solicitado"" desde 19/12/2017, sem alteração, o que é um absurdo. E aí? O que concluir daqui? Que o cliente não recebe um tratamento adequado.",Negativo
"Comprei o produto,  ao chegar em casa o mesmo nao ligava. Depois de muitas tentativas,  acabou ligando, porém sem funcionar nada . Uma porcaria. Nao comprem.",Negativo
TRISTE PORÉM MUITO BOM RECOMENDO PARA TODA FAMÍLIA !!!!!!!,Positivo
"Pra isso domiciliar é ótimo, porém aos atualizar o Windows o microfone fica dando erro e nao da pra configurar.",Neutro
"Entrega rápida. Produto dentro do esperado. Como foi entregue por parceiro das Lojas Americanas, o recomendo.",Positivo
"TV APRESENTOU MANCHAS NA TELA COM DEZ DIAS DE USO, AMERICANAS DEMOROU UMA VIDA PARA ENTREGAR MESMO PAGANDO O FRETE MAIS CARO. MESMO ASSIM NEGOU A TROCA DO PRODUTO, A PHILCO NEGOU A TROCA DO PRODUTO TAMBÉM E APENAS DEPOIS DE MESES SEM SUCESSO DE CONTATO E RETORNO RESPONSÁVEL,  ABRI RECLAMAÇÃO E PROCESSO ADM JUNTO AO PROCON E AINDA SIM A PHILCO NEM SE DEU AO TRABALHO DE APARECER NA AUDIÊNCIA.   NÃO JOGUE DINHEIRO FORA, COMPRE QUALQUER OUTRA MARCA. TENHO TODO ESSE RELATO DOCUMENTADO, (BEM DOCUMENTADO). E SE MESMO ASSIM TIVER DUVIDAS DE MINHAS PALAVRAS E EXPERIENCIA ATERRADORA COM O DESCASO DA PHILCO/BRITANIA ""SÃO A MESMA"", CONSULTE AQUI OUTROS RELATOS TAL COMO TAMBÉM NO YOUTUBE E GOOGLE.  NÃO COMPREM ESSA TV!!!! NÃO COMPREM ESSA TV!!!! NÃO COMPREM ESSA TV!!!! NÃO COMPREM ESSA TV!!!!  OU FICARÁ COMO EU QUE DEPOIS DE MESES A PHILCO RETIROU A TV PARA ASSISTÊNCIA E NUNCA MAIS ENTRARAM EM CONTATO E ISSO JÁ TEM DIAS! E COMO SE JA NÃO BASTASSE, ESTOU PAGANDO POR UMA TV CARA E NEM MESMO POSSO USAR. AGORA IMAGINE QUANDO ACABAR A GARANTIA!?!",Negativo
"no entanto, foi verificado que ele não tem leitor de CD. Como preciso muito deste serviçoé um problema  sobre o produto.",Neutro
"Empresa associada à Americanas anuncia o produto que não tem. Envia um similar da mesma marca. A compra foi rejeitada. O produto é bom, a esperteza que não.",Positivo
"cabo do conector devia ser maior, pois ao conectar no carro vc não consegue estender até um pneu ao lado do carro, como por exemplo, o de uma moto ao lado.",Neutro
Deixou o ambiente bonito. aconchegante. Fazem um bonito conjunto.,Positivo
"Celular muito bom, não deixou a desejar. Entrega super rápida. Recomendo!",Positivo
O produto chegou antes do previsto obrigada e funciona muito bem,Positivo
"Primeiramente o produto chegou com o fone quebrado (solto), tanto que até colocaram um de outra marca para ""compensar"" o quebrado. Segundo, as fotos com flash da câmera traseira saem amareladas, bizarramente amareladas. Como faço para fazer a correção do flash? Assistência técnica?",Neutro
gostei ficou muito bonito na minha sala de jantar chegou na data prevista .,Neutro
O produto chegou antes do prazo estabelecido e a bike atendeu minhas expectativas até o momento.,Positivo
"Foi preciso comprar outra mangueira e encaixe por conta da má qualidade do material hidráulico original, que ocasionou vazamentos na instalação.",Neutro
Depois de alguns minutos ele desarma minha chave de energia e desliga sozinho.,Negativo
"Ainda não recebi o produto uma vergonha esse atraso ,",Negativo
Só que eu comprei o produto e não recebi. Me ferrei.paguei e não recebi.,Neutro
A entrega poderia ser virtual para agilizar a disponibilidade ao cliente.,Neutro
"Entregue o produto dentro do prazo e o material é conforme descrição, porém o solado é fino e o tamanho nº 37 não condiz ficou bem maior se usar sem calçado e o cano largo demais.",Neutro
Excelente produto e de alta qualidade e atende perfeitamente as minhas necessidades.,Positivo
"o produto reaaliza   a sua função,porém muito barulhento.",Neutro
"ja tem loja AMERICANAS,aqui em joinvilhe,SC,posso comprar no site e retirar aqui em joinvilhe?sem custo do frete,quanto é o frete?",Neutro
Ja fez um mes e ainda nao chegou minha sapateira. Estou espantada nunca demorou uma entrega,Negativo
"Na foto o produto possui um porta controle, e não foi esse que eu recebi. O mesmo veio sem o porta controle. Foto enganosa.",Negativo
"Chegou apenas o Console + controle, o controle adicional e o headset não chegaram.",Negativo
Produto veio com a data de validade pr[oxima do vencimento,Positivo
"Infelizmente não recebi o produto. Estou pagando por algo que não entregaram, vocês não perdem por esperar!",Negativo
"o produto ainda nao foi entregue, esta ha mais de 3 dias atrasado, parece que ninguem esta providenciando a entrega, os debitos do pagamento no meu cartao de credito, estes chegam no dia e hora marcada, nao falha nunca, agora competencia do vendedor para entregar o produto, esta muito falha, ficando sem credibilidade",Negativo
"Super prático, reforçado, cabe muita roupa..super recomendo.",Positivo
"Compra cancelada, presente de aniversário não chegou. Foram 15 dias de atraso após a data prometida, não compro mais de fornecedores parceiros.",Negativo
"Não gostei do celular pois a tela e muito grande deveria ser mais fino pois ,na hora de teclar dói muito os dedos ele deveria ser uma tela mais fina de 4.7 seria ideal de um lado gostei das cores nítidas ,tem uma boa câmera as imagens são muito boas só não gostei mesmo do tamanho muito grande,e o som dele achei muito baixo deveria ter um alto falante melhor",Negativo
"A marca Aquário é renomada e dispensa apresentações. No caso deste aparelho, o fabricante consegue manter seu bom padrão.",Neutro
"Linda. Vale o preço. O cabo usb custa de 7,00 a 10,00. Comprem.",Neutro
"Produto Atende Muito Bem Para o Qual  ė Proposto , Bom Acabamento e Robusto",Neutro
"Efetuei a compra dia 27/11/2017, acompanhei o produto que já estava em atraso  até o dia 26/12/2017 e cancelei, e ate hoje ( 08/01/2018) não devolveram o valor, não recomendo esta empresa!",Negativo
"muito bom, Pipoqueira faz uma pipoca saudável e rápida e prática de fazer!!",Positivo
"O designer dele é bonito,mais o tamanho dele é  Grande. Fica bruto no pulso.",Negativo
"JÁ TINHA OUVIDO FALAR DO JOGO, MAS É SEM PALAVRAS NA PRÁTICA, SENSACIONAL...GRÁFICOS IMPRESSIONANTES E UMA HISTÓRIA MUITO BONITA. VOCÊ FICA PRESO NO JOGO!! SHOW!",Positivo
A cada três dias preciso esvaziar e encher a fonte para a bomba funcionar com fluxo.,Neutro
Basta comparar com os vendidos no site oficial Big Hair. Lá já informam tudo sobre o produto e depoimentos de casos semelhantes ao meu.,Negativo
Comprei o box já estou pagando a 4° parcela e ainda não recebi primeira vez que me aconteceu isso comprando pelo site da Americanas.,Negativo
"bom jogo, ainda nao comecei a jogar pois estou zerando o primeiro ainda..",Neutro
"Comprei este celular e chegou antes do prazo como sempre nas compras pela Americanas, celular muito bom tendo em vista custo beneficio. Comprei pra minha filha de 12 anos e atende muito bem suas necessidades que são redes sociais, fotos, jogos e musicas. estou satisfeito e recomendo!",Positivo
"Este é o tipo de produto apresenta as más características após algumas utilizações mas, inivialmente, apresenta um bom desempenho. Fácil de usar/ teclas facilitadoras.",Positivo
"GALERA, O JOGO ESTA VINDO PORTUGUÊS MESMO?  ANTES ESTAVA ÁUDIO JAPONÊS E LEGENDA EM BR. AGORA ESTA TUDO PORTUGUÊS. E AI ?",Neutro
"Comprei esse PS3 e chegou dia 26/01/2018 porém veio sem nota fiscal e não consigo imprimir no site. Nunca tinha visto isso, um produto chegar sem nota fiscal. Espero q a Loja Americana resolva pois eu quero a Nota Fiscal. É um direito meu.",Neutro
"Não sei o que aconteceu, mas efetuei a compra do TP-Link TL-WR840N e me enviaram o TL-WR849N...",Neutro
"O produto é bom, porém é ruim para sintonizar os canais, e a tela vc tem que ficar apertando com insistência para mudar as funções.",Neutro
"Boneca realmente muito bonitinha e bem feita. Produto vem igualzinho as fotos! As crianças adoraram os acessórios que acompanham, é bem completinha para a brincadeira. Uma ótima opção para quem visa economizar e satisfazer totalmente as crianças! Obrigado",Positivo
O produto satisfez minhas expectativas!!  Gostei muito!!,Positivo
"Comprei em 2015... Cerca de 2 anos depois ele parou de esquentar o suficiente, deixando o produto mormo e com cheiro ruim ao usar. Estou em dúvida quanto à indicação, pois, não sei exatamente quanto tempo deveria ""durar"" esse produto. Se for em torno de 2 anos, indico, se for mais que isso, não vale a pena!",Neutro
o produto apresenta ser bom e muito eficiente. so acho q o design é um pouco difícil.,Neutro
"Comprei no dia 22/02, recebi no dia 28, porém ao abrir detectei que a TELA veio RACHADA justamente na base onde está protegida pelo isopor, e como não atentei para o prazo de 02 dias para verificar avarias no produto, percebi que a TV é FRÁGIL e as  LOJAS AMERICANAS se exime de qualquer responsabilidade, mesmo passando apenas cinco dias do recebimento, ao contrário de outros estabelecimentos que tem comprometimento com o cliente.",Negativo
"A boneca é muito lindinha, fiquei apaixonada! A entrega super rápida o prazo foi de 12 dias uteis, chegou em dois dias superando minha expectativa!",Positivo
"O celular chegou todo embalado, realmente cumpre o que promete, diante do meu uso dura 2 dois sem precisar carregar, a camera traseira é otima, a frontal deixa um pouco a desejar em ambientes escuros , mas durante o dia te proporciona selfies bem legais!",Positivo
"Produto dentro do esperado. Pelo preço poderia ser capa dura e a embalagem também deixou a desejar. O livro foi embalado em um plástico menor que o deixou meio torcido, mas que não danificou o produto.",Neutro
"ja tive um, comprei esse agora, passei o perfume com 2 horas o cheiro ja tinha saído, ate os da hinode dura o cheiro mais.",Negativo
"Atendeu minhas expectativas, tamanho, peso, acabamentos, recomendo",Positivo
Ainda não  usei mas espero que satisfaça os meus propositos,Neutro
"Comprei o produto em 02/01/18 constando do comprobante que o mesmo era vendido pela FortinEletro e entregue pela americanas.com. É uma propaganda enganosa, pois o site de vendas não se responsabiliza por nada, e pior, quando surge algum problema lhe remete para o fornecedor que é chancelado por eles. Em 19/01/18 constou como entregue, mas somente me mandaram um carta de feliz 2018. Reclamei com a americanas.com que esquivou-se, encaminhando-me para o fornecedor. Este me forneceu o código de rastreamento, quando esse compromisso, da entrega, era da americanas.com. mandaram o produto, se é que havia algo na caixa, para um endereço diferente do meu e, assim, o produto foi devolvido ao remetente em 16/02/18, o que me pareceu uma estratégia para ganhar tempo. Enquanto isto a americanas. com se manteve em silêncio. Também em 16/02/18 a americanas.com cancelou arbitrariamente a compra, emitindo no site registro que fora ao meu pedido. Ficou de devolver o valor pago através de cartão de crédito na próxima ou na posterior fatura, sem correção, o que, inevitavelmente, me obrigaria a desembolsar 2 parcelas de aproximadamente R$ 650,00 sem nada receber, ou seja, configurando-se apropriação indébita, pois por 2 meses ficaram de posse do meu dinheiro, o que presumo ser uma estratégia de fazer receita sem nenhum custo. Parece que a americanas.com desconhece, ou prefere não admitir, que a relação comercial com os consumidores mudou substantivamente depois da Lei que instituiu o CDC, mas isto vamos resolver na instância adequada. Hoje, depois de 46 dias sem o produto, terei de comprar em outro site de venda, que espero pratique as vendas com lisura, por um preço superior ao que paguei. Obs. Em outra compra que fiz no site o rastreamento da entrega consta como efetuada com sucesso, mas efetivamente não ocorreu, conformando minhas suspeitas da pratica abusiva da empresa, para mim, hoje, sem nenhuma credibilidade. Pasmem, ainda me pediram que gentilmente fizesse uma avaliação da empresa.",Positivo
"Gostei d+ do aparelho vala muito apena, super recomendo.",Positivo
Excelente  na primeira  refeição matinal  e durante o dia td .,Positivo
"Tenho 15 Mbs medida na origem e o amplificador fica em torno de 6 Mbs, não fica longe e o único obstáculo é uma parede paralela a direção do mesmo. Resumindo, pouco ganho com ele.",Neutro
"Ontem 13/03 estava por 1570,00 no Boleto, hj como é dia do consumidor esta ""mais barato"".",Neutro
Amo o meu.pratico pra limpar .facilidade em lugares baixo.,Positivo
"Ela foi entregue em outro endereço na mesma rua, mas entrei em contato e o erro foi solucionada, mas estou satisfeita com meu produto.",Neutro
COMPREI UM COMPUTADOR PREMIUM BRAZIL COM PROCESSADOR INTEL CORE I5GHZ 8 GB  DDR3 HD 2 TB. POREM O MESMO CHEGOU COM DEFEITO NÃO CONSIGO LIGAR.,Negativo
"Muito bom, chegou antes do recomendado, Americanas fazendo sempre um bom trabalho, recomendo a todos",Positivo
"O produto atende às características vendidas. Compraria novamente, se fosse necessário. Recomendo!",Neutro
"Muito linda, tecido confortável, vale a pena! Vontade que dá é comprar mais 10 e deixar guardado!",Positivo
Livro muito bom para as crianças. Recomendo a todos.,Positivo
"Não gostei, pois, veio danificada e estou aguardando retirada para troca.",Negativo
É um diferencial quanto à qualidade na iluminação noturna. Não ofusca os motoristas.,Positivo
"Geladeira top ,muito linda a entrega rápida nota 10.",Positivo
"Tudo certo , conforme  solicitado. Recomendo  a todos.",Positivo
"celular bom, rápido, com câmera boa. pelo valor valeu a pena.",Neutro
"Pensei ser mais potente, mas ainda sim um bom produto.",Neutro
"Entrega super rápida, bom produto, mas não aspira direito um tapete, deixa a desejar. De um modo geral me ajuda bastante no dia a dia, por ser leve e pela praticidade.",Neutro
Só quando chegar eu faço avaliação do produto quando chegar,Negativo
Até esse exato momento ainda não recebi o produto.,Negativo
"Comprei para o natal da família, porem só passei raiva, quase não sai algodão da máquina e ela esquenta muito, precisa ficar desligando para não estragar, comprei açúcar próprio para algodão e mesmo assim não deu.",Negativo
produto não entregue e já reclamado diversas vezes; há um falsa anotação de entrega.,Negativo
"Bom produto, gostei muito................................................",Positivo
Produto de boa qualidade.  Atende minhas necessidades.,Positivo
"O produto atende oque diz ( frita sem óleo), porem é de péssima qualidade tendo em vista que ele esquenta absurdamente, no meu caso ele derreteu a saída de ar quente, mesmo estando em lugar aberto. Eu não indico essa marca a ninguém.",Neutro
"Gostei do produto, mas o prazo da entrega não foi cumprido! Era pra chegar até dia 28/12/2017 e chegou dia 25/01/2018.",Neutro
O meu veio com defeito de fábrica as laterais parece que vai cortar a sua mão quando passa !,Negativo
"Escolhi e comprei este modelo de pendrive porem recebi um outro diferente de modelo transparente , a capacidade veio correta e como eu precisa com urgencia optei em ficar com o que me entregaram ,mais acho que algo assim nao deveria ocorrer ,perdeu meu voto no E-bit",Negativo
Bom ok blblblbpblblnbbbbbbbbbbbbbbbbbbbbbbbbbbbbbbbbbbbbbb,Neutro
Amei tudo o meu novo telefone ótimo super recomendo.,Positivo
"Esse produto não presta, trava a tela e só destrava se desligar e ligar da tomada.",Negativo
Amei o produto  blu ray (A Culpa é das Estrelas) super recomendo ótimo filme qualidade ótima Americanas.com entrega super rápida chegou antes do prazo bem embalado ótimo atendimento parabéns a loja.,Positivo
"Estou usando, mas não ´´e um produto de qualidade, se fizer uma pressão sobre ele ele para de fazer a massagem quem usa têm que ter esse cuidado, se não ele queimará por não ter força suficiente diante de um peso mais elevado, um panturrilha pesada para ele. É melhor do que nada, O que mais fiquei chateado é fato de pagarmos um frete para receber em casa e depois ser avisado que precisamos buscar no correio, enfrentar fila se deslocar eté o centro de entrega. o produto chegou na prazo.",Negativo
"Recebi e fui testar umas 20 dias depois de recebido porque estava sem tempo e percebi que estava queimado, os queimadores não aquecem, agora só com o fabricante , mas fica a frustração!",Negativo
"Eu ainda não recebi esse produto, estou querendo cancelar.",Negativo
Chegou uns dias antes do prazo e o jogo é perfeitoooo,Positivo
"Eu não tenho o q falar do celular a não ser o q ele em vez quando ele trava, ele tem uma bateria boa.",Neutro
Ela é muito boa eu gostei. Um sonho fritar batata sem sujar minha cozinha. A batata eu frito em 40 min.,Neutro
"Comprei o Xbox onde preto, com headset. E que tem a entrada para Kinect. Veio o branco . Sem headset, sem entrada pra Kinect, tenho que comprar o adaptador. E adaptador de tomada. Gostei do produto. Mas o vendedor deveria se comunicar, referente a troca. E a propagando.",Negativo
Quem quiser um aparelho melhor compre um mais caro. Agora para quem precisa para poucas coisas o custo beneficio desse é ótimo  ele está funcionando perfeitamente,Neutro
"O Valor do frete, é um absurdo!!!!!!! Mesmo vc.comprando um ou dois/tres conjuntos.",Neutro
"Programa facil , mas nao identfiica se comprei realmente o vitalicio ou nao",Neutro
Celular com menos de 1 mês de uso já está dando problema.  Está travando o teclado e app.,Negativo
Não gostei pois é gmfraco na luz. Tem que tá muito escuro para poder ver. A qualidade é boa mas sem ver nada não dá,Negativo
"O produto não venho conforme descrito, comprei dois guardas roupas e venho um modelo diferente do outro. Os dois venho com as peças de MDF danificadas, é um deles venho com partes trincadas, esse mesmo também venho sem nenhum acabamento nas laterais do MDF, se tivéssemos montado o guarda roupa inteiro estaria sem acabamento. A cor dele também não é branca por dentro e sem um branco bem encardido. Os trilhos são estremamentes frágil! Simplesmente não entrem nessa furada, estou até agora solicitar a troca e não estou conseguindo! O SAC da americanas por telefone não existe, tive que ir na loja física para solicitar a troca e estou aguardando até o momento!",Negativo
"Entrega no prazo estipulado. Produto de ótima qualidade, aspira tudo! super satisfeita!",Positivo
"Simples e de boa qualidade, leve. Atendeu a expectativa",Neutro
"CHEGOU COM  ATRASO, TALVEZ DEVIDO À EPOCA DA COMPRA, ESTÁ FUNCIONANDO BEM.",Neutro
"Comprei esse smartphone em 2014 numa promoção que na época foi uma ótima decisão sem ter o que reclamar, mas o que mais me surpreende é ver este mesmo aparelho sendo vendido a esse preço em pleno 2018, com aplicações demasiadas ultrapassadas para a geração. Embora tenha a resistência a água já se pode encontrar dispositivos muitas vezes melhores por um preço R$ 200 mais baixos, com câmera de 13MP e Android 6.0. Todavia, recomendo esse celular para quem quer voltar no passado.",Neutro
"Travesseiro confortável e macio, com altura ideal para mim.",Positivo
Eu recebi perfeitamente o produto e super indico. E também farei outras compras futuras.,Positivo
Eu gostei muito do produto.  Custo beneficio excelente.,Positivo
"Produto veio incompleto, faltando 2 cachepôs, e sem nenhum parafuso de fixação.  O vendedor não responde o pós venda.  Propaganda enganosa.",Negativo
"não gostava de iPhone, agora não fico sem, excelente sistema operacional, ótimo acabamento, recomendo.",Positivo
"Atendeu ao que eu esperava, é firme por causa da ventosa, so não sei se caso pegar alguma estrada esburacada se vai balançar ou deixar o celular cair, ainda não fiz esse teste.",Neutro
"Gostei da potência do aparelho, mas não gostei do peso, é pesadinho. Entretanto, como ele esquenta bem, o cabelo seca antes que vc se canse rsrsrsrs",Positivo
DESDE A COMPRA VENHO TENTANDO TROCA DO PRODUTO POIS O MESMO VEIO QUEBRADO E ATÉ O MOMENTO NÃO TIVE SOLUÇÃO,Negativo
"O produto chegou bem antes do prazo, de acordo com o anúncio, produto original e com brinde! Comprei na Miracurl pro e indico! Ameeei",Positivo
"Minha mulher, que usa o produto, informa que apesar de um pouco pesado é ótimo.",Positivo
Meu uno com a escada no teto turbo dá um pau nesse motorzinho.,Neutro
"O recurso utilizado pelo personagem de Denzel Washington para estabilizar o avião evitar um acidente fatal é tecnicamente válido. A reconstituição do acidente tem uma riqueza de detalhes impressionante, um timing muito preciso e fidelidade técnica às questões construtivas e  operacionais de aeronaves. O drama humano do alcoolismo e do consumo de drogas, dos comportamentos compulsivos e a existência de uma forte componente moral - valorizam extremamente esta história e vale a pena ter o DVD para se poder revê-la algumas vezes, à vontade.",Positivo
"Custo benefício, muito bom.Recomendo. Entrega foi feita no prazo.",Neutro
"O encosto da cadeira é ótimo fica em um posição muito boa da até para corrigir a postura, os braços da cadeira ficam em uma altura bem confortável que da até para descansar os braços e ombros, acento muito confortável tem bastante espuma, as rodinhas deslisam como uma maravilha bem rápidas e não travão, a elevação e suspensão são ótima deixo a cadeira no nível que eu quero.",Positivo
"Adquiri o produto em 04/04/18 e a previsão para entrega era em 26/04/18. Qual não foi a minha surpresa em recebê-lo dia 18/04/18. Produto de excelente qualidade, conforme colocado no site. Foram tão atenciosos que ainda enviaram mimos para o meu pet. Atendimento nota 10.",Positivo
Atendeu plenamente minhas necessidades. Fiquei surpreendido com o desenho.  Apenas a bateira poderia ter uma melhor durabilidade durante o dia.  No restante o aparelho entrega o que se espera de um top de linha.,Positivo
nao posso avaliar o produto não chegou em meu endereço aguardando devolução de pagamento.,Negativo
"Ainda não tive a oportunidade de avaliar o produto, pois a loja não entregou o produto no prazo estabelecido!",Negativo
"Comprei uma meia tamanho 43 e chegou (com problemas na entrega) uma meia de tamanho 36 escrito 43.  Ridículo! Me senti uma palhaça. Nem minha filha pode usar a meia... Não recomendo a compra. A não ser que vc calce em torno de 35. Nesse caso, pode comprar qualquer numeração superior que vai dar na mesma.",Negativo
"Produto cumpre o que propõe, chegou em perfeita condição. único ponto negativo é o tempo para aquecer, porem nada que esperar não resolva.  Parabéns pelo preço e qualidade.",Positivo
"O produto pode ser barato, mas no final você vai querer quebra-lo na parede, o cadeado aparece a todo SEGUNDO MESMO, isso pq ele nao tem sensor de proximidade, tem muita reclamacao sobre o cadeado, pesquise antes.",Negativo
"Produto muito bom, recomendo sempre, e é muito lindo também. Estou satisfeita com tudo, prazo de entrega, atendimento e produto.",Positivo
"Quem pedala, tem que andar com uma ferramenta dessa.",Positivo
"Protege bem do sol, mas é bem quente. É bem apertada também. Comprei G e ficou comprida e apertada.",Neutro
eu recomendo o produto é bom e realmente funciona.,Neutro
"É pequena, porem é otima para fritar pequenas porções, que era o que eu desejava.",Neutro
"O celular tem apresentado um bom funcionamento, mas não conta com a necessária certificação da Anatel (ausentes os selos no aparelho e na bateria), o que me causou estranheza. Aparentemente, produto não devidamente legalizado, muito embora acompanhe nota fiscal. Espero não ter futuramente problemas com a garantia da própria LG em razão de alguma restrição relativa à autenticidade e/ou à legalização, bem como com o desligamento de celulares piratas a ser promovido dentro em breve pela Anatel.",Neutro
"O produto é lindo , mas quando vamos bater algo, como um suco, por exemplo ele demonstra ser fraquinho, mesmo nas opções mais avançadas.",Neutro
Boa qualidade!4Entrega rápida!  Recomendo a todos.,Positivo
"Das muitas compras no site,esta foi a pior delas,empresa não cumpre prazo de entrega.",Neutro
"Logo que fiz a compra o prazo dado foi 32 dias, no dia seguinte o prazo era bem superior à 32 dias úteis...",Negativo
"Material perfeito, acabamento perfeito. Só um problema: os protetores são muito pequenos! O de 2 lugares cabe em 1 lugar e o de 3 lugares não cabe em 3 lugares: muito pequeno!",Neutro
aprovo pois diria em resumo ser robusto e versatil,Positivo
"Faço sintonia nos canais,e sempre que ligo a tv,precisa  fazer novamente! Sem sentido ter a tv que precisa sintonizar Toda vez que liga .",Negativo
como faço quero o fone de ouvido.com quem eu tenho que falar,Neutro
"Primeiro comprei  71s com 10 minutos de uso o celular começou a dar problema atela começou a pisca e apareceu um monte de listra o celular esquentou tanto que pensei que ia explodir desliguei e já tentei entrar em contato com a americanas, outro problema não possui um chat, tem que enviar e-mail e o fim.",Negativo
"Material muito frágil, não tem como parafusar, pois estraga o armário. Madeira parece um papelão. Não recomendo, ainda mais por ser armário de pia que precisa ficar suspenso. Não tem como prender.",Negativo
Ainda não chegou o produto  Como é pedido para avaliar se não chegou?,Negativo
"Chegou antes do prazo, o preço condiz com o produto, gostei.",Neutro
Previ e qualidade ótimo!! Um ótimo presente agradou e muito pais e criança!,Positivo
Muito bom. Entrega rápida e eficaz. Muito descomplicado. Adorei.,Positivo
"Comprei este ventilador com a promessa de que era silencioso, só se for silencioso pra quem é deficiente auditivo, o ventilador e super barulhento principalmente se ligado no máximo,  parece um avião decolando com a turbina inguiçada, não recomendo isso pra ninguém",Negativo
"O fogão elétrico Agratto Fm01 inox de 2 bocas e 127V, vendido pela VENTMAR, chegou bastante amassado na região do, e em torno, do botão/seletor no lado esquerdo.",Negativo
"Não recebi o produto, não posso avaliar ainda. E o sistema fica mandando e-mails sabendo que não foi recebido",Negativo
Produto concedeu as expectativas. Fabricante acertou no produto,Neutro
"O produto é muito bom, ajuda no crescimento e na hidratação do cabelo. O fornecedor recomenda passar com o cabelo seco, pois eu prefiro passar de cabelo molhado.",Positivo
"Produto faz muito barulho e não está gelando como esperava, além de ter chegado avariado e eu não ter como trocar pois era para estar no lacre só que não tenho como analisar o produto sem abrir. Não recomendo.",Neutro
"Ótimo produto, funciona conforme especificações, só é necessário um pouco de leitura do manual para saber configurá-lo.",Positivo
"Bom, produto como descrito. Recomendooooooooooooooooooooooooooooo",Positivo
"Prático ,leve , perfeito . E chegou antes do prazo lojas americanas se supera sempre. Super recomendo o produto e a o site.",Positivo
"Fora o fato de que o tempo de uso do liquidificador ainda não me permite uma avaliação precisa, até aqui o aparelho tem tido bom desempenho.",Neutro
Produto de ótima qualidade. Minha filha de dois anos adorou.,Positivo
"Comprar é fácil, pagar também, mais quando cancela um pedido pago, para receber o dinheiro de volta é complicado, eles praticamente cancelam ô pedido e não devolvem o dinheiro pago. Atendimento péssimo. NÃO COMPRE NA AMERICANAS.COM",Neutro
Produtos HP tem sempre muita qualidade e não apresentam defeitos.,Positivo
"O produto vale mais pelo material e acabamento cromado. As peças são, no geral, reforçadas, mas as buchas poderiam ser daquelas para tijolo vazado, garantiria uma boa fixação (além disso, buchas e parafusos são muito curtos). O que mais me decepcionou foi o alinhamento das peças, muitas vieram desalinhadas com relação à peça quadrada que vai presa na parede, e não há regulagem para ajuste (por exemplo, tirei o nível da saboneteira na horizontal, mas a peça que vai na parede está bem desalinhada, ficou bem estranho, ou alinho a peça da parede, ou alinho a saboneteira).",Neutro
"EXPLODIU NO 1º USO !!!!!!  NEM CHEGUEI A USAR,  FOI LIGAR NA BOCA DA TORNEIRA E EXPLODIU.......",Negativo
"Só achei ruim não ter mais o sistema de migração de dados, ficava muito mais fácil transferir os arquivos com esse sistema.",Neutro
Apenas o cabo poderia ser maior. Mas o produto compensa o investimento.,Positivo
Gostei do prazo de entrega. Mais rápido que eu imaginava. Vieram duas panelas médias e e só duas tampas. Tem como reparar esse engano?,Neutro
"O produto é de boa qualidade, fiquei contente com a aquisição!",Positivo
"Devido a total falta de respeito com o consumidor,  Não tenho como falar bem do produto.",Negativo
"Gostei muito, só achei o maior pote um pouco pequeno.",Neutro
"Com nove dias de uso o teclado começou a dar problema,no outro dias piorou os aplicativos do celular abrem e fecham sozinhos, nao obedece nossos comandos sendo assim impossivel de usar. Pior e que só agora descobri que a Asus nao da garantia por ser importado,eu nao sabia que era importado,se soubesse nao teria comprado...pra piorar terei que mandar pra assistencia dessa loja Avalanche Shop e terei que pagar o envio do meu bolso,sendo que se a Asus cobrisse a garantia o envio seria por conta dela.",Negativo
"Entrega bem antes do prazo, o material é bom pelo preço que paguei. Definindo gostei",Neutro
"É um aparelho que traz custo e benefício. É um intermediário que veio pra entrar na concorrência e destacar na ponta, podes crer. Até agora só tenho a elogiar a fabricante LG por esse aparelho. Estou muito satisfeito com a compra e também com a venda das LOJAS AMERICANAS.A entrega foi bem antes do prazo estipulado, podem comprar sem medo, é seguro.",Positivo
"o produto atendentes as necessidades basicas, logo atende o que se propõe, nada de extraordinario, simples e basico",Neutro
"recebi o produto dentro do prazo,encomendo para quem está na dúvida.",Neutro
"Eu fiz a compra de dois kit's de auto falantes, no entanto só me entregaram um. E até agora me enrolam e ñ me dão resposta sobre minha compra. Ñ recomendo essa loja.",Neutro
Me surpreendeu muito facil  rapido resultado maravilhosao. Recomendo,Positivo
"Lamentável, por que a mesa é verde e não azul como no anúncio!",Negativo
"o aparelho em sim nota 10, mais a bateria deixa a desejar não dura nem 12 horas carregada,muito chato isso fiquei muito transtornado com a qualidade da bateria para um aparelho tao moderno. se fosse mais fácil teria trocado o aparelho simplesmente não gostei.",Negativo
"É um violão barato. Pontos negativos: o acabamento e a qualidade do material (principalmente das ferragens) não é boa. Não tem tensor direcional para regulagens/desempenamento do braço. Não segura bem a afinação (principalmente no começo - até as cordas apertarem os nós). Entretanto, entendo que pelo preço ainda compensa pois (pontos positivos): é barato, leve, bonitinho, até gostoso de tocar, e o som dele não é ruim.",Neutro
"O celular é muito bom. As maiores vantagens são o preço e os 32gb de memória. As desvantagens são as câmeras que são inferiores a celulares na mesma faixa de preço e o jeito de ligar e desligar que não é feito com botão lateral ou frontal mas com botão traseiro logo em baixo da câmera, porém acredito que vejo como desvantagem por questão de costume.",Neutro
"Valeu a pena a compra, box interessante e com muita informação.Recomendo",Neutro
"Produto maravilhoso a iPhone está de parabéns, recomendado a todos compra no site da Americanas,bom atendimento e boa entregar",Positivo
O celular em si é bom pelo valor porém a bateria dura muito pouco menos de 24 horas.,Negativo
"Comprei esse produto, em mês de um mês o controle não funciona e o próprio video game não liga, decepção total.",Negativo
Excelente produto. Recomendo! Ótimo custo beneficio,Positivo
"Qualidade do produto inferior ao oferecido, haste de ferro enferrujada, nome da marca descascando e frouxidão quando a haste esta levantada.",Negativo
"Até agora não resolveram o meu problema, a câmera chegou com defeito , retornei ela para troca e disponibilizaram um vale troca aonde fui para comprar a mesma câmera já não está disponível no site, isso é um absurdo",Negativo
"O produto em si é muito bonito mas não tem nem um metro de comprimento, nas descrições de compra não consta o minimo de informações sobre o mesmo e também não encontrei nenhum outro meio de tirar as minha dúvidas antes de compra-lo.",Negativo
SÓ FALTOU VIR JUNTO UM MANUAL DE EXPLICAÇÃO EM PORTUGUÊS,Neutro
"A Americanas anuncia o produto: LIPO 6 BLACK ULTRA CONCENTRATE com 120 cápsulas, e o produto vem apenas 60 cápsulas.  Falta de respeito com o consumidor.",Negativo
"Ganhei de casamento já tem uns 5 anos e nunca deu defeito,super fácil de limpar",Positivo
"A bateria tem ótima duração, o aparelho processa as informações muito bem. É leve e fácil de manipular. A qualidade da câmera deixa à desejar... Mas em geral, é muito bom!",Neutro
Gostei muito estiloso e um ótimo custo benefício quem adquirir não vai se arrepender,Positivo
"30 dias e ainda não recebi o produto, e não é possível rastrear, ou o produto realmente ainda não saiu da loja como consta no site da transportadora. Hoje é o ultimo dia de prazo de entrega, aguardando.",Negativo
"Positivo - Simples, compacto, preço acessível, fácil de instalar... Negativo - escorrega, não é antiderrapante e aquece bastante.",Neutro
"Produto é muito caro e dura pouco, aproximadamente um ano. Essa já a terceira pulseira que compro.",Neutro
Comprei o produto e ñ tinha para entrega isso não foi legal!!!!!!,Negativo
"Devemos combater esses comunistas assassinos, monstros, lixo humano!.",Positivo
"Primeiramente, que a minha compra foi cancelada, sem eu ao menos ter cancelado.  Segundo, produto não chegou né.  Terceiro, sistema de vocês é falho, como me mandam pesquisa de avaliação, se a compra foi cancelada automaticamente pelo sistema de vocês.  Quarto, ainda bem que meu dinheiro foi reembolsado pelo cartão de crédito, imagina se eu tivesse comprado através de boleto.  Desrespeito.",Negativo
"Ótima imagem mas o som não é muito bom e a função Smart demora para responder, as vezes fica uns 10 segundos depois de apertar o botão.",Neutro
"O relógio foi enviado enrolado em um plástico bolha, sem a caixa original, comprometendo a veracidade da originalidade do produto. Também não poderia ser usado como presente por falta da caixa.",Negativo
Não indicaria o produto muito inferior ao que eu tinha.,Negativo
"Loja eficiente, cumpriu com o prazo e o produto chegou em boas condições. Compraria novamente.",Positivo
"A importe_total entrega uma raquete diferente, que não é a pilha!!! Propaganda enganosa!!!",Negativo
"Olá Boa noite.  Recebi o produto dentro do prazo porém o produto chegou danificado a embalagem de pecima qualidade as molduras quebradas as garras de fixisar ao parachoque, sem contar que a qualidade do peido é muito ruim .",Negativo
"Na foto o produto é mais bonito, esperava mais. E também achei um pouco frágil, levando em consideração que será usado por uma criança.",Neutro
"Agradeço a agilidade no faturamento e na entrega das minhas poltronas. Produto pessoalmente é igual ao da foto! Excelente custo x benefício, recomendo!!!",Neutro
Chegou bem rápido. A impressão fica boa. Vale apena...,Neutro
"Produto de boa qualidade, de fácil limpeza e bom tamanho.",Positivo
"otimo produto recomendo, compra tudo certo e prazo tambem.",Positivo
Produto não chegou... EXTRAVIADO... Americanas vacilaram dessa vez....,Negativo
"Achei ele bem bonito, porém em velocidade achei muito fraco",Negativo
"recebi o produto,so vrifiquei que estava funcionando,mas ainda nao o usei intensamente,",Neutro
"A  TV  É EXCELENTE, MAS  O SOM  PE FRAQUINHO A  IMAGEM  È   MUITO  BOA O RECURSO  4K  . NAO  COSEGUIR  ATIVAR  OU PERCEBER",Negativo
"Muito bom, porem demorou muito tempo pra chegar, não compro mais !",Neutro
Como uma boneca tão pequena e que não faz nada pode ser tão cara?,Neutro
1 mês quase após a compra e o meu pedido nem despachado foi.,Negativo
"Amei o refrigerador. Um espaço maravilhoso, lindo designer , por dentro as divisórias são ótimas. tudo perfeito",Positivo
Recomendo a fritadeira para quem quer uma alimentação saudável,Neutro
Produto muito. A entrega foi muito depois do tempo estimado.,Positivo
Estou decepcionado pois utilizo um cartao de 32 gb e dois chips quando no meu lg entao comprei esse quando fui colocar os chips eo cartao ele nao aceita os tres ou vc usa os dois chips ou usa um chip e o cartao sd,Neutro
"Aparelho muito bom, mas na loja dizem que a tela é inquebrável, porém basta colocar no bolso para a tela riscar sozinha....Tela super sensível a riscos .",Neutro
"Recomendo a todos termômetro muito bom, esse é melhor que o submerso que entra água e não dura muito. Aconselho a todos a comprar  esse, e não o submerso.",Positivo
"Produto excelente, agilidade e rapidez na entrega, obrigado.",Positivo
"que livro ruim, pobre, sem nenhuma experiência construtiva para mostrar aos leitores, totalmente nutella a historia desse rapaz.",Negativo
Tudo que eu esperava! Produto muito bom e entrega rápida.,Positivo
"O produto é bom,pra mim que não tem tempo pra mexer com muitos aplicativos uso o telefone mais para o básico, esta ótimo!.A entrega veio dentro do previsto,tudo nos conformes.",Neutro
Única coisa é pagar frete ja inclui td no preço seria melhor,Neutro
"Fiz meu pedido em 03/01 com prazo de entrega até 16/01 e até agora não recebi. Já tinha conhecimento de problemas com a Dufrio mas confiei porque sempre faço pedidos com a americanas e são impecáveis, e a melhor oferta era desse parceiro. Já foi pago 1 parcela e nada, nenhuma satisfação. Indignado!!",Negativo
"O fone é um bom custo benefício, tem uma qualidade mediana, bem fácil para adaptação nos ouvidos pelo fato de ter um manejo móvel dos fones. Porém, é pequeno e incomoda as vezes num uso mais prolongado.",Neutro
"Estou pesquisando essa rack, porém a descrição do anuncio não condiz com o anuncio. Tendo em vista que a referencia 1.8 refere-se a largura do móvel, na dimensão da embalagem aparece com tamanho 1.20.  Apenas este fato me impede de finalizar a compra.",Negativo
Eu estou muito chateado com isso gostaria que vcs resolve-se rápido pq já estou pagando uma coisa sem usar. Amanhã eu vou falar com meu advogado pra resolver o mas rápido possível. E tem mais eu já ia fazer outra compra mas desse jeito não dar. Estou aguardando meu produto o mas rápido q vcs poder. O mas obrigado,Negativo
O TELEFONE VEI BELEZA POREM OS ACESSORIOS QUE ME MANDARÃO NÃO ERA DO MEU TELEFONE LIGUEI NAS AMERICANAS NÃO QUIZERÃO TROCAR PRA MIM,Neutro
"Não é um profissional, mais atende para pequenas reuniões ou treinamentos.",Neutro
Gostei do produto facil de montar e atende as necessidadades,Neutro
Infelizmente eu não tenho como avaliar o produto porque eu não recebi.,Negativo
"Foi uma boa compra, um patinete bonito e resistente, o som musical e bastante alto e as rodinhas não possuem rolamentos.",Neutro
"Paguei e a americanas cancelou porque segundo ela n teve interação com o vendedor. O prazo de entrega ja era longo, daí o valor volta apenas nas seguintes contas do cartão, atrasou tudo. uma porcaria. Comprometimento zero.  Quanto ao produto n tenho ideia se é bom ou não...",Negativo
"Comprei um celular e recebi outro modelo,ainda para ajudar era importado,no mesmo dia que recebi o celular  enviei de volta.e solicitei a troca,mas não recebi a troca ainda.",Negativo
"Como posso avaliar um produto que vocês não entregaram? Gostaria de poder avaliar, mas infelizmente...",Negativo
Comprei esse oxímetro e me mandaram um oxímetro inferior entrei em contato com o site americanas me pediram para aguarda que entrariam em contato comigo e até agora nada,Negativo
Inter agora ta de boa ótimo produto com funções e aplicativos que muitas tvs de outras marcas não tem fiz uma boa compra.,Positivo
"Muito bom.  Imagem boa e funciona bem, estamos sempre nos conectando para ver as imagens e tem funcionado muito bem",Positivo
"A imagem da câmera é boa, porém coloquei um cartão 16gb e ainda tem os 16 interno , trava muito e fecha do nada ... Nem tem muitos aplicativos instalados ... Por isso não indico... Recebi informações  que o k10 novo é TOP, soubesse antes ... Mas é l3galzinho dá pra sobreviver ... Então pesquisem antes com quem já possui ...",Neutro
Produto chegou avariado e até o momento não houve troca do mesmo.,Negativo
"Foi presente para a minha mãe, ela está bem satisfeita.",Neutro
"otimo produto entrega muito boa e produto de qualidade, americanas sempre com a sua grande qualidade",Neutro
"ainda vou testar o produto, porem chegou bem antes do prazo, o produto é lindo superleve e sofisticado, tenho certeza que vou gostar do seu desempenho.",Neutro
"foi ótimo ter comprado através do site, pois o site da Microsoft não aceitava o único cartão que eu tinha, que é o Hipercard.  Curiosamente, o mesmo site da Microsoft não aceita cartão de débito.",Neutro
"Eu pesquisei antes de comprar e escolhi este modelo para comprar, entretanto ele é diferente do que eu estava esperando.  O aparelho é lento e desatualizado para alguns aplicativos.",Negativo
"Navegação: Tempo de resposta aos comandos do controle remoto são extremamente lentos. Trava com frequência, incluive para desligar trava!    YouTube:  Quando transmitimos do celular para a TV, mesmo se o YouTube estiver aberto, ele fechar, vai para a TV, e então abre o YouTube novamente com o vídeo que transmitimos do celular, e isso se repete todas as vezes que transmitimos do celular.  Áudio: Muito baixo, e algumas frequências graves a caixa de som fica dando estalos.   Imagem: A qualidade da imagem também deixa a desejar em relação a outras marcas. As imagens bonitas mostradas nas lojas são apenas quando a configuração de brilho, luz de fundo e contraste está no máximo, diferente de marcas como a Sony e LG.   Não se deixe enganar pelo preço ""baixo"".  Não recomendo esta TV!",Negativo
"Unica ressalva é que os parafusos que prendem os pés da mesa tinham a cabeça menor do que os furos da ferragem  o que ocasionava os mesmos passarem pela furação não fixando os pés, e o cliente tem que ir a uma loja de ferragens comprar outros parafusos",Neutro
"ESTA APARECENDO NO DISPLAY UM CIRCULO QUE TREMULO , QUANDO RECEBO UMA MSGM DE WATASAP , QUE TIPO DE PREOBLEMA É ESSE E COM QUEM FALO ?/?????/",Neutro
Avaliação bom. Você recomendaria sim. Título da avaliação Avaliação.,Neutro
Muito bom o produto. Entrega superou as expectativas.,Positivo
Sem potência. Não cumpre a função com eficácia e a massagem não surte efeito desejado.,Negativo
"não chegou como vou avaliar, isto é se chegar não chegou o produto deve ter sido extraviado",Negativo
Gostaria de encomendar essa enciclopédia para as Lojas Americanas em balsas MA,Positivo
"Boa tarde.  Alerto aos interessados neste produto que as Lojas Americanas não está entregando os produtos encomendados e muito menos dá satisfação sobre o atraso na entrega.  Já fazem 20 dias que o rastreamento do meu pedido está na mesma coisa, em transito, porem nunca chega. a entrega já está atrasada e continuam informando que está no prazo e chegara a tempo. Baita falcatrua deles, estão nos roubando. cuidado clientes das lojas americanas.",Negativo
"bem satisfatório, embora as flechas não grudem direto em lugar nenhum",Neutro
"mas a compra já deu um prazo bem longo de frete e mesmo assim, a compra não chegou no prazo certo, não sabia aonde estava o produto que eu havia comprado e somente depois de eu reclamar ai mandaram minha compra.",Negativo
Maravilhoso deixa a raiz limpa e o comprimento hidratado. O cheirinho tb é ótimo.,Positivo
"Péssimo serviço de entrega. (Previsão entrega: 27/04/2018) hoje é dia 04/05 e ainda não recebi o produto. Serviço caro (107,97 o frete, estado do RJ) e de péssima qualidade.",Negativo
"Recebi o notebook e gostei muito dele. porém, em poucos dias de uso apareceu uma linha horizontal na tela, e estou precisando fazer a garantia. Como não consegui falar no telefone, enviei por e-mail hoje solicitando ajuda.",Neutro
"O produto é uma replica, porem atende bem as atividades domesticas, a cor veio exata a   da foto e o cacheador funciona muito bem. Recomendo para uso domestico.",Neutro
"bom, barato e econômico e de boa qualidade e em quantidade",Neutro
"Cadeira linda, confortável e usando o isofix fica totalmente fixa e imóvel no banco!  Perfeita!",Positivo
"Atendeu minhas necessidades, aparelho top , e entrega rápida!",Positivo
"Recebi hj essa maravilha. Não conheço o original. Comprei pelas resenhas q acompanho. É melhor do q eu poderia supor. E... Milagre!!!!! Fixou bem na minha pele. Minha vizinha amou. Ela estava há dois metros de mim e o perfume projetava. Cada um tem o seu gosto p perfumes, mas esse é bem elegante e agradável. Lá Rive e Americanas de parabéns. Lá Rive pelo produto e Americanas pela atenção e rapidez. Ahh... E o parceiro tbm está de parabéns. Trabalho em equipe mesmo. Obg.",Positivo
"Surpreendeu as minhas expectativas, foi entregue dentro do prazo e em otimas condições, muito agradecida! !",Neutro
"É o segundo baú desse que eu compro... Ótimo!!!! Espaçoso, ótima qualidade.... Além de comportar 2 capacetes, também é muito útil para as donas de casa, faço feira, mercado, cabe muita coisa nesse baú....",Positivo
Quais as dimensões do local aonde vai a impressora?,Neutro
Já enviei e-mail pra tratar sobre a entrega é até agora não obtive nenhuma resposta. Grato,Negativo
"Gostei do carrinho, porém o mesmo veio com um risco na parte plástica dele que é para o lado de dentro.",Neutro
As informações q os pés de madeira maciça é errada. São de plástico. Falta marcação para a montagem em algumas partes do móvel. O meu chegou c avaria no tampo superior. Entrarei em contato com o fabricante p troca. No todo frágil.,Negativo
Som  de  qualidade  ótimo  gostei  Intrega  no  dia certo  valeu   lojas  Americanas,Positivo
"Não tive muito tempo ainda, mas aparenta ser muito bom, ele é bem trabalhado, bonito e está funcionando tudo perfeitamente, ponto positivo seria a parte do gás não precisa de adaptação, estou gostando do produto",Neutro
"O produto em si foi um bom investimento, moderno, pratico e bem atualizado, meu único ponto negativo fica por parte da entrega super demorada...comprei para presente de aniversário e chegou após a data!",Positivo
o produto é ótimo só  que não recebi a nota fiscal,Neutro
"foi confirmado o pagamento instantaneamente, porem uma semana depois nem nota fiscal ainda haviam emitido e me informaram que o produto chegaria 02 meses depois da data combinada, resultado cancelei o produto e ja faz um mes e ainda nao me ressarciram o valor nem ouve informaçao para quando...",Neutro
Muito bom recomendável entrega excelente produto de boa qualidade!,Neutro
"Calçado duro, desconfortável, veio com rebarbas por dentro que incomodam. Não recomendo.",Negativo
"Produto de ótima qualidade, não trava! Bateria super econômica.",Positivo
Muito boa igual a que eu quebrei kkkk da minha mãe...kkkkk..,Positivo
Material resistente e encaixe perfeito nas orelhas.,Positivo
ela já vem com tinta no tanque ou vem separado.......alguém pode me responder urgente,Neutro
"Faz o que prometem, Mas percebo um zumbido durante as conexões pelo telefone !",Negativo
No anuncio era bem claro que seria original inclusive com o logo da duosat  Mas chegou um controle de outra marca e paralelo ja esta falhando as teclas,Negativo
Tudo correu muito bem.  Era o que eu queria.  E ainda chegou antes do prazo informado,Positivo
Veio justamente como o descrito.  Atendeu as minhas expectativas recomendo a batedeira é de ótima qualidade e bem potente.,Positivo
"Tem um tamanho bom, eh bonito e meu filho adorou !",Positivo
"Produto de boa qualidade, pena q não deu pra comprar mais de seis e tive q pagar dois fretes já q tive q pedir pra meu noivo comprar tbm",Neutro
produtos todos praticamente vencidos perdi meu dinheiro com os produtos vou aproveitar so o dermaroller.,Negativo
Olá a máquina veio com defeito não tem potência nem força estou aguardando a resposta para trocar por outro ou se não a devolução do dinheiro se não irei ao Procon.,Negativo
"Os degraus são altos e estreitos, o cachorro não consegue subir e nem descer.",Negativo
"A foto é muito mais bonito, e qualquer coisa ele corta os dedos",Negativo
"SUPER RECOMENDO, ATENDEU AS MINHAS EXPECTATIVAS. PRODUTO DE FÁCIL MANUSEIO. MUITO BOM PARA USO DOMESTICO",Positivo
"recebi o produto e ele não está funcionando, mas a empresa que vendeu (JP CELL) deu um retorno surpreendente rápido se dispondo a trocar ou devolver o dinheiro. Estou optando por receber outro produto novamente",Negativo
"A qualidade não é das melhores, mas pelo preço vale a pena. Ficou bonito, mas deu um trabalhinho montar.",Neutro
"A mochila é muito bonita, espaçosa e feita com material de qualidade. Parece ser muito resistente. Ótima aquisição!",Positivo
São quatro jogos dentro de um só! Excelente jogo pra Xbox One! Recomendo para quem gosta da franquia Halo e para quem gosta de qualquer jogo de tiro em primeira pessoa!!! Fantástico!,Positivo
Produto de baixa qualidade e não cabe no selim.Cancelei o pedido e não consigo troca ou ressarcimento. Americanas e parceiro Best Mix não são confiaveis.... Não comprem na Americanas,Negativo
O espelho veio mal embalado e quebrou ao meio em algum momento do transporte.,Negativo
Como vou avaliar um produto que foi cancelado pela loja por não ter em estoque?,Negativo
usei pouco mas gostei do produto recomendo o produto muito pratico,Neutro
Eu comprei pela internet para uma amiga minha que me pediu mas o espremedor não funcionou. Inclusive estou tendo dificuldade para entrar em contato com a Americanas para efetuar a troca. E aí como faço agora?,Negativo
Atende as minhas necessidades no dia a dia Aparelho muito bom.,Neutro
Razoável. Serve apesar da imagem ser um pouco ruim,Neutro
Produto só  funciona estando diretamente ligado a luz. aparência bonitinha mas fugiu totalmente das minhas expectativa.,Negativo
"É TOTALMENTE DIFERENTE DA FOTO, QUASE TODOS OS PRODUTOS DAS AMERICANAS SÃO ASSIM, NA FOTO É BEM BONITO MAS QUANDO CHEGA VC VÊ A DIFERENÇA, QUALIDADE BAIXA E BEM SIMPLES, DECEPCIONANTE",Negativo
Muito bom o produto e a entrega chegou antes do prazo.,Positivo
Alguém q ja comprou como e a fôrma? E apertada ?estreita dos lados? E pq tenho o pe gordinho.....,Neutro
"Porém achei o acolchoado muito fraquinho,o tom da cadeirinha é um vermelho vivo,lindo.",Neutro
"Maristela, primeiro vc enche várias garrafa pet com a agua da piscina, depois vc limpa o fundo e retorna a agua para dentro da piscina. Ou se preferir, vc compra uma bomba para poder aspirar sem ter que tirar a agua. Espero ter lhe ajudado.",Neutro
"Tem que melhorar algumas coisas por exemplo na hora de compartilha os vídeo,ser compatível as produto exemplo os celulares",Neutro
"Gostei da velocidade, dos recursos. Muito bom o produto...",Positivo
"Achei legal, mas pouco potente. Também senti falte de algum acessório que o mantém de pé.",Neutro
"Estragou no primeiro uso... Comprei para fazer filmagem na água, mas na primeira vez que molhou estragou...",Negativo
produto compre com a função porem o dispositivo ficou com volume baixo,Neutro
"Excelente empresa, produto de ótima qualidade, entrega rápida, somados as minhas experiências com tal empresa posso dizer de concreto que se confirma uma ótima confiabilidade na empresa citada ...Recomendo.",Positivo
quero comprar mas preciso saber quantos cm tem o numero 29 e 30 para saber o nº certo. não consigo contato com o vendedor. bgda,Neutro
Produto muito bom. Porém veio faltando cabo ISO para instalação.,Neutro
APARELHO NÃO FUNCIONA E EU NÃO SEI COMO FAZER PARA RECLAMAR.,Negativo
"Impressora não funciona, só imprime colorido. HP não admite a falha do produto, dizendo que foi mau uso, sendo que as instruções do manual são muito falhas",Negativo
"O produto chegou antes do prazo em boas condições,  porém, o fixador da essência do  perfume não dura muito.",Neutro
"Perfeito para a limpeza diária da casa e demais locais como carro, eu recomendo! Prazo de entrega foi perfeito.",Positivo
Veio perfeita. A embalagem veio protegida e chegou ótima!,Positivo
"Achei muito escuro, parece aço inox, vou levar para avaliar assim que possível.",Negativo
"Gostei dessa bolsinha térmica. É bonitinha, simplezinha, pequenininha, mas de boa qualidade. Era o que eu esperava dessa compra.",Neutro
"NÃO COMPREM O MOTO X4.  A BATERIA SÓ DURA 6 A 7 HORAS. UM LIXO. COMPREI O MEU EM DEZEMBRO.  OUTRA COISA, SÓ CARREGA NO PRÓPRIO CARREGADOR E A ENTRADA E EXCLUSIVA DELE.   NÃO ADIANTA COLOCAR OUTRO CARREGARDOR! ALEM DE NÃO CARREGAR... MESMO QUE VC COLOQUE  ADAPTADOR, SE NAO FOR A FONTE DELE, VC N VAI CONSEGUIR DAR CARGA! RESUMO: UMA PORCARIA",Negativo
Por favor me dê uma resposta sobre a entrega do produto que ainda nao chegou e o e-mail de rastreamento consta que foi entregue no dia 23/01 /18 as 18:03 e diz ainda que foi preparado para envio no dia 23/01/18 as 17:03 como pode em uma hora esse produto ter chegado e ainda nao foi entregue em minha casa por favor mim dê uma resposta,Negativo
"Muito bom produto, excelente qualidade, so nao gostei do bico de beber.",Neutro
Um bom livro de auto ajuda. Vc consegue ate avaliar as pessoas que estao ao seu redor. Super recomendo.,Positivo
"Não consegue moer nada, nenhum tipo de carne, nem mesmo arroz cozido. Comprei o produto por ter 1000w de potência, acreditando que seria ótimo e potente para moer tudo, mas na verdade não.",Negativo
"Gostei do produto porem veio faltando um pedaço, estou aguardando solução.",Neutro
"O relógio não veio na caixa do Casio, gostaria de saber o motivo?? Foi embalado em um saquinho plástico parecendo ser falsificado.",Neutro
radio chegou antes do prazo mais tive que retirar nos correios pois mais uma vez informam que ha area de entrega e´restrita isso pq minha casa fica na mesma rua que a central de distribuiçao dos correios absurdo isso...,Neutro
"Eu achei o material é mto fraco, nos primeiros dias a alça descosturou. O ziper e dificil de abrir.",Negativo
"Tampa de sanitário muito bonita, ótima qualidade, recomendo.",Positivo
Se precisar de um freezer de ótima qualidade e uma geladeira recomendo este produto! Dias muito quentes tive que colocar o freezer no mínimo de tão potente!!,Positivo
"O produto é bom, discreto, moderno, confortável, estou usando com lentes grau, tenho 4 graus de miopia, o óculos nem de longe parece ser de grau, gostei muito.",Positivo
Eu não recebi o produto. Já conversei com uma advogada porque enviei muitas mensagens e não tive retorno.,Negativo
"Chegou antes da data prevista produto, ótimo a multifuncional.",Positivo
"O produto é bom, mas a maneira de embalar deixa a desejar. O suporte plástico do pé do varal veio quebrado e isso faz com que o varal fique bambo, sem estabilidade.  Não fiz a devolução para troca, porque acho isso muito chato e cansativo, ter que embalar, ir até o correio postar, pagar o envio, ficar aguardando novo produto, enfim, estou usando quebrado mesmo. Mas é muito chato, não gostei.",Neutro
"Utilizei o produto é depois de algumas horas o celular desliga, mesmo com carga na bateria. Após recarregar, acontece novamente o problema. Não indico",Negativo
"A previsão de entrega do produto era 04/01/18. Hoje, dia 15/01/18 ainda não foi entregue e a Americanas quer que avalie um produto que não foi entregue.",Negativo
"Braçadeira infantil!!! Não serve em adultos, somente 32 cm no máximo.",Negativo
"Para um sofá, com assentos bonitos, reclináveis e retrátil, Não se deveriam de usar espumas de baixa densidade para os assentos, que é o principal para um sofá !!!  Comprei, veio bonito, confortável...porém como ficamos mais tempo em casa...NÃO atendeu nossas expectativas !!!! Em apenas 2 meses, os assentos já estavam 'Afundados'...Pecaram na espuma dos assentos....SE for para utilizar de vez em quando...pode ser útil...mas para o dia-a-dia....Péssimo !!! NÃO RECOMENDO!",Negativo
"Já tomei este produto e conheço os efeitos. Esse produto não está sendo eficaz, e eu soube que existem falsificações dele no mercado. Acredito que este seja falsificado.",Negativo
"O Agasalho é  realmente bonito igual da foto, porém pedi um tamanho  e chegou o tamanho menor",Neutro
"Eu pensei que seria melhor. O app da Netflix está com alguns problemas, só que eu não sei se é o sistema da TV ou é o app que está desatualizado. No app ele dá umas travadas chatinhas, mas no YouTube ele é de boa, mas eu não gostei pq você não pode sincronizar o celular com a TV para já pôr o vídeo para rolar pelo celular e eu não gostei disso. A TV é linda e bem grande, mas se eu soubesse disso teria comprado outra. Se você só quer uma TV para assistir e pronto,essa é a TV. Mas eu compraria outra.",Neutro
"Ótima mamadeira, não vasa. Pode ser usado na bombinha da Philips. O único problema é que não cabe na bolsa térmica tradicional de mamadeiras.",Neutro
Produto de ótima qualidade e entregue 10 dias antes  do prazo. Estão de PARABENS.,Positivo
"O monitor é muito bom, a imagem é excelente, o único ponto negativo é o fato de não ter HDR.",Positivo
Dá erro de até 30 (TRINTA !) KILOS !  Não vou nem devolver porque ainda teria que gastar mais dinheiro para devolver.  Vou bancar o prejuízo e comprar outra em outra loja.,Negativo
"lâmpada musical chegou hoje, hoje mesmo não funcionou o áudio, só faz acender e conectar mas o áudio não funciona. Alguém pode me ajudar com este problema?",Negativo
"NÃO FUICIONA, NÃO RECLAMEI  ANTES PORQUE O VALOR É MUITO BAIXO, NÃO VALE A PENA.",Negativo
"Demora carregar  4 horas,material boa qualidade mais demora.muito   carregar.",Neutro
"Belo conjunto, materiais de qualidade, acabamento padrão Tramontina, satisfeito com a compra, recondo muitissimo.",Positivo
"Entrega no prazo, veio bem embalado, ótima qualidade!",Positivo
Uma das pesas de fatiar veio com defeito esta rachada só percebemos quando foi fatiar a vaje e vimos que estava quebrada queria saber como posso trocar,Neutro
Infelizmente a bateria do celular não funcionou. Gastei meu dinheiro à toa. Fiquei decepcionado com a prestação do serviço.,Negativo
"Produto muito bom para organização, de excelente qualidade",Positivo
"O produto chegou normal, mais não chegou no prazo.",Neutro
Não recebi o produto ainda! Desde do dia 20.12.2017 que realizei o pagamento do boleto e até agora só foi emitida a nota fiscal o nem. O aparelho foi enviado ainda.,Negativo
O produto veio sem o guia do usuário / manual e não adiantou nada solicitar para a empresa que entregou o produto (Fonecar). Nem responderam ao e-mail!!!! Lastimável!,Neutro
"Um produto que pelo custo vale a pena comprar. Bom, bonito e barato. Vamos ver qto tempo vai durar rs",Neutro
"Produto prático,  leve e eficaz.  Ótimo custo beneficio.",Positivo
eu gostei muito do produto por isso quero saber o tamanho do painel,Neutro
"O viva voz do telefone começou a ativar sozinho essa semana 08/05/2018. E não desativa mais, não posso nem tirar o telefone do gancho que ele começa a fazer um zunido muito forte. A nota fiscal foi emitida em 16/11/2018, mas somente comecei a fazer uso depois das férias, em janeiro de 2018.",Negativo
"Produto cumpre o que promete. Muito bom mesmo. Só não é prático para lavar, muitas peças ao desmontar por causa da base diferenciada, mas vale a pena.",Positivo
"- dendro do que foi exposto supera todas as expectativas, um charme de tecnologia, onde o usuário pode desfrutar de todas suas proezas!!!",Positivo
"muito bom produto de boa qualidades, recomendo. chegou antes do previsto.",Positivo
"Bom equipamento que entrega o que promete, boa performance para atividades de escritório.",Neutro
valeu a pena a compra pois  a luminária apesar de pequena tem uma iluminação muito boa e seu preço está bom,Positivo
"Produto atende as minhas expectativas, pena que não vem o cabo USB para ligar ao PC, tirando isso recomendo a todos.",Positivo
Indico com ressalvas pois agitar algo mais cremoso não é  muito bom,Neutro
Produto muito bom. Além das expectativas. Super recomendo.,Positivo
"Fraco na memória Ram e Câmera de Foto, por enquanto é o que percebi. Achei a bateria boa, demora descarregar, vamos ver com o tempo.",Negativo
Já usei uma vez e gostei. Agora comprei novamente e recomendo.,Neutro
"chegou o que pedi, rapido sem demora e recomendo :)",Positivo
A principio boas e com simplicidade funcional na construção e acabamento aceitavel. Como moro em lugar sem maresia então fica a dúvida se serviria para regiao de mar?  Combinaram com a minha mesa que é cromada.,Neutro
"Muito rápida e eficiente a entrega. Sobre o produto, de excelente qualidade!",Positivo
tudo certo com o produto e com o prazo de entrega.,Positivo
"Produto de boa qualidade, bom acabamento e tamanho.",Neutro
"Excelente produto , original sem duvidas , além de ser muito bonito.",Positivo
"Quem ainda estiver com dúvidas se compra ou não, eu só digo uma coisa. Comprem porque o aparelho é top. Super bonito, elegante e rápido. O áudio é bem potente e a tela é relativamente grande! Samsung A9 é um dos melhores celulares da atualidade!",Positivo
já usei anteriormente e considerei bom - interrompi o uso e as manchas voltaram,Neutro
"Ótimo aparelho, não trava durabilidade da bateria boa, pelo tamanho dele é super leve, eu recomendo, pode comprar.",Positivo
Acabou de chegar meu produto. Um pote veio com 30 capsulas Outra estava aberto. Então dinheiro jogado fora. Não posso tomar uma coisa que não tenho confiança. Qdo for comprarem procurar o original. Decepcionada  pois sempre comprei coisas nessa loja e sempre recebi tdo certinho.,Negativo
"o controle responde muito mal, ao apertar o botão para a luz ficar branca a lambada desliga, iluminação muito fraca, mal ilumina meu quarto de 3x3. Não recomendo, e o pior, a politica de devolução é completamente anti-consumidor. Péssima experiencia.",Negativo
"Mas a empresa que entrega não é semelhante! Não há um compromisso de ""informar"" ao cliente, NADA!",Neutro
"O rádio em si é bom no sentido de recepção, não há nada que o desabone. Mas com um ponto muito negativo é a duração das pilhas. Elas são descarregadas muito rápido. Se for alcalina permanece um pouco mais carregada, se for da comum ela se descarrega muito rapidamente.",Negativo
"Gostei do produto,  muito bom pelo custo benefício, Realmente o que deixa a desejar e a bateria desgarega rápido em uso, não esquenta como um antigo que tenho da positivo, atende de mais as minhas necessidades que para estudar, tive um probleminha na entrega, porém foi culpa da transportadora, no demais recomendo sim o produto é a loja, da qual já só cliente a um bom tempo.",Neutro
Quero meu dinheiro de volta até agora nunca recebi o meu pedido,Negativo
Eu não recebi o produto ainda eles falaram que ia entregar no dia 23 não entregaram depois mudaram para o dia 29 e até hoje eu aguardo Eu Estou decepcionado e vou tomar minhas medidas cabíveis já foi descontado na minha fatura já chegou a nota fiscal e o produto nada eles falaram que foi desviado que ia gerar outro pedido e outra nota fiscal então eu vou tomar minhas providências,Negativo
atende as  minhas necessidade para o trabalho que vou realizar,Neutro
"Atendeu as espectativas, bom custo beneficio! Bom para presentear alguem que precisa de um celular novo!",Positivo
Bommmmmmmmmmmmmmmmmmmmmmmmmmmmmmmmmmmmmmmmmmmmmmmmmmmmmm,Positivo
Continuem com esse excelente trabalho.O prazo de entrega foi conforme o combinado.,Positivo
"Parece produto falsificado com 10 dias de uso já está com problema no botão,chegou com a caixa dabificada, totalmente insatisfeita",Negativo
Eu dou zero estrelas! Eu não recebi meu produto até agora e ainda ordem pra mim avaliar!!!,Negativo
Pra quem gosta de Samsung ele e maravilhoso atende todas as necessidades,Positivo
"Como uma loja sediada em Londrina PR não faz entrega na sua própria cidade acho bom as Americanas.com.br rever bem seus associados, fiquei muito chateado de não poder comprar.",Negativo
"Microondas ative brastemp bom funciona bem, mas fiquei decepcionada quando ele chegou que fui instalar e percebi que o touch dele ao invés de ser de vidro como o microondas da minha filha que e o mesmo modelo e de pelicula de plástico.  Agora estou no aguardo da lojas americanas retirar o produto pra fazer a troca. Estava tão feliz com a chegada dele, fiquei muito chateada. E uma pena se for assim mesmo de plástico. A brastemp esta acabando com a credibilidade de seus clientes.    Yaraferreira.",Negativo
"O produto veio com defeito, e ainda não foi  resolvido o problema. E ainda não recebi o valor que foi pago, reembolso do valor que foi pago,",Negativo
"Esperava mais do produto... A nitidez da imagem não é de qualidade como esperava e o design externo também, há poucas entradas disponíveis e não gostei do botão de ligar.",Negativo
"PRODUTO DE EXCELENTE QUALIDADE!! ATENDE TODAS AS EXPECTATIVAS, SUPER INDICO!! PROPORCIONA OTIMAS NOITE DE SONO TRANQUILAS PARA O BEBE!!!",Positivo
"Fiquei muito decepcionada. Realmente me surpreendeu a diferença de valor comparado a outros sites, o barata sai caro! Mas de 300 por um perfume que não dura 30 minutos na pela.",Negativo
"Material reforçado, fácil de montar, confortável e a vibração que a princípio achei fraca, é excelente para bebê recém nascido deixando-o tranquilo.",Positivo
"Vocês sabem que esse produto é gamer, poderiam colocar um combo!   Eu mesmo compraria com mouse e mouse pad gamer",Neutro
"gostei;;;;;;;;;;;;;;;;;  SO COLOQUEI HOJE, ENTAO POSSO AVALIAR SO HOJE, GOSTEI, FICOU OTIMO....",Neutro
"Vendem o produto sem te los para entregar, verdadeiro lixo...",Negativo
A progressiva nao chegou  na data prevista chegou depois de uns 20 dias ... Pessimo.,Negativo
atendeu todas as minhas expectativas.  um equipamento bom e facil de manusear,Positivo
Adorei o smartphone .Era tudo o que eu queria. Estou satisfeita com a compra.,Positivo
"O produto é bom, porém se a energia elétrica acabar ele não funciona, além de que o filtro é muito caro.",Negativo
Ótimo porém o sal não gruda na pipoca mas mesmo assim gostei muito,Positivo
"produto muito fraco, não atende as expectativas, tem que melhorar muito, estou decepcionada com minha compra. Não recomendo o produro!",Negativo
Olá.  O produto é menos forte do que eu achei e veio sem manual de instruções em relação às aplicações na pele - mesmo com duas luzes diferentes.  Foi muito difícil achar o site do fabricante também com instruções - na verdade não achei. Somente achei instruções de como colocar o fio no aparelho e etc.  Acho que a Americanas poderia ter enviado um passo a passo.  obrigada.,Neutro
"TUDO MUTIO RAPIDO DE BOA QUALIDADE , MATERIAL BOM, GOSTEI MUITO.",Positivo
"Bom custo, ótimo para crianças dei de presente pro meu filho ele adorou... Não cabe muita coisa mas pra criança é ótimo!",Neutro
O prazo estourou e não recebi o produto pago. Quando e se receber mudarei minha avaliação!!,Negativo
Estão de brincadeira né.. em un supermercado com nome de pao com doce que vocês sabem bem qual é.. tem o mesmo chocolate com 150 no maaaaaximo você compra todos os itens e a cesta..ACORDA BRASIL,Negativo
Excelente aparelho com recursos e tudo que um bom telefone pode oferecer com um preço acessível.,Positivo
Recomendo um ótimo máquina!!......... .................,Positivo
"Não compre este produto, a empresa Americanas vende, não entrega e não dá nenhuma satisfação ao cliente. Já cansei de tentar contato com a empresa, agora estou indo procurar os meus direitos na justiça.  Comprei este produto e a entrega deveria ocorrer até 22/02/2018. Até hoje, 07/03/2018, o produto não chegou e não tenho nenhuma posição da Americanas para me informar quando o produto chegará na minha residência. Total desrespeito com o cliente. Com certeza foi a última compra nas Americanas.",Negativo
Atendeu perfeitamente as necessidades o mesmo funciona de acordo com o especificado,Positivo
muito bom  água sempre gelada o tempo todo;sem ruidos.eu recomendo.,Positivo
Faz ótimos pães... bem como gosto... só p que achei que faz um rangido chato...mas está aprovada.,Neutro
o produto atendeu as minhas necessidade... gostei... recomendo.,Positivo
Eu recomendo a compra... não me arrependi. O produto chegou dentro do prazo e fácil de instalar. Bom  produto.,Neutro
nao recomendo a compra devido a entrega. demorada e ainda com atrasos...,Neutro
Infelizmente 2 panelas vieram lascadas por fora. E no segundo uso esta descascando por dentro. As alças esquentam .,Negativo
"Produto chegou com avarias característicos de pancadas. Infelizmente se paga um valor elevado por para se ter um serviço de má qualidade. Eles colocam o pacote ao chão de forma disfarçada já vem com a caneta e nota à mão assina que tem outa entrega a gente compreende libera e pá, lavem surpresa. Não utilizei meu direito de arrependimento pois a falha é somente estética e minha necessidade ao produto seria maior que o tempo para adquirir outro igual ou equivalente.",Neutro
"Produto material simples, mas pelo preço está ótimo. Muito bonito. Amei.",Positivo
O aparelho já chegou travando!! Apresenta alguns defeitos como grava vídeo e não armazena daí pra eu ver o vídeo tenho q reiniciar o aparelho para abrir as fotos é uma demora... Não gostei muito....não sei se ele caiu antes de chegar até minha casa  para apresentar esses defeitos.,Negativo
"As Lojas Americanas pecaram enormemente na condução deste pedido, ao solicitar o meu feedback a respeito da entrega  e, ao dizer que o produto ainda não tinha sido entregue, cancelaram o pedido e já solicitaram o estorno da compra.  Pior ainda é receber a avaliação de algo que eu não comprei.  Lamentavel.",Negativo
Além de bonita acrílico muito e bom preço recomendo!,Positivo
"entrega dentro do prazo, aparelho com a qualidade que eu esperava, recomendo a todos",Positivo
"Veio com defeito mas mandei para assistência, estou no aguardo na espectativa de um retorno,enquanto isso,fico ancioso.",Negativo
"Atendeu minhas expectativas, notebook leve, design bonito e agora estou testando aos pouco. O office terei que instalar outra versão, pois vc só consegue utilizaresolver o que vem instalado caso adquira o pacote. Tirando isso,estou gostando do equipamento.",Neutro
"um bom produto,ja que na venda nao diz qual e o tecido,mas um produto usavel",Neutro
"ótimo produto, perfeito vale a pena comprar, foi entregue em perfeitas condições",Positivo
"Ele é fácil de manusear, forte, é fácil de guardar e leve de transportar",Positivo
É um pouco mais difícil de usar algumas funções e a bateria dura pouco para um celular novo.,Neutro
"Ainda não recebi o produto. Previsão longa era para o dia 05 de maio, reclamei de não ter recebido e ainda não tive retorno.",Negativo
"Esse produto é bom para quem deseja estudar. Estou com ele há 11 dias. Não é muito tempo para se avaliar, mas até então tem apresentado um bom desempenho.",Neutro
"Chegou bem antes do prazo e com todos os acessórios, fiquei muito satisfeita com meu satinelle! Cumpre o que promete!!!!",Positivo
Muito bom e entrega muito rapida. Recomendado a compra,Positivo
Fui em lojas físicas e não encontrei preço nem próximo a este. Perfeito!,Positivo
Acho que teriamos de te brinde   Cada compra oi mais de 1 seria bom ter um tipo de brinde oi etiquetas para os pites.,Neutro
"NÃO RECEBI ESTE PRODUTO!!!!!! Fui informado que houve um problema na entrega do produto e em seguida solicitei o cancelamento, que está há dez dias sem andamento no site. Vocês não me posicionam acerca do reembolso. E agora vem perguntar sobre a satisfação com o produto!!!!!! Isso é um absurdo!!! Desrespeito com o consumidor!!!   Continuo aguardando a loja me posicionar acerca do reembolso deste produto, o qual, repito, NÃO RECEBI!!!!!!!!!!",Negativo
"Produto bom funciona sem problemas , mas precisa de um especialista para configurar o aparelho .",Neutro
Chegou antes do prazo!! Ótimo produto e um ótimo custo benefício!!,Neutro
estou mr adaptando ao produto bem devagagar  pois sinto muitas dores,Neutro
"O produto deve ser bom, ""deve ser"" pois ainda nao recebi. A entrega esta atrasada. Nunca mais compro em lojas que utilizem a Directlog para entrega.",Neutro
"Produto de ótima qualidade, capacidade e procedência.",Positivo
"a chapa é pequena, mas aquece bem e atende as minha necessidades",Neutro
"Esse fone não é o mesmo que chegou em minha casa. Não recomendo, chegou um fone de péssima qualidade e que não tem nada a ver com a descrição do site Americanas.",Negativo
O produto é excelente! Relação qualidade-preço muito boa.Infelizmente os Correios não entregaram em minha casa e tive q ir buscar.Mas valeu realmente a pena pois já estou produzindo massas maravilhosas.,Positivo
"O celular veio com defeito, entrei em contato várias vezes com a samsung e com a lojas Americanas, e nada se resolvia. Primeiro queriam que eu mandasse para a autorizada, para consertar o defeito, sendo que eu como consumidora tenho 7 dias para trocar por um outro novo, eu não aceitei e depois de muitas ligações e insistência consegui falar com uma atendente que fez o processo para a troca. Se eu recomendo o produto ?? Não recomendo, apesar de ser um celular muito bonito é muito dificil a comunicação com os setores responsáveis. Enviei o produto para a troca de um novo celular, e espero que o processo de troca, não seja tão demorado, quanto foi para tentar solucionar o problema.",Negativo
"Não funcionou como esperado. Não reproduziu vídeo pelo pen drive. Como foi presente de Natal, passaram-se mais de 7 dias e não aceitaram devolução. Não consegui assistência técnica ainda, porque os telefones na lista  não  atendem. Tentei pelo telefone da Mondial e me passaram o mesmo telefone.",Negativo
Bom produto atendeu minha expectativa quanto seu desempenho,Neutro
EXCELENTE! EU RECOMENDO!OBRIGADO!!!!!!!!!!!!!!!!!!!!!!!!!!!!!!!!!!!!!!!!!!!!!!!!!!!!!!!!!!!!!!!!!,Positivo
Por enquanto está funcionando direitinho. Produto chegou antes do tempo também.,Positivo
Fiz a compra mas na descrição não informou que não era original. Decepcionada.,Negativo
"Atendeu as expectativas, um bom presente, um belo acabamento...",Neutro
"Game com características de RPG, conta com um sistema de luta incrível",Positivo
Porém so fiquei triste com a demora pois sou acostumada a compra pelo site e chegar com uma semana e esse demorou e esse chegou quase pra completar um mês,Neutro
"Minha namorada disse que na internet dizem que a cola é forte e não sai facilmente, porém na verdade, não segura direito e a cola é fraca.",Negativo
Para uma pessoa q não tem muita consideração ele é indicado porq é barato e faz o mesmo efeito de outros mais caros eu gostei e indicado com certeza,Neutro
completo desinteresse do vendedor com o cliente e com o prazo de entrega.,Negativo
"Parece até brincadeira, me fazem de otário e ainda vem me perguntar o que eu achei do produto?!?! Já falei que não quero mais o produto mas sou obrigado a recebê-lo primeiro, algo que eu acho que não vai acontecer nunca, antes de fazer a devolução. Nunca vi tamanha incompetência!",Negativo
Apesar do seu pequeno tamanho ele é prático na hora de preparar mini cupcakes.,Neutro
"Excelente, me serviu corretamente, Recomendo a Todos!",Neutro
Adorei preço bom e qualidade superior ao que esperava recomendo,Positivo
"O produto chegou antes da data informada, fica lindo para decorar o ambiente.",Positivo
"gostei muito do produto, porém achei de pequeno tamanho... tamanho de um cafézinho mesmo... do mais é de excelente qualidade.",Neutro
Nao recebi o produto e estou indignada q ainda nao deram uma solução pro meus protocolos,Negativo
"Fiz a compra no dia 29/04/2018 e até hoje (29/05/2018) o produto ainda não chegou. Americanas.com, quer um conselho? Mude de transportadora, porque a Directlog é péssima, desorganizada, atrasada, etc..",Negativo
"Bom produto, a durabilidade da carga poderia ser maior mas a princípio atende minhas necessidades.",Neutro
"O foco não está alinhado entre as duas lentes, cada um aponta para um lado. Não é como um binóculo, por exemplo. As imagens se misturam. Para ver, tem que tapar uma das lentes ou fechar um dos olhos. Muito ruim.",Negativo
"Não gostei. A imagem não tem nada de 4K,  não tem a globo regional do RS, somente de outros estados.",Negativo
"O produto atendeu as expectativa, resolveu e facilitou muito o problema com a limpeza da piscina.",Positivo
Produto bonito mas o café só sai morno entrega rápida mas o produto deixa a desejar!,Negativo
Achei muito potente. Fiquei bem satisfeita com o produto. Ótimo custo x benefício.,Positivo
"O aparelho não trava desde que você faça as primeiras atualizações que pedir, só tô encomodado com um sol que dá saída de ar, comprei um igual para minha tia, estou aguardando chegar, saberei se esse som de fabrica ou meu está com algum problema.",Neutro
"Aparência impecável, mas de um modo geral é frágil. Chegou com o vidro quebrado. Mandei consertar. Consome muita pilha, porque não pára nos segundos. Beleza não é tudo...",Neutro
"O jogo possui o mesmo nível de  outros call of duty, mas a história é muito mais superficial e o modo campanha é absurdamente curto",Neutro
"Excelente custo/benefício. Comecei a andar de BMX há pouco tempo e gostei muito da bike. Ela já vem pré-montada, sendo fácil para colocá-la em funcionamento. O visual é muito bonito com pintura fosca, e as peças são de excelente qualidade.",Positivo
Falam qe só vale o boleto do banco do Brasil não comprem e fraude eu comprei e roubaram eu PK no atendimento americana a moça falou qe eles não coloca propaganda nas redes sócias fiquem alerta,Negativo
o teclado  falha muitas vezes depois  de uso  por algum tempo e às vezes não obedece  à digitação .,Neutro
"Chegou antes do prazo.  Qualidade muito boa, a bolsa é exatamente como mostra as fotos.",Neutro
O aparelho nao funciona. Veio estragado. Devolução efetuada.,Negativo
"O alicate apresenta desencontro ao fechar, as pontas (bico) do alicate ficam tortos.",Negativo
"Produto Bom,veio faltando pregos de fixação das Ripas de estrado das camas,quantidade insuficiente",Neutro
ótimo produto comprei e esta funcionando em perfeito estado,Positivo
"O produto foi muito melhor do que eu esperava. As toalhas sao grandes,fofas de excelente qualidade. E a entrega antes do prazo, espetacular.  Eu amei!!",Positivo
Produto entregue dentro do prazo com nota fiscal em embalagem fechada.,Positivo
"Comprei a minha em 2013, NUNCA tive problema.  Sempre deixou meu cabelo ótimo, não danifica tanto o cabelo, ela esquenta na parte de cima da prancha então toma cuidado ao colocar a mão (isso não atrapalha na eficiencia da chapinha), esquenta super rapido (não chega a 3 min). Foi uma das melhores compras que já fiz, e faria de novo... Tanto pela durabilidade, resistência, eficiência.  Também faço cachos com a chapinha igual essas blogueiras fazem, meus cachos sempre duraram muito e quando aliso o cabelo 100%, fica ótimo",Positivo
"O produto até  que é  regular, fica firme mesmo com o tampo de vidro de 20mm. Porém, é  extremamente  necessário  ventosas para aderirem a um tampo de vidro, como é  no caso da minha mesa. Apesar disso, a Americanas entregou dentro do prazo e muito bem embalado!",Negativo
"Desculpe-me por enquanto não pude avaliar o produto, pois ainda está a caminho de ser entregue, ainda não o recebi e portanto não posso avaliá-lo com 100 % de certeza.",Positivo
"Não recebi o produto ! Não entregaram no prazo! Não cancelei o pedido ! Não me deram satisfação de nada ! Não recebi o ressarcimento do dinheiro ! Não voltarei a comprar nas lojas americanas !   Simplesmente VERGONHOSO, decepção total !   ASCOM TOTALMENTE NEGLIGENTE NO SERVIÇO DE ATENDIMENTO AO CONSUMIDOR, descaso total. Atitude inaceitável",Negativo
"Bom produto, óbvio que não se pode exigir a mesma qualidade das tintas originais indicadas pelo fabricante, mas, pelo valor pago está muito bom.",Positivo
excelente  produto   e volume alto gtgtggggggggggggggggg,Positivo
"Complicado o titulo, compra um e experimenta. Para uma ferramenta que tem a pretenção de quebrar, demolir acho que tem alguns pontos fracos, como por exemplo o gatilho. Tem-se a imressão que ele vai quebra a qualquer momento. Ele fica folgado. Tenho outras ferramenteas elétricas e ainda não tinha visto nada assim. Outro ponto, fio é bem grosso dá a impressão de que a ferramenta precisa de muita corrente elétrica para funcionar. Entretanto o pino é de 10A. Ou o fio é muito plástico e pouco cobre ou o pino esta errado, mau dimencionado. Ainda não usei efetivamente a ferramenta e por isso acho que quando o fizer vou encontrar mais algumas coisinha. Ainda não me arrependi de todo.",Negativo
ESTA ATENDENDO PERFEITAMENTE MINHAS NECESSIDADES. MUITO BOM MSM.,Positivo
Produto de boa qualidade...o vidro veio um pouco marcado com sujeira q nao consiga tirar..mas ok..,Neutro
"A tampa não veda direito, a bebida vaza ao sacudir.",Negativo
"Meu celular e Ótimo tive um probleminha um dia no alto falante mais nada de mais, si eu ver que deu problema de novo eu levo na assistência pois tem garantia e o bom de compra celular novo e isso. As minhas fotos ficaram bem lindas.",Positivo
"A troca esta sendo bastante burocratica e a demora muito longa. Tive que negociar direto  com o fornecedor.  Não estou satisfeita até o presente momento, já esta  completando quase um mês e a troca ainda não foi efetuada.  Aguardando um novo produto sem defeitos.",Negativo
"A entrega foi rápida, em 10 dias o meu celular chegou, enquanto a isso não tenho o que reclamar, porém meu celular descarrega rápido de mais, sendo que, acho que foi so o meu que veio assim, eu ia devolver, mas to um pouco sem tempo pra burocracia, de resto ele é um celular bom.",Neutro
Qualidade muito boa do produto. A entrega foi dentro do esperado.,Neutro
"entrega rápida , produto de primeira qualidade. fidelidade na qualidade e no anuncio",Positivo
"Bom produto, mas senti falta de um manual com mais informações",Neutro
"Com a tecnologia dos dias de hoje, esterava muito mais, não em luxo mas em qualidade de hardware. Bastante lento.",Neutro
"O produto é bom. Porém o pau de self enviado não é adpatdo pra uso da  go pro, e sim câmera de celular.  Testei o produto após carregar bateria e com pouco uso a bateria se esgotou. Gostaria de um retorno.  Obrigada",Neutro
"Produto de qualidade, excelente acabamento. A única questão na qual o produto peca é o controle de velocidade. Há apenas uma velocidade aceitável",Neutro
"Muito útil e de boa qualidade, recomendo este produto.",Positivo
"Comprei o produto e o pagamento foi aprovado em 25/04/2018 e até agora dia 02/05/2018 não geraram a nota fiscal. Um absurdo, pois sempre comprei na Americanas e nunca houve tamanha demora. Pelo que vejo já tem sete avaliações aqui com o mesmo problema que o meu. E você nao consegue falar com ninguem.",Negativo
"A tv é boa realmente, porém não é igual um 46 polegadas, tenho outra 46 e o sistema é bem rapido, e o dessa é um pouco devagar nada que atrapalhe, a imagem é bem boa, chegou antes do prazo dado pelas americanas.",Positivo
"ótimo umidificador, recomendo e rápida entrega.Gostei muito do produto!",Positivo
"Poltrona muito fraca, o encosto parece que vai se soltar quando sentamos. Não recomendo.",Negativo
"Bom produto, visual bakana, ótimo preço. Recomendo!!!",Neutro
Produto é lindo. Pena que veio com vidro quebrado e sem a alça do armário.,Neutro
Boa tarde ela. Não esquenta muito 'por que ?  Att Rosi,Negativo
"Ainda não recebi o produto para avaliar, quase dois meses para receber, infelizmente não vi o prazo para entrega.  Não recomendo.",Negativo
Cafeteira pratica para usar e faz ótimos cafés !!! Design bonito !!!,Positivo
"Estou aguardando a bolsa que ainda não chegou!! Não considero que recebi o produto, pois não foi entregue tudo o que comprei!! Aguardo o restante do Produto, e se não receber até à data prevista, 03/05, irei até o PROCON!!!",Negativo
"Enviei um e-mail para comunicar que a babá veio trocada, mas ainda não recebi respostas. Recebi a babá Mirage.",Neutro
hd cumpre sua funçao ..............................................................................................,Positivo
"Lindo conforme a foto, gostei muito do produto, ficou um luxo na minha cozinha.",Neutro
Chegou com pequenas avarias e depois do prazo. Mas é muito funcional!,Neutro
"NÃO RECEBI MEU PRODUTO!!! VOU DENUNCIAR NO PROCON. já foi feita a cobrança no cartão de crédito e ainda não recebi o produto, a data da compra foi dia 24/11 ( black Friday) e dizia que 12 dias era o máximo da entrega. Também através do fone não consigo falar com nenhum atendente. Aguardo com urgência algum retorno",Negativo
"Imagem Boa, áudio ruim, smart limitada. Tv condiz com o preço.",Neutro
Descartável antes mesmo de pagar a 1 prestação a mangueira já partiu 3 vezes,Negativo
"Nao fez um mês que recebi o produto  e apresentou um problema, estou tentando contato para resolver. Fica travando na inicialização e nao posso usar o produto",Negativo
"Rapidez na entrega, produto satisfaz minhas necessidades. Recomendo.",Positivo
"Entrega no prazo. Soh que veio um pouco amassado, poderia ter vindo melhor protegido.",Neutro
"O mix fica grudando o alimento nos buracos laterais,e não importa se você retira e coloca para bater de novo ele volta para lá  e não bate tem que retirar e jogar fora. Já o mini processador até o momento está superando as expectativas.  A potência no mix é suficiente para usar se você não estiver com pressa .",Negativo
Produto de qualidade e entregue no prazo combinado,Positivo
Quando fui comprar o produto so tinha elogio quanto a entrega e no anuncio estava ate 45 dias p entregar agora estou esperando desde o dia 16 de dezembro e nao me entregam a loja disse q é 45 dias uteis mais de 2 meses . Estou arrependida de ter comprado .,Neutro
"recebi  , transportadora disse que veio  3 vezes, mentita mal entrega, nao tiveram a capacidade interfonar",Negativo
"Porém fiz a garantia estendida de 2 anos e não recebi nem a nota fiscal e nem o contrato com termo da garantia, não compraria de novo.",Neutro
Bom dia. Recebi a mensagem dos correios e fui buscar. Quando cheguei em casa vi que ela estava quebrada e solicitei a troca no site e estou aguardando a resposta.,Negativo
"Produto é bom, porém veio uma das tantas meio arranhada, acredito que porque não veio na caixa da euro e deu algum problema, mas o produto em si é ótimo",Neutro
"Bem legal,  mas os dardos amaçam muito fácil. Com isso, ela começa a agarrar. O brinquedo é bonito e resistente. Recomendo comprar um pack de dardos a parte pra substituir os que vão dando defeito.",Negativo
Bem interessante e bem útil para base de pesquisa na graduação.,Neutro
"Produto bom e discreto, melhor que os suportes tradicionais.",Positivo
"Escolhi esse notebook por 3 motivos principais:  1) A marca é conhecida pela durabilidade 2) 500 MB,1 T e i5 por esse valor = compensa muito 3) Muito leve e fino Por enquanto está me agradando bastante, vamos ver a longo prazo.",Positivo
Não usei nem 5 vezes e o notebook não liga mais! Muito lento! Não recomendo!,Negativo
"Ótimo produto,eu estava juntando dinheiro para compra um pc gamer ,mais quando vi esse copinho não teve outra fui correndo compra ,ele é supre todas as minhas necessidades eu não preciso mais encostar a boca no copo pois tem canudo e é algo que não vemos em todos os copinhos atualmente ,muito bom mesmo e o preço nem se fala excelente custo beneficio .",Positivo
"Apesar da estrutura ser um pouco frágil o que requer cuidado com o manuseio, o produto é de boa qualidade e atende as necessidades de forma eficaz.",Positivo
"Estou aguardando o produto que está ""em transporte"" desde dia 14/05. Enquanto que outros produtos comprados em 16/05, já chegaram hoje 18/05.  Aguardo o produto assim como combinado.  Obrigado,",Negativo
É como disse a compradora anterior o perfume realmente fixa no corpo e roupa.,Positivo
Em menos de dois meses de uso sumiram os marcadores de temperatura e quebrou o anel cinza que envolve a peça para mudar a temperatura.,Negativo
"Ótimo custo benefício, celular fino e bem leve. Bem fácil de usar e tem varias personalizações.  Foi entregue bem antes da data final",Positivo
"estou feliz demais um celular fora de serie, tem tudo que eu preciso. está de parabens a americana uma loja demais minha nota ´10. 100% fiél",Positivo
Até o momento o Repelente Eletrônico funcionou bem.,Neutro
"Comprei pensando q eliminaria de vez as pulgas, mas funcionou apenas  por 15 dias.  Voltando novamente o problema ... me decepcionei e não indico para ngm ! Fiz a reclamação mas não  tive o retorno esperado. Somente dor de cabeça ! Perdi me dinheiro !!!",Negativo
"As primeiras impressões sobre o produto são boas. Considerando que o custo do toner para reposição (paralelo) é bastante baixo, o custo-beneficio parece ser muito bom. Só o tempo vai dizer se a impressora Brother Hl1202 vale realmente a pena.",Neutro
Tem todas as funções necessárias e um volume bem alto. Só falta entrada para fone de ouvido.,Positivo
Produto de ótima qualidade e com entrega dentro do prazo. Recomendo,Positivo
é um bom produto .................................................,Neutro
MUITO RUIM/PESO VARIA MUITO DE ACORDO COM POSIÇÃO DO CORPO // desregula qdo muda de lugar. compraria outra se tivesse melhor marca. jlourenço,Negativo
Produto fácil de ser instalado e o processo de entrega foi de acordo com o prazo informado.,Neutro
"Comprei a TV por ser Smart e justamente essa função é extremamente problemática! Para assistir Netflix e YouTube é impossível, uma lentidão terrível! Não comprem!!!!!",Negativo
"Tive azar, pois o produto não ligou. Tive que entregar para o fornecedor.",Negativo
Produto excelente original de qualidade recomendo!!,Positivo
"Comprei este tablet para minha filha no dia 24/12 para dar de natal, levamos para casa e não ligava, voltamos na loja e trocamos o aparelho. E este segundo em menos de um mês (hoje são 17/01/2018) já apresenta problema! Não abre os aplicativos, não instala os jogos do Playstore. Começa a ver um vídeo no Youtube e ele fecha de repente. Toda hora dando erro com o logo da Philco aparecendo na tela diversas vezes e não liga. Não comprem!",Negativo
so poderia ser mais barato por ser tao simples e pequeno   e quase nao ha paginas,Neutro
"quando ligo a lampada, assim que ela esquenta começa a piscar e nao para mais, sendo assim nao da para pra usar, tenho que desligar a lampada e esperar ela esfriar para ligar de novo.",Negativo
"Totalmente fora do prazo, e ainda não chegou. No site correios diz que está em transito entre o recebimento e a distribuição, desde o dia 19/03, quando a entrega deveria ter sido até o dia 20. Espero providências pela Americanas, pois compro no estabelecimento há muito tempo, em lojas físicas e internet. Essa compra de três produtos foi totalmente decepcionante. só o saca areia chegou a contento.",Negativo
O celular já veio com defeito de fábrica além de ser muito lento e devolvi o aparelho e solicitei o estorno do valor pago e me deram um vale compras e ja mandei  e-mail e não tive resposta.,Negativo
"Efetuei a compra no dia 13/03/2018 e hoje dia 13/04/2018 pedi o cancelamento da compra pois até o momento não recebi o produto. Ao enviar e-mail para as americanas, obtive no dia 09/04/2018. resposta muito vaga, que houve um problema ( o que é obvio), não especificaram o problema e muito menos data para entrega, falaram apenas que acompanhariam o caso e em 3 dias uteis entrariam em contato, até hoje sem nenhuma informação, o rastreio pelo correios está sem nenhuma atualização desde o dia 09/04/2018. Hoje ao completar um mês desde a data da compra decidi então efetuar o cancelamento,",Negativo
O tapete é macio....ficou lindo na minha sala...valeu à pena pelo preço,Neutro
ótimo produto  chegou antes da data da entrega. super índico,Positivo
"Efetuei a compra no dia 07/03/2018, com previsão de entrega para o dia 06/04/2018, mesmo com esse prazo elástico de um mês, o produto não foi entregue até a presente data, não entraram em contato... alegaram para a americana que não encontraram o  endereço, ou seja, não recomendo essa a empresa Madeira Madeira pra ninguém..pelo desrespeito com o consumidor...",Negativo
Produto excelente vou comprar outros p/ minha chácara logo nota 10,Positivo
"produto muito bom, entrega melhor ainda comprei dia 29/01 e recebi dia 30/01",Neutro
Não fala se a construção do pneu é Radial ou Diagonal! Se é 54H ou 54S!!!,Negativo
"Estou usando a duas semanas e estou amando, impressão ótima, muito rápida e tudo nela funciona muito bem. Adorei.",Positivo
"Péssimo  A entrega foi rápida, mas no primeiro dia de uso a escova parou de funcionar. Já entrei em contato com a Loja Americanas e não tive nenhum retorno .",Negativo
"Produto bom porém com divergências e embalagem violada,entrega demorou",Neutro
"Vende o produto e não entrega, otima forma de capitação de dinheiro barato a custo baixo de juros.",Negativo
Muito ruim material resolve só de pegar dinheiro jogado fora,Negativo
"Gostei muito do produto, material excelente, super recomendo.",Positivo
"produto mais com aspecto de fragilidade. não acho recomendável para crianças de menos de 3anos, mesmo que tenha os 15 k . O uso do cinto do carro ao invés do cinto na cadeira não transmite total tranquilidade nesses casos.",Neutro
"PRODUTO ÓTIMO, UMA POTENCIA MUITO FORTE, PROFISSIONAL MESMO. RECOMENDO.",Positivo
Pelo valor é um bom celular!! Recomendo.....................................................................................................................................................!,Neutro
"Apesar de ter uma qualidade e volume de som que me agradaram muito, não recomendo o produto pois a haste é muito frágil, quebrou com 3 semanas de uso. O que impossibilita o uso do aparelho",Negativo
"Não tenho nada a dizer, só acho que não está funcionando como o prometido.",Neutro
Aparelho muito bom e o preço também ótimo em relação aos valores de mercado.,Positivo
É muito importante usar um dissipador de calor para notebook e é importante também saber escolher o produto. A Cooler Master é líder nessa área...,Positivo
"Máquina com uma qualidades excepcional, atendente super atencioso, cumpriu fielmente tudo que foi combinado.",Positivo
"Por mais de 20 anos, tive uma máquina de lavar louça, marca Brastemp, que atendia a 6 pessoas, mas devido ao desgaste com o tempo, quebrou a tampa, cheguei procurar por esta para comprar e substituí-la, mas foi impossível, não tinha no mercado, mesmo assim, funcionava maravilhosamente bem. Resolvi então, comprar esta, de 8 serviços, que máquina incrível, cumpri muito bem o que promete, estou bem satisfeita.",Positivo
Produto bom. Acho q poderia melhorar com relação a estrutura e reforços.,Neutro
"ola boa tarde lojas americanas comprei a carcaça do controle,entrega super rapida mais infelizmente veio errado e ate hj nao consegui fazer a troca pelo produto certo",Neutro
Aparelho tem espantado roedores.Funciona mesmo. Fiz perguntas a Legon( produtora do aparelho) e fui prontamente atendido,Positivo
"o livro na verdade foi para presente , mas quem o recebeu teceu grandes elogios   Inspira e motiva a mudanças nas atitudes e modo de pensar",Positivo
"A capa não decepcionou por enquanto, mas a bolsa para guarda ou transporte é extremamente frágil, na abertura para conferência já rasgou toda a volta junto ao fecho. Péssima impressão, terei que guarda-la noutra embalagem. Uma pena!!!!!",Neutro
"Estava a procura de um produto que atendesse as minhas necessidades. Para o que eu preciso, posso dizer que os meus objetivos foram atingidos. Agradeço pelo bom atendimento das lojas Americanas e Parceiros.",Positivo
"Tudo o que li sobre o produto foi correspondido, não deixou a desejar em nada.",Positivo
"Realmente, consigo usar as capsulas da TRES, na maquina dolce gusto. Se você quer comprar para degustar novos sabores, super recomendo mas, se você pensa que comprando o multicap, você terá vantagens financeiras, não vale a pena. Exemplo:  uma caixa de café com leite da Dolce Gusto, tem 16 cápsulas e seu valor é R$ 22,00. Cada cápsula custa R$ 1,37 e faz 180ml (cento e oitenta) de café com leite uma caixa de café com leite da TRES, tem 10 cápsulas e seu valor é R$ 12,00. Cada cápsula custa R$ 1,20 mas faz somente 80ml (oitenta) de café com leite.",Neutro
"a cômoda é uma gracinha, porém não parece ser muito resistente. no geral, pelo preço, vale a pena.",Neutro
"Adorei a cafeteira, porém comprei no site da americanas e me decepcionei com o cumprimento do prazo na entrega! Foram 7 dias de atraso e nenhum contato pra justificar.  Lamentável! Pensarei 2 vezes antes de comprar novamente no site.",Positivo
Após 04 anos a tela fica todo branca com bolhas parecendo uma nuvem defeito grava da marca.,Negativo
"Muito decepcionada! O valor foi debitado na minha fatura do cartão de crédito, mas  EU NUNCA RECEBI A ENCOMENDA.",Negativo
"NÃO IMPORTA O QUÃO BARATO SEJA, PÉSSIMO CELULAR, RUIM RUIM RUIM DSM DA CONTA",Negativo
"Comprei nesse site porém a uma paceira, o prazo da entrega já se expirou faz uma semana e já mandei varias mensagens informando do ocorrido e não obtive nenhum retorno.Acho isso inadmissível fora que já paguei parcelas dos produtos e nada de uma solução para meu caso.",Negativo
"O aparelho cumpre o que promete, a única observação é que a lâmina aparenta ser de aço e não de cerâmica, conforme descrito na embalagem.",Neutro
"Fincapino é  usado como supositório.  Substitui o supositório  de glicerina. O problema é  que na hora de fincar o Fincapino, dói  muito...",Negativo
Recomendo pra quem sente dores pelo corpo e quem faz fisioterapia!,Positivo
"o atendimento foi muito bom,o produto chegou com antecedência e é de excelente quantidade.",Positivo
Comprei para o Natal dia 05/12 e até hoje 05/01 ainda não recebi o produto. O pior de tudo é que nessa semana passou a constar no rastreio que foi entregue em 20/12. Horrível...super decepcionada e ainda vai me dar o maior trabalho para receber meu dinheiro de volta..,Negativo
Mas tem um defeito. o adaptador que vai na parede ele é curto para que possa gerar a chave de abertura da água,Neutro
"Produto de boa qualidade, entrega antes do previsto, recomendo!!!!",Neutro
Produto entregue todo quebrado. Questionei e não obtive retorno. infelizmente,Neutro
"Não recebi os produtos, o site das Americanas alega problemas com o parceiro e não resolve a questão e fica só na enrolação. O site da Americanas é responsável pelos produtos vendidos e não o seu parceiro.",Negativo
"Excelente produto, original, água de boa qualidade encaixe perfeito no local destinado para tal.",Positivo
"Quando recebi abri e mostrei para o carteiro, caixa em péssimo estado, porém só quando fui usar pela primeira vez, no dia 22/02 pp. que verifiquei estar quebrado na base o a peça dos jatos, e a mesmo não parou conectada, era abrir a torneira e a mangueira escapava. Resultado produto encostado, dinheiro jogado fora, esperando até agora a resposta de minha reclamação feita no mesmo dia(22/02/2018) para a Loja Americanas. Profundamente decepcionada.",Negativo
"PRODUTO MUITO BOM MAS DEVIDO ATRASO DA TRASNPORTADORA NA ENTREGA DEMOUROU MUITO NA ENTREGA.,ONDE TIVE QUE COMPRAR OUTRO",Positivo
"É muito cheirosa, mas a hidratação não é excepcional, pelo preço esperava mais.",Neutro
"Sempre compro nas Americanas e gosto muito, de tudo..",Positivo
"A torneira chegou pra mim em 21/03/18 hoje dia 15/04/18 A torneira estragou, não conseguimos abrir a torneira e como se a rosca tivesse sido comida. Quero saber como fazer? Vão me devolver o dinheiro? Vão trocar a torneira; bem.que quando abri o a torneira tinha água dentro.",Negativo
Ate agora nao recebi como posso avaliar.a hora que eu receber esse produto avalio com muito gosto. Não consigo rastrear.,Negativo
"Adorei, ele é muito bonito, a entrega foi antes do prazo, de fácil manuseio e instalação. Único ponto negativo pra mim é a luz interna dele ficar o tempo todo ligada na hora do preparo.",Positivo
"Estou encontrando algumas dificuldades para conectar com o meu androide mas , acho que vai dar certo",Neutro
"Não foi possível usufruir meu produto, pq a loja Americanas e seu parceiro Eletrolux, não entregou até hoje! Sendo que era pra ter chegado na minha residência dia 08/01/18. Estou muito decepcionada com o péssimo atendimento que estou recebendo, pq já entrei em contato enúmeras vezes e não tive retorno.",Negativo
Funciona como o esperado. Não fica desconectando toda hora como outros modelos.,Positivo
"Muito bom, presenteei minha mãe nesse dia das mães, e ela amou, só fala no manual, q não ensina como usar para fazer arroz, mais aprendemos na prática, muito boa!",Positivo
"Não gostei nada da capa p piscina, só gastei dinheiro atoa, na primeira chuvinha arrebento os ilhós da capa. Achei q era do msm tecido da piscina, mas é plástico, parecido com sacos p armazenamento de coisas.",Negativo
Óculos bonito e de lente boa mas o modelo não agradou meu marido pois comprei de presente para ele.,Neutro
O relógio é muito ruim.  Sugiro interromper a venda. O aparelho é bem fraco e não recomendo,Negativo
"Me sinto muito insatisfeito com o atendimento, como cliente percebi que avia algo de errado com a compra do produto com a demora na emissão da nota fiscal, e a empresa não foi nada resolutiva para solucionar o problema apesar do meu contato, hoje se encerra o prazo para a ENTREGA do produto e até agora nem foi postado ou encaminhado, só me falta o produto não chegar ou chegar com defeito, perdeu a credibilidade comigo.",Negativo
"Uso a Tv no quarto e atende as expectativas. Só o som que é baixo e o menu é um pouco lento, mas vale a pena.",Positivo
"Palhaçada esse atendimento da Americanas, demorou UM MÊS para entregar e quando chegou, veio errado 2 livros em vez de 3, agr já passou MAIS UM MÊS e eles não me dão retorno, falam que me ligam, mas não tem chamada no meu celular, mando o número novamente eles não me respondem por e-mail, por telefone por nada. Horrível o atendimento. Decepcionada!",Negativo
"Gostaria de avaliar melhor mas não consegui receber o produto apesar de ter comprado o mesmo produto 6 vezes , acho muita falta de ética da loja  AMERICANAS falar que o parceiro não entregou o produto por não telo  estoque  pois o mesmo produto continua a venda na AMERICANAS,COM",Negativo
Produto usado e recomendado. Chegou antes do prazo estabelecido.,Positivo
"É indiscutível a funcionalidade das ferramentas Office. Entrega o que se comprometeu,  recomendo!!!",Positivo
Bom aparelho! Comprei para meu pai. O cartão de memória que vem nele também é excelente,Neutro
"Pelo preço do produto comparado A similares, já esperava que a qualidade não fosse das melhores e, realmente, o acabamento deixa a desejar, mas tudo bem, ficou um item rústico na minha varanda, e muito prático, isso adorei!! Mas o ponto principal foi a falta der instruções e dos acessórios, tivemos que sair comprar os ganchos e parafusos para prender, como não vinha orientação, compramos do tamanho errado e tivemos que ir novamente, enfim, deveriam enviar as peças adequadas para fixação na parede e vasos na Madeira, além de orientações simples de como instalar.  No mais, meu Jardim ficou muito bonito!!",Neutro
"Achei a huggies soft touch a fralda mais macia que provei, a absorcao é excelente, nao marca nas dobrinhas da minha filha e parece estar sempre sequinha. Me surpreeendi positivamente e agora so comprarei essa fralda!#HuggiesSoftTouch e #TheInsidersBrasil",Positivo
"Este volante NÃO POSSUI INSTALAÇÃO INTERNA PARA O ACIONADOR DE BUZINA, foi necessário criar um acionamento em auto elétrico, o que elevou o custo do produto. Apesar de bonito o acabamento não é dos melhores, sobram rebarbas nos plásticos tornando ruim ao toque.",Negativo
"Como vou avaliar a qualidade e entrega de um produto que ainda não recebi. Desde 28/12/2018, último prazo para entrega do produto, isso não aconteceu até hoje, 11/01/2018. Peço que a empresa Americanas, intervenha junto  a sua parceira no sentido de agilizar essa entrega, pois no site da própria Americanas o acompanhamento mostra que até agora somente foi emitida a nota fiscal.",Negativo
"Coube perfeito onde coloquei,num canto da parede,e lugar visível de destaque na cozinha",Positivo
"Celular com belo design,  câmera ótima, muito boa a capacidade de armazenamento e de memória ram. Acredito que seja um dos melhores custo benefício do mercado. Gostei muito do aparelho celular e recomendo: moto g 5s maravilhoso e nas americanas fica melhor ainda a entrega foi bem antes do previsto.",Positivo
Comprei para presentear uma amiga. Ela amou. Eu fiquei contente com o produto e com o cumprimento do que foi anunciado. A entrega foi feita antes da data estabelecida. Com certeza recomendarei.,Positivo
Veio com problema no leitor digital tendo quer ir pra garantia com uma semana.,Neutro
"Excelente produto, cumpre o q promete,... exatamente como descrito no anúncio... só achei um pouco lento pra iniciar mesmo não tendo desligada completamente apenas no controle... mas isso é por conta do software então não pode colocar na conta do produto....",Neutro
"Muito fácil de montar, ocupa pouco espaço e combinou perfeitamente no meu ambiente.",Positivo
"Mandaram o produto errado, ao invés de trocar pelo certo, cancelaram minha compra. Desastre total",Negativo
"Atende o esperado, chegou antes do período previsto.",Neutro
"Troquei 3 vezes e todas vieram com o mesmo problema, não corta nada, nenhum tipo de pelo, por fim devolvi o produto, péssima qualidade, um lixo.",Negativo
"Barulho muito alto, superior ao que é permitido  Pode até dar surdez em adultos e crianças",Negativo
"jogo bom pra quem gosta da franquia, o problema é o multiplayer, que tem muito hacker...............",Neutro
Mas.  ainda não instalei para ter opinião completa,Neutro
SÓ ACHEI A LARGURA DA TELA ESTREITA. POIS DIZ SER 5.5  POIS TENHO UM MOTOG4  É BEM MAIS LARGO QUE ELE.... E A TELA TB É DE 5.5,Positivo
"É um bom produto, mas soube que há um semelhante que teria mais um cortador",Neutro
"Estou muito revoltado com a Dell e me sentindo enganado por essa empresa. Não é possível que em um ano de compra e uso, este computador não sirva pra mais nada. Levo quase trinta minutos só para entrar na internet. Não aguento ser enganado, saber que 2.600 reais foram para o lixo comprando um produto de vocês é revoltante.  p.s.: não gostei desda primeira semana de compra.",Negativo
O livro dei de presente para o meu pai que está adorando o livro e paguei pela ecobag que até hoje não chegou! Ficaram de me dar uma resposta e não deram. Lamentável. Paguei dez reais a mais por nada.,Positivo
cadeira com excelente altura e aluminio aparentemente bem reforçado. aprovei a compra.,Positivo
"muito bom e pratico pra uma casa onde tem apenas um casal, maravilhosooooo",Positivo
"Bom, o produto é bom, mais eu preferi trabalhar com a grande, mais comprei pela marca que é uma das melhores...",Neutro
"Um sono e tanto!!! Não quero outra coisa na vida! Valeu muito a pena comprar e as capas impermeáveis foram surpreendentes também, pois parecem tecido de algodão e não tipo plástico barulhento.",Positivo
"Fácil de operar, mas poderia mostrar o histórico de medições na tela.",Neutro
"Aparelho apresenta defeito, reinicia sozinho, tela escura e muito lento.",Negativo
Veio a lata vazando e impossível de usar o produto,Negativo
"Acho que a lâmina está com defeito ou parece que está usada pois corta pouco.Um aparelho antigo meu , que quebrou, cortava bem melhor.",Negativo
"Pilhas para serem usadas nos controles PPa, estao de acordo. muito boas.",Positivo
Compre ó que está na especificação excelente produto recomendo a todos,Positivo
Apesar de pequeno ele é muito potente ! Recomendo muito este produto,Positivo
"Deixa o cabelo solto e brilhante, e danifica menos os cabelos finos. Ideal para o dia a dia.",Neutro
"Estou tentando comprar alguns produtos mas vcs perderam a noção de valor de frete exemplo tentei efetuar a compra no valor de 199,00 o frete 100 a geladeira 1400 o frete 1000 sem noção",Negativo
"acabou as chamadas indesejaveis, com pertubação de 8 a 12 ligações por dia.",Neutro
"Produto bom, embora de material potencialmente frágil.",Neutro
"O produto não é original como diz o anúncio. Vem embalado em papel de pão. Não carrega 100%. Cuidado ao comprar produtos de ""parceiros"" da Americanas. Aparentemente eles não são avaliados criteriosamente. Quem diria que a Americanas chegaria a essa baixo nível. Deixei de comprar pelo Mercado Livre com medo de cair nas mãos de picaretas e olha o que acontece, a Americanas me coloca nas mãos de um.",Negativo
Geladeira linda Entrega perfeita e antes do prazo.,Positivo
eu esperava um acabamento melhor. depois vi outros modelos lançados que parecem bem mais aprazíveis,Neutro
"Recebi  o produto bem antes da data prevista. Comecei a usá-lo. Me parece muito bom.  UM DETALHE: segundo especificação do produto: ""Conteúdo da Embalagem:	1 Telefone 32GB, 1 Kit de manuais, 1 Cabo de sincronização , 1 Fone de ouvido estereo , 1 Carregador de parede Turbopower 15W , 1 Antema de TV digital móvel e 1 Ferramenta de remoção do Sim""...  NÃO VEIO a  ""Antena de TV digital móvel"".  É possível me enviarem?  Aguardo resposta",Neutro
"Celular chegou além do esperado, bateria muito boa, câmera traseira é ótima, câmera frontal não muita coisa. O tamanho é excelente, mas sua memória torna frágil e limitado a uso de app, pois quando sua memória está cheia, o aparelho fica travando",Neutro
"a base de corte a qualidade é péssima.  veio com pouca cola, não cola bem o papel",Negativo
"sou fã a muito tempo da saga, mais um otimo filme da franquia.",Positivo
"a capinha é ótima de película muito pequena parece que não foi feita para ele, fica sobrando um bom espaço dos dois lados o que dificulta utilizar  a barra de notificação.",Negativo
ótimo produto fiquei satisfeita chegou antes do prazo de entrega recomendo,Positivo
"Gostei muito, realmente funciona! Produto chegou rápido, com todos os acessórios, ótima qualidade.",Positivo
"O produto é diferenciado em relação a outros do mercado, pois é bem mais forte (suporta mais carga sem quebrar em relação a outros que já tive, cujo material era plástico) e com várias possibilidades de regulagem (de 5 em 5cm) dependendo da altura que se precisa.",Positivo
"Mercadoria sim é Boa,  mas ainda não chegou, continuo esperando o restante da mercadoria.Comprei 2 kits com 10 cuecas cada, chegou apenas 1 kit, falta outro!!! Aguardo providências.",Negativo
Atendeu todas as expectativas!  Ótimo produto.  Recomendo. Entrega rápida.,Positivo
"O produto em si é bom,porém eu queria um tom de verde e veio outro.",Neutro
"2 Meses de celular caiu de uma altura de 70 cm com pelicula e case de solicone e a tela foi pro espaço!!!!  original 479,00 + 30,00 do frete inviávle",Negativo
"não chegou vocês cancelaram meu pedido,sem eu ter pedido cancelamento.",Negativo
Tinha um parafuso preso na minha maquina de custura somente essa chave consegui tirar o mesmo sem muito esforço e com praticidade e reparei que depois da compra da mesma o sinal da minha internet esta bem mais forte chegando a KMs da minha residencia. Super Recomento já encomendei mais duas para presentear minha família.,Positivo
"Não foi o que eu esperava,além de ter vindo com defeito,reclamei e não obtive respostas.",Negativo
"o problema é que enviaram o produto com data de validade preste a vencer. No ato da compra não mencionaram o prazo de validade do produto. O produto veio solto na caixa,  o que  poderia causar danos ao mesmo.",Neutro
"meio lenta, mas pelo preço ta boa, qualidade de video e áudio medianos , controle remoto bem legal, tem ate tecla pra netflix , super recomendo",Neutro
"Ele é bem bonito, custo beneficio excelente. Ficou um graça",Neutro
"Não confie na Blue Games e nem nas Americanas.  A bateria não é de Nintendo DSi XL, é de Nintendo DSi. A embalagem veio estragada, com dois buracos. Parece que algum rato a roeu. Veio toda suja, mas, muito sujo mesmo! Paguei frete caro e eles me enviaram por Carta Registrada, que custou menos de 10 Reais. O envelope veio todo amassado, com dois rasgos e apenas um durex na boca. Deu pra abrir facilmente, foi só rasgar a parte de baixo do envelope. Dentro, a embalagem, própria do produto, veio com apenas um pequeno pedaço de plástico bolha envolta dela, cobrindo somente a lateral esquerda e a parte debaixo. Arrancaram um adesivo que tinha na embalagem. A Blue Games não tem loja oline e, possívelmente, nem loja física. Devido ao péssimo estado de conservação que veio a bateria, acredito que a Blue Games seja MEI ( Micro Empreendedor Individual ), ou seja, trabalham em casa mesmo e deixa os produtos num lugar qualquer, sujo e com ratos.",Negativo
Como posso avaliar algo se ainda não recebi? Melhore suas entregas Americanas será minha última compra e não recomendo a ninguem,Negativo
Veio como esperado. Atendeu as expectativas. Muito bom.,Neutro
"Bom, recomendo Ótimo produto, colchão macio e confortável, com molas, so achei que os ""pés"" poderiam ser mais fortes e com melhor acabamento....",Neutro
"Atendeu as minhas expectativas, rápida, pipoca natural... Amei! Ahhh e chegou bem antes da data prevista. Super recomendo!",Positivo
Demorou 4 meses pra.  Na minha. Casa  E o atendimento e pessimo.,Negativo
"Não recebi o produto é nem previsão de entrega, pós já venceu. Continuo no aguardo de uma resposta da sua empresa.",Negativo
"Aparelho rápido, leve, e já atualizou o Android pro 7 de cara.",Neutro
"como vou avaliar o produto se nem recebi ele, deveria avaliar a Catran, empresa parceira da Americanas a qual pelo meu ver, tem uma péssima responsabilidade de entrega...",Negativo
Veio como na especificação e chegou antes do previsto!,Neutro
"compacto, eficiente, recomendo o produto. Atendeu minhas expectativas e de boa qualidade",Positivo
Entregou no prazo e funciona perfeitamente! Sem contar o preço excelente!,Positivo
Após recebimento do produto constatei que a mesma veio com a costura rasgada! Só depois de perceber que vim ler os comentários... infelizmente o produto é péssimo mesmo!,Negativo
"Produto excelente. Atendeu às minhas expectativas. Desde que o recebi, antes do prazo programado, já o usei diversas vezes e não tive problema algum. Funcionando perfeitamente. Recomendo.  Rosilene.",Positivo
"Bom dia! Ja entrei em contato com voces e não obtive resposta apos ter mandado as fotos! Meu produto veio errado, preciso troca-lo ou devolve-lo! Por favor, aguardo uma solução!",Negativo
produto de boa qualidade bonito na cor dourado pequeno ocupa pouco espaco,Neutro
"comprei escova eletrica da oral b, e veio com defeito(não liga). por telefone não consigo contato. como posso fazer",Negativo
"Ótimo produto, de grande utilidade recomendo a todos.",Positivo
Produto muito bom e o prazo de entrega foi espetacular,Positivo
"Produto não entregue. Fui reembolsado, porém a compra que realizei, o valor, tinha que ser menor, pois não uso cartão de crédito. Ao realizar a compra, a diferença só pode ser paga com cartão e não com boleto. Isso me deixou frustrado porque tive que comprar um produto de menor valor.",Negativo
"É lamentável a pouca importancia q fazem com o cliente. Fiz a compra e não recebi o produto. Inclusive até já Descontaram do meu cartão. Dizem q a culpa é da transportadora,mas até agora sem nenhuma posição. Decepcionada...",Negativo
Deveria ser um pouco maior para caber mais milho de pipoca.,Neutro
"Produto excelente, ótima qualidade. Super recomendo.",Positivo
O produto é bom e atende a minha necessidade porem seria bom ter mais fotos principalmente dele aberto e sendo usado para demonstrar por completo pois achei que era igual a um produto antigo parecido que tive que tinha mais opções de angulos para o tablet,Neutro
Em dois dias de uso um dos rádios parou de funcionar e três fones não estão mais funcionado  Comprei a garantia extendida como faço para acionar?,Negativo
Resolveu o problema da tv analógica. Recomendo. entrega super rápido.,Positivo
Produto de excelente qualidade. Chegou bem antes do programado. Produto chegou intacto e funcionando perfeitamente. Valeu a pena o investimento.,Positivo
"Esta funcionando a pouco tempo, mas esta fazendo um pequeno barulho. Preciso chamar assistencia tecnica para avaliar se o problema é do produto.",Neutro
"Não consegui ativar o código que está na apostila, para receber material on-line.",Positivo
Produto não entregue no prazo e não recebido até o momento.,Negativo
Compre o informado no catálogo. O que está informado é o que se tem.,Positivo
Infelizmente mesmo gostando e sendo o que eu queria não pude comprar pq a loja não entrega no meu endereço. Fiquei muito chateada,Neutro
dentro do esperado nnnnnnnnnnnnnnnnnnnnn nnnnnnnnnnnn nnnnnnnnnnnn,Neutro
"Esse anuncio está errado, o mouse só tem como características até 2400 de DPI e não 3000 conforme está no anuncio.. a entrega foi rapida, sem problemas algum. Não estou devolvendo apenas porque foi um presente , e o garotinho adorou o mouse novo dele. Por favor corrijam isso, para evitar problemas futuros . Att",Neutro
"O fornecedor não tem o produto correto. Te enviam o produto incorreto, fazem você mandá-lo de volta para depois informar que não tem o correto. E para conseguir o estorno do valor pago só reclamando pelo Reclame Aqui ou Consumidor.gov, pois o atendimento da Americanas.com não funciona. Caiam fora desse fornecedor e desse produto.",Negativo
o produto atende bem as funções básicas do dia a dia. Cãmera faz fotos nítidas e tem um zoom muito bom. Vem cheia de aplicativos desnecessários que não podem ser desinstalados por serem nativos. Não gostei da bateria interna (não abre a ta,Neutro
Quais medidas? Queria comprar mas nao sei medidas.,Neutro
"Melhor Bcaa que já fiz uso, de ótima absorção. Qualidade garantida!",Positivo
Boa tarde!  Não recebi o meu pedido completo. Estou no aguardo de dois monitores. Tenho urgência com o produto e ele veio incompleto.,Negativo
"Atendeu as minhas espectativas, produto bom , recomendo a todos vale apena conferir",Neutro
"O produto infelizmente é de baixa qualidade, a bateria não dura nada, o cabo é curto demais, não tem manual de instruções, foi difícil encontrar a função rádio..... não gosto de falar mal mas neste caso não tive como.....",Negativo
"Um livro maravilhoso, vale a pena ter na estante ♡",Positivo
"Meu produto ainda não foi entregue, esta beem atrasadoo!!!!!!!!!!!!!!",Negativo
Produto bom mais poderia ser um pouquinho mais reforçado,Neutro
"A televisão é ótima, a entrega foi super-rápida evo equipamento chegou em perfeito estado",Positivo
O produto é muito estranho para usar esta é minha opinião,Negativo
os musicas são boas mais precisa abaixar o preço. Para nos comprar- nos,Neutro
"O embrulho estava ok. O livro parecia usado, com capa amassada e primeiras folhas rasgadas.",Negativo
Eu super recomendo compra nas lojas Americanas sempre chega tudo certinho obrigado lojas. Amricanas,Positivo
"Celular muito bom, alem de ter um baixo custo, ele tem tudo o que necessito em um celular. Gostei!",Positivo
"Material resistente e à prova d'água, porém os batimentos cardíacos não correspondem à realidade e os passos não são contados de forma exata, basta movimentarmos o braço conforme caminhamos que o dispositivo registra como se fossem passos.",Neutro
"não é possivel a concorrência vender o mesmo produto a R$ 2,29, e no anúncio uma bateria ""na caixa"" custar 10 vezes mais.... vamos contar direito essas casas antes da vírgula.",Neutro
o produto não atingiu carga total quando colocado para carregar e posteriormente em serviço descarregava imediatamente. Já pedimos a devolução do mesmo e até o momento não recebemos de volta o valor pago.,Negativo
"O shampoo promove uma ótima limpeza, porém acho que não é o mais indicado para cabelos secos.",Neutro
"Meu esposo comprou essa caixa de som antes ligamos na americanas eles nos disseram q era verdadeira original...porem e tudo mentira a caixa de som e falsificada. .. vou reclamar em todos os canais de comunicação que existir, e procurar meu direitos nao comprem essa caixa. Enganação! Estou decepcionada",Negativo
"Excelente para limpar piso frio, para tapetes grandes não serve por causa da potência que é baixa. Troquei a vassoura por ele, melhor troca impossível, rápido, leve e eficiente.",Positivo
"bom produto em relação ao seu preso, para quem quer um Smartphone de baixo custo com uma certa qualidade este Smartphone atende a expectativa",Neutro
Produto com defeito. Não funcionou o aparelho. Manual em inglês e japonês. Produto não ligou. Carregou 1 dia inteiro e mesmo assim não deu sinal algum.,Negativo
"Ótimo desempenho, rápido e fácil manuseio e excelente produto",Positivo
"FORNINHO BRANCO PARA COMBINAR COM A COZINHA, CORRETO? SÓ QUE NÃO AMIGO, LOGO, LOGO A PARTE SUPERIOR DO FORNO(ACIMA DA ALÇA) FICARÁ MARROM PARA PRETA. E A BRITÂNIA? ESTÁ POUCO SE LIXANDO PARA ESSE PROBLEMA RIDÍCULO DE QUALIDADE NA DA TINTA ALIADO À TEMPERATURA DO FORNO. OUTRA COISA, GRANDE E ESPAÇOSO, MAS SE FOR USAR CONTINUAMENTE, PREPARE-SE PARA SUBSTITUIR A RESISTÊNCIA.",Negativo
Produto  lixo orivel sem qualidade produto de camelo nao sei como voces vende esta porcaria,Negativo
"Não recebi o produto. Me ligaram avisando que ia atrasar uns dias. Atrasou muito e, sem me consultar, vcs cancelaram e nem me avisaram.",Negativo
"Cômoda barata, muito bonita e boa! Estou muito satisfeita com a compra, me surpreendeu positivamente! Eu recomendo a todos que desejam um móvel alto, com acabamento bonito e não  muito caro.",Positivo
"O produto é bom, mas chegou com pequenas avarias devido a uma embalagem que protege pouco o produto.",Neutro
"Amei esse ferro a vapor, passo todas minhas roupas com pelo menos a metade do tempo, o vapor sai constante acionado por onde se firma o ferro com as mãos, de maneira leve e rápida vc passa todas suas roupas de cama com muita praticidade",Positivo
Produto eficaz que torna a vida dos nossos cachorros muito melhor!,Positivo
"AINDA NÃO USEI O PRODUTO, ELE VEIO BEM EMBALADO , A ENTREGA FOI RÁPIDA, ENTRETANTO, EU ACHEI A CAIXA DO RELÓGIO UM POUCO PEQUENA PARA O MEU PULSO, MAS, EU RECOMENDARIA O PRODUTO PELO SEU CUSTO X BENEFÍCIO.",Neutro
Eu não posso fala de um produto que dia 3/4 faz 1 mês que comprei porém não recebi . Gostaria de uma resposta porque eu não recebi meu produto ainda ?,Negativo
"Chegou antes do prazo, nao tive problemas nenhum , melhor tv !!!!!",Positivo
Tv muito básica. Não tem nada de especial nela. Não tem aplicativo da netflix. Apenas youtube.,Negativo
Comprei esse produto na minha cidade por 79.90 ..depois deu curiosidade de olhar na net quanto o produto valia ...achei ate de 10 reais ..querem um concelho ..antes de comprar qualquer coisa pesquisa ..agora não posso nem devolver porque tenho a mania de rasgar o papel da notinha ...ou seja me fudi bonito,Neutro
"Comprei o hoverboard achando que era da marca Power Board, mas a marca que veio foi Inovia. Sem contar que na caixa veio outra marca diferente das duas... Acho que deveriam especificar mais os produtos para que o consumidor não tenhas dúvidas e que não seja engano.",Negativo
Recomendado pelo técnico de consertos de eletrodomesticos.,Positivo
"parou de funcionar muito rapido, deixei cair uma vez no chão e ja parou de funcionar",Negativo
"Você não está comprando um sofá. Está comprando um problema. O prazo de entrega é grande, mas não é cumprido. E as Lojas Americanas não estão preocupadas com isto.",Negativo
"Produto  veio antes do prazo,  superando expectativa!",Positivo
"gostei obrigado, sim gostei muito mbom ja usei....",Positivo
"Muito bom recomendo a todos. Podem comprar sem problemas, exceto a demora para chegar, ja havia até esquecido que tinha comprado.",Neutro
"Produto eficiente,cumpre suas funções de forma simples e prática!",Positivo
"Pelo valor que paguei valeu a pena, é um produto bem fraco comparado a outros, mas está dentro do que eu esperava.",Neutro
"SUPER DIVERTIDO , FUNCIONA MUITO BEM , RECOMENDO. VALE A PENA.",Positivo
"Comprei o modelo MOTO G 5s Plus e após três meses a placa oxidou. Não deixei o aparelho de forma alguma cair na água e mesmo o assim ele parou de funcionar. Meu caso não é o primeiro e conheço mais dois amigos que tiveram o mesmo problema. Mesmo após levar na autorizada, e entender que umas das principais propagandas desse modelo é que ele possui um nanorevestimento interno e externo que protege o aparelho desse tipo de problema, não foi possível recuperar e a garantia não cobriu o defeito. Também não gostei da qualidade das fotos. Com isso, NUNCA mais Motorola! Já havia tido uma experiência ruim a anos atrás mas resolvi tentar novamente com a marca, mas infelizmente não dá!",Negativo
AMEI O PRODUTO BONITO TAMANHOS EXCELENTES E   ENTREGA  MUITO ANTES DO PREVISTO SUPER RECOMENDO,Positivo
"O celular é lindo, tamanho excelente e muito fácil de manusear! Duas coisas me deixaram descontente, a qualidade da tela, as cores nos videos e fotos não ficam bonitas, não tem cores vivas! e a minha MAIOR decepção foi a câmera! Pela propaganda que é feita deixou MUUUUITO  a desejar, as selfies ficam brancas demais, as expressões do seu rosto somem e você fica com uma cara palida, sério! se você quer uma câmera boa, não compre esse celular! Assim que eu puder, vou trocar! Tem câmeras com muito menos MP que entregam fotos com muito mais qualidade! NÃO RECOMENDO",Negativo
"O produto é bom, porém a cor é diferente da foto. É cinza e não prateado.",Neutro
"toalhas muito macias e grandes,amei americanas como sempre,excelente,entrega super rapida",Positivo
"GOSTEI MUITO DO ALUMINIO É GROSSO,  NAO QUEIMA AS COMIDAS,  POREM FIQUEI MUITO TRISTE POIS NA FOTO OS PUXADORES DAS TAMPAS SÃO DE CORES MADEIRA E INFELIZMENTE VCS MANDARAM AS MINHAS TAMPAS COM PUXADORES PRETOS,  FICARAM MUITO FEIA,  DA IMPRESSÃO QUE ESTOU TAMPANDO AS PANELAS COM TAMPAS DE PANELAS ERRADAS.   POR FAVOR ME ENVIE COM A MÁXIMA URGÊNCIA OS PUXADORES NA COR MADEIRA NO AGUARDO  OBRIGADA",Neutro
"Entregue no prazo, apesar da compro de outro produto comprado junto , demorou alem da conta e não respondiam ao e-mail, nem a ligações.",Neutro
"É forte e o fio é longo, além de ser bonito esteticamente, estou gostando",Positivo
"comprei esse item à oito dias,e a nota fiscal ainda não foi bem emitida, o atrasa ainda mais a entrega!  é a primeira vez que isso me acontece e estou pensando em cancelar a compra,um verdadeiro absurdo",Negativo
"Chegou rápido e em perfeito estado , acompanhei o caminho todo pelo rastreamento no site . Muito bom recomendo ,   O jogo vem com alguns códigos bonus  e uma nova ilha pra explorar.",Positivo
"O REFIL É DE FÁCIL INSTALAÇÃO E MUITO PRÁTICO. ALEM DA GRANDE ECONOMIA, POIS NÃO NECESSITO MAIS CONTRATAR TÉCNICOS PARA INSTALAR.",Positivo
"otimo produto, entrega rapida. xxxxxxxxxxx xxxxxxxxx xxxxxxxxxxxx xxxxxxxxx",Positivo
o produto chegou no tempo e periodo descrito pela empresa e sem problemas,Neutro
"O produto é bom.Todavia, o manual é simples demais. Não ensina nada sobre o controle remoto e nem sobre as ligações dos fios para a TV.",Neutro
"Primeiro: Serviço da Americanas NOTA 10, Rápidos e atenciosos.  Segundo: TV LED SONY KDL-40W655D: Fiquei decepcionado com a SONY e este modelo:  Tenho uma Sony Bravia de 32 polegadas de modelo KDL-32W655A que é mais antiga e tem muito mais tecnologia embarcada.  PRÓS:  IMAGEM MUITO BOA  CONTRAS DA KDL-40W655D:  APENAS 2 ENTRADAS HDMI!!! MUITO POUCO  NÃO TEM SAÍDA DE ÁUDIO DIGITAL !!!  Som do meu Home Theather pela saída P2 de Áudio ficou horrível.!  SISTEMA OPERACIONAL DA KDL-40W655D FRACO E MUITO INFERIOR AO MODELO KDL-32W655A  SUPORTE DE MESA NÃO VIRA SUPORTE DE PAREDE   (NA KDL-32W655A MESMO SUPORTE DE MESA SERVE COMO SUPORTE DE PAREDE, SOLUÇÃO MARAVILHOSA.!)  POSIÇÃO DA HDMI/ARC FICA EXATAMENTE EMBAIXO DA POSIÇÃO DE SUPORTE DE PAREDE.  (TIVE QUE SERRAR E ADAPTAR O SUPORTE DE FERRO PARA ENCAIXAR O HDMI)  Decepcionado com este modelo da Sony Bravia KDL-40W655D!  Se fosse possível eu devolveria o produto!",Negativo
"O RELOGIO APARENTEMENTE PARECE SER BOM, A PULSEIRA PODERIA SER UM POUCO MAIS LARGA E CAIXA MAIOR, MAS LEVANDO EM CONSIDERAÇÃO O CUSTO/BENEFICIO DO PRODUTO ESTÁ OK. ENTREGA DAS AMERICANAS SEMPRE ANTES DO PRAZO!",Neutro
"Celular cumpre o que promete, excelente bateria que com uso continuo demora até que descarregue totalmente.",Positivo
"Comprei para presentear meu afilhado,testei,funcionou, posteriormente fui presentea lo e não  ligou mais!",Negativo
DECEPCIONADO!!! PENSEI ESTAR COMPRANDO COM UMA EMPRESA QUE RESPEITA O CLIENTE. ME ENGANEI!,Negativo
"Fiquei um pouco decepcionado, pois é vendida um imagem de automática e com escolha da quantidade de água de acordo com o tipo de bebida, mas de cara observei que para 100ml ou 110ml, a não tem diferença na quantidade de líquido utilizada. Esperava um controle exato das doses. Não compraria se soubesse deste limitador.",Neutro
Comprei o mixer Mallory Trikxerinox o produto chegou dentro do prazo porém veio faltando uma peça na caixa vem um número e um e-mail pra entrar em contato porem quando entro em contato o número não atende e o e-mail fala que não existe o produto esta parado .... péssimo atendimento,Negativo
Fiquei muito satisfeito com o produto. Ele é muito bonito. E sua instalação é fácil. Recomendo sim.,Positivo
indico esse produto para todos os meus amigos parentes que ele é de excelência qualidade Gostei do atendimento da lojas Americanas o envio foi super rápido foi bem atenciosos ligar até para confirmar se realmente eu tinha feito essa compra isso então gostei do atendimento da loja do produto e indico para quem convive junto comigo no meio de amigos de família  e não indico só o produto mas a loja e o cartão da loja que é a Lojas Americanas,Positivo
"Bom e espaçoso. Porém, veio com parafusos errados.",Neutro
Não posso opinar pois comprei um produto e me entregaram outro. Reclamei e até agora não recebi resposta nenhuma. Não faço mais compras pela americanas.com.,Positivo
Muito bom serviço! Só queria entender pq as vezes o site diz que não entrega no meu endereço!,Positivo
"Produto corresponde às expectativas, mas tive que adaptar os parafusos para utilizar no painel.",Neutro
"TV desligando sozinha com apensa dois dias de uso. Pós-venda da Americanas é um lixo, não recomendo para ninguém. Esse parceiro Mundo das Variedades não resolve nada, ninguém tá nem aí pra isso, só querem vender. NUNCA mais compro nada nas Americanas, não recomendo a TV nem recomendo comprar nada nas Americanas!",Negativo
"Produto excelente, vendedor ótimo e entregou no prazo. Estou satisfeito com a compra",Positivo
"Tenho este fogão há um ano e meio, logo após vencer a garantia de 1 ano o display digital começou a falhar não é possível visualizar os digitos, todos os botões estão se quebrando e a lampada do forno parou de funcionar.",Negativo
"O produto é bom, mas o site americanas não envia a embalagem original",Neutro
"nao recomendo, o tapete e ruim, com 2 dias de uso ja embolou todo pelo, so perdi tempo e dinheiro. nao recomendo.",Negativo
Não recebi o produto e a loja nem veio atrás de mim para dar satisfação!,Negativo
gostei foi muito pontual com a entrega e é um produto bom,Neutro
"Produto bom. Só uma sugestão, Na próxima compra que fizer com Americanas, peço a gentileza de não deixar o produto visível na embalagem. Outros estabelecimentos enviam a caixa, embrulhado em papel branco, para não chamar a atenção de curiosos, e de possível furtos, pois moro em Condomínio, e a embalagem muitos podem ter acessos.",Neutro
"Fiz a compra dia 19/02/2018, e até hoje 21/03/2018 não recebi o produto, já entrei em contato várias vezes mas não resolveram  a situação, estou aguardando solução.",Neutro
"A bicicleta e 260 o frete para o Pará e de 1450,00 Vocês tão doidos",Negativo
"Não comprem da MEGA PAGE ficaram de me entregar dia 09/03/18 na minha casa deixaram nos correios dia 29/03/18 e quando fui buscar estava com a embalagem toda suja rasgada a caixa amassada e o celular com a tampa de trás quebrada devolvi lá mesmo e ao invés de me mandarem outro me devolveram em vale compra. Agora vou ter que comprar outro, só me fez perder tempo e a minha mãe esse tempo todo sem celular. NÃO COMPREM !!!!!",Negativo
"O produto é bom porque funciona apenas isso. Essa barra é super basica, não vem com nenhum manual explicando como prende-la na parede, portanto, se você nunca usou uma antes pode perder muito tempo para descobrir como fixa-la corretamente. No meu caso veio com um parafuso solto então tive que desmontar o produto e remota-lo coretamente para aprender como funciona.",Neutro
Produto cumpre as expectativas design lindo! Não deu problema ao bater gelo em grande quantidade.,Positivo
"Jogo muito bom, foi presente pra meu  filho ele gostou muito.",Positivo
"Tomando direitinho,ajuda muito na dieta. Vou ficar comprando!",Positivo
"Pesquisei bastante e cheguei até este produto bom e batato. É claro que por ser plástico em dias muito quentes a água não gela tanto, mas comprei sabendo disso. Pra mim o msus importante era a qualidade da água. Os botões são um pouco sensíveis, não recomendo para crianças, pois tenho medo que quebre.",Neutro
"Comprei pelo valor que foi muito atraente, menos de 1400 numa TV Led HD de 42, não tenho direito de reclamar muito...masssss....  Sobre a entrega achei que fosse ser mais ágil, não ultrapassou o prazo mas por ser tratar de final de ano ficamos anciosos para receber o  quanto antes mas não aconteceu, entregaram em cima da data prevista. Sobre a TV, posso dizer que é um Tablet gigante, ao ligar ela tem lá o seu tempo para inicializar, coisa que não agrada muito mas com o tempo devemos nos acostumar. Como nas avaliações anteriores de outros clientes informando sobre a dificuldade com Netflix em relação ao controle resolvi adquirindo um teclado com mouse integrado sem fio e conectei a TV e daí conseguimos usar os aplicativos YouTube e Netflix sem problemas. Não recomendo para ambiente pequeno como o nosso onde a TV fica muito próxima do sofá e acontece que podemos visualizar os pixels na tela se a conexão com a internet não for das melhores....  Tem WIfi e entrada RJ45 para rede, USB e HDMI, os canais digitais Globo, SBT, Band, Record pegam numa boa....então é isso se quiserem uma TV grande e barata que possua algum recurso smart não todos heis a tv mas se for uma pessoa exigente super high Tech prefira uma outra",Negativo
"Ele é prático, mas achei as base muito pequenas, pensei que as bases fossem um pocuo maior",Neutro
"Comprei logo 7 destes para meus sobrinhos que ficaram completamente fascinados, faz jus ao preço",Positivo
RECEBI UM PRODUTO QUE ESTA DEFEITUOSO. ESTÁ VENCIDO E NÃO FUNCIONA QUANDO COLOCADO NA IMPRESSORA,Negativo
Deixou a desejar na limpeza do banheiro... Está muito rebelde e não realiza bem as tarefas domésticas.,Negativo
Ainda não recebemos o produto. Péssima experiência de comprar pela Americanas este produto. Não recomendo a compra por aqui.,Negativo
"$ 3.776,00? Por 8 copos de 300ml? E isso mesmo? Não posso acreditar deve ser erro de digitação. O produto São Otimos super recomendos, mas com ese valor nao. Creio que em outro lugar deva esta mas barato. Tem que ter alguma explicação!",Neutro
"Muito bom! Ótima qualidade, pessoal atencioso. Recomendo sempre!",Positivo
"Produto bom,me ajudou bastante, satisfeita com a compra. Chegou super rápido. Fácil de usar também",Neutro
"Achei um celular bacana e com um bom preço,estou bem satisfeito com a compra.",Neutro
"Utilizo vários produtos similares de outras marcas, mas ao utilizar esse calçado em especial causa um odor insuportável nos pés.",Negativo
"Produto exatamente como descrito no site, mas precisa levar em uma casa de bicicleta para montar, difícil montar skzinho. Super recomendo.",Neutro
"Um livro de muitas páginas e desenhos bem bonitos, ótimo custo eu amei!",Positivo
"O armário é de qualidade excelente, fácil de montar. Usei sem o tampo para colocar embaixo da pia, então tive que adaptar para pasdagem do cano. Mas foi fácil! Ficou perfeito, estou apaixonada",Positivo
"Produto veio com defeito, entrei em contato com a loja estou aguardando o código do correio para enviar e realizar a troca. Até o momento estou insatisfeito com o produto, possa ser que quando eu receba o novo mude de ideia.",Negativo
Correspondeu perfeitamente as minhas expectativas. Estou satisfeito!,Positivo
"Gostei principalmente da rapidez na entrega, porém o produto é excelente muito boa qualidade.",Positivo
"produto nao liga, manual nao é em portugues. Um mês esperando para chegar uma bomba dessa. Não sei pra que que coloca pra vender. Comprei porque minha mãe é idosa e só usa esse tipo de aparelho.",Negativo
"Ate a presente data ainda não recebi o produto. Informo que devido ao descaso de acompanhamento estarei acionando judicialmente pois não tenho nenhum retorno quanto aos diversos comunicados encaminhados.  No aguardo,",Negativo
"não vi nada de espetacular nessa tv,tem outras melhores com resolução full,ela não é 1080p né muito menos full hd,como diz na ficha da tv,me engolquei tanto na tv chegando aqui é uma decepção égua da raiva.",Neutro
Veio faltando peça e sem funcionar. Foi entregue no bloco errado e só recebi 02 dias depois da entrega. Já reclamei e estou aguardando troca completa.,Negativo
"Como já previa, o produto está atendendo a minha expectativa.",Neutro
Ótimos potes....veio tudo certinho!!! Super recomendo...,Positivo
"O produto atendeu minhas expectativas, porém achei que fosse mais silencioso.",Positivo
"Excelente com Boa qualidade e fácil manuseio,recomendo a qualquer um a comprar o  produto",Neutro
"Gostei do celular, atende as minhas necessidades, mas fiquei preocupada porque o celular está esquentando muito.",Neutro
"Comprei 3 unidades no FRSBEST e chegou apenas 1 unidade, já tem mais de 10 dias que ultrapassou o prazo fornecido, e 40 dias deste que comprei. Portanto eu não recomendo. o suporte da americanas e o fornecedor é horrível, eu realmente gostaria de elogiar em si, mas não é bem assim. De algo bom, está me dando bastante dor de cabeça, espero que o Procon e os meios jurídicos resolvam.  O produto é muito bom, não é android puro,tem um sistema da xiaomi, mas não deixa a desejar, tem o armazenamento é pouco, pois divide com o sistema da xiaomi entre outros app nativo, perde bastante armazenamento de 16gb vai pra 9gb, muita coisa na minha opinião.",Negativo
"Amei gostei muito pode comprar que é maravilhoso, chegou no tempo certo.",Positivo
Muito útil para rotina do dia a dia. Atende as necessidades de uma casa. Tem muitas funções!,Neutro
Boa noite !  Não tem como avaliar ! Ainda nao recebi o produto.,Negativo
"Excelente Smartphone, o que ficou a desejar é a entrega para carregamento, pois achei um pouco frágil na minha opinião. O restante, está de parabéns!",Positivo
"Atende aos comandos não sei se é a bateria já um pouco fraca, ou é assim mesmo o ponteiro na hora de mover o mouse ele se desloca lento.",Neutro
"O produto é bom,sei que não é culpa da loja,mas o copo do processador veio quebrado!O pior que não acho pra comprar outro copo!Na minha opinião A Empresa deveria reclamar com os correios!Sou cliente das Americanas tem muito tempo e essa foi a primeira vez que fiquei decepcionado!",Neutro
"Teclado não acompanha a digitação rápida. Bizarro. Lixo de produto. dinheiro no lixo. comprem o microsoft básico, cometi um erro gigante comprando isso aqui, comprei vários e me ferrei.",Negativo
"Péssima qualidade, pelo preço poderia ser muito melhor",Negativo
"Hoje, assim que o celular foi entregue (de forma estranha, não por transportadora, mas por duas mulheres sem uniforme ou trazendo informações de qualquer empresa), liguei o celular e a tela estava muito escura, era quase impossível enxergar e o brilho da tela estava no máximo. Reiniciei o telefone e a tela passou a piscar. Liguei para as Lojas Americanas que transferiu para a Motorola. Estou aguardando retorno da empresa.",Negativo
"A estante até que é bonita, porém o material é pessimo. A madeira do friso veio super torta, deu um trabalhão montar. Não recomendo de jeito nenhum.",Negativo
Sinto-me enganada! Uma das cadeiras veio quebrada e nunca houve a troca!,Negativo
Achei um absurdo continuar anunciando um produto de um fornecedor que não tem disponibilidade do produto. Principalmente quando se trata de um berço e s mãe se programa dentro daquele prazo que na verdade não existe. E aí? Faz como ? Coloca o bebê aonde? Desrespeito com o consumidor.,Negativo
Não é possível um copo custar tudo isso. Com certeza erraram o preço,Negativo
alguem me informa sobre a qaulidade das cameras; são boas?,Neutro
"Sempre usei esse perfume e um pouco que colocamos fica o cheiro este tem que colocar bastante pra ficar um cheirinho bem fraquinho................... decepcionada pois paguei 123,00 por algo que nem fica o cheiro ............... pena que fazem isso com  consumidor né pois não ganhamos dinheiro de graça para gastar com enganos não indico e nunca mais compro perfumes por este site .............as outras coisas que comprei fiquei feliz mais o perfume  foi entregue rápido porém não tem o cheiro do original nossa ............ chateada....Minha NF 013066",Negativo
Relógio Unissex Casio Analógico/Digital AQ-230GA-9BMQ,Positivo
"O meu durou exatos três anos. Do nada queimou o Magnetron, que é simplesmente o preço do microondas para trocar. Nunca mais compro Consul",Negativo
não recebi o produto estou aguardando só posso avaliar quando chegar,Negativo
"a qualidade de imagem é boa, mas a do áudio é uma matéria fecal, é muito lenta para abrir os aplicativos. até funcionam bem, mas demoram para abrir. a saída para áudio auxiliar necessita adaptador caso seu dispositivo de áudio não tenha um plug óptico.",Negativo
"Comprei para minha filha, e o celular é muito completo para o preço, tem uma ótima capacidade de armazenamento, câmeras boas, etc...enfim um excelente custo benefício, na minha opinião!!",Positivo
Eu gostei  e até recomendo para serviços leves. Qualidade  razoável.,Neutro
"Não foi enviado os dois produtos juntos no mesmo dia, um chegou e o outro ainda não..",Neutro
Vale a pena comprar!!! Produto e preço ótimos!!! Gastei muito!!!,Positivo
"comprei esse smartphone, mais olhando as avaliações resolvi desistir, cancelar a compra e ainda não me deram retorno, se eu receber o aparelho como todos receberam irei na justiça reclamar da loja que no caso é a americana pq é ela que entrega o produto.",Negativo
"Pessoal, o produto parece ser muito bom, mas a demora par a entrega do produto é horrível. Oriento comprar por outra loja, pois estou com atraso na entrega.",Negativo
"quem é o fabricante desse produto,  qual a origem, qual o modelo ???",Negativo
"O produto realmente funciona, e dura muito bema carga.",Neutro
Produto 100%. E chegou antes do prazo informado. Parabéns a toda equipe.,Positivo
"Produto bom, mas com algumas deficiências. Esperava mais qualidade no acabamento, a superfície é áspera, fácil de acumular poeira e difícil de limpar. A montagem também deixa a desejar, apesar da boa construção geral que dá firmeza, das boas peças de encaixe e das marcações de furação que ajudam muito, algumas junções ficam desalinhadas.",Neutro
"As dimensões são totalmente diferentes do anunciado, o boneco é muito pequeno, me arrependi",Negativo
"Produto de qualidade, funcional e eficaz, recomendo.",Positivo
"Não sei se eu errei alguma configuração, mas seria um aprelho perfeito se eu não tivesse que reiniciar o telefone uma a cada três vezes que tento conexão com o sistema de som do meu carro. E a conexão wifi também é instável. Outros aparelhos estão conectados em volta, na mesma rede wifi, e ele se desconecta. Fora isso a bateria é excelente, às vezes eu consigo que ela dure dois dias. O tamanho da tela é excelente e ajuda a visualizar documentos, fotos e vídeos.",Positivo
Ainda nao testei... mas comprei um modelo e veio outro.,Negativo
Produto importado sem garantia pela LG. E não funciona todas operadoras do Brasil. Lamentámel AMERICANAS.COM comercializar este produto.,Negativo
uma das travas do suporte não da o aperto necessário para travar a haste.,Neutro
"Para quem quer uma chapinha portátil ela é ótimo, agora se for para uso em casa recomendo que compre uma maior. Eu comprei está para carregar na bolsa, esquenta bem, que chega até fazer uma fumacinha que sai das lâminas, isto me preocupou um pouco, mas enfim, ela alisa bem e tbm enrola se souber manusear.",Neutro
"Cadeira super prática, simples e de boa qualidade.",Neutro
"# Mau funcionamento (desliga sozinho). # Conecção lenta e limitada. (Não funciona bem em smat tv, não sincroniza com vários celures que tentei, nenhum que usasse Android 5.0 ou maior. # Frágil (pra criança não dura uma semana). # Não tem mostrador de bateria (vc nunca sabe se a bateria ta cheia, se ele ta carregando corretamente, se a bateria ta acabando)  Percebe-se que as avaliações positivas são em sua maioria de pessoas que deram como presente. Logo, o presenteado tende a dizer que adorou. Mas quem compra pra uso próprio avalia como ruim, pois ele é de fato pessimo. Dinheiro jogado fora.  Para um custo/benefio bom, preço justo seria R$10,00.",Negativo
"O produto não é muito prático, até mesmo me cortei trocando a lâmina, porém acredito que tenha ocorrido em parte pela minha falta de experiência. Optei por continuar usando os novos aparelhos de barbear mesmo, são mais práticos.",Negativo
O item funciona perfeitamente e atende bem o que eu esperava,Positivo
Como uma smartTV desse porte não tem entrada para VHS? Absurdo. Não recomendo.,Negativo
"O produto é muito bom. De fácil manuseio, apesar do tamanho. A parte não muito boa é quanto a película. Ela não aderem inteiramente deixando bolhas de ar. Deveriam existir películas específicas pra esse tipo de tela.",Positivo
Na primeira lavada ja deu uma enorme diferença PERFEITO isso pq nem usei a mascara ainda. Amei. A FOREVER LISS ta de parabéns. Pra quem ja achava bom o desmaia cabelo. Esse e muuuuuito melhor. Ha e foi entregue tudo bonitinho e antes do prazo da entrega,Positivo
Adorei Demais. Completamente Satisfeito!!! Com certeza RECOMENDO este produto!!!,Positivo
"Produto bom, entrega dentro do prazo.  Só achei caro o frete, aliás, ultimamente o valor do frete para certos produtos torna a compra impossível.",Positivo
"parem de mandar esse pedido de  avaliaçao para mim, creio que estejam de brincadeira, um produto que voces nunca entregaram no endereço que solicitei, presente que seria de natal/2017, ao meu neto.",Negativo
Recomendo. /////////// Bom produto. ////////// Melhor da categoria. /////////,Neutro
Fácil de montar no carro e de tirar as peças de teciod para lavar.,Positivo
"Gostei, cumpri o oferecido. Pega bem o sinal e não deixa nada a desejar.",Positivo
"Produto maravilhoso, entrega mt antes do prazo,qd o produto é comprado pela americanas e entregue pela americanas É ótimo ,nota mil",Positivo
"DESCOLOU NO SEGUNDO JOGO, comprei 2 chuteiras sendo uma soçiety a mesma descolou no segundo jogo . como devo proceder para trocar ou ser ressarcido. a de campo ainda nao usei e se ocorrer o mesmo",Negativo
"Não gostei, as fotos do site me enganaram pois achei que fosse como um purificador ligado na rede de água e não abastecido por galões de água. Pela altura não coube sobre a pia e embaixo do armário.",Negativo
"A vareta de sustentação, em fibra de vidro, é inadequada, quebrou no primeiro dia e não tem conserto. O preço de varetas novas é mais caro que a barraca nova.",Negativo
"Comprei e instalei no liquidificador da minha avó, só tenho um ponto a reclamar, ela estava fazendo uma vitamina e a dentadura dela caiu dentro, pela potencia despedaçou a dentadura e tive que gastar 150 mil com uma nova,",Positivo
"Uma loja desse porte vendendo produtos usados com defeitos pqp ;vai para a justiça .O produto apresentou defeito no botão de ligar ,a caixa do produto está com várias avarias (produto usado) ,nem manuais do console avia .Achei uma tremenda sacanagem ,esperava um produto novo na caixa completo ......espero que entrem em contato comigo e devolvam meu dinheiro",Negativo
Bateria acaba muito rápido e o botão atrás engana pensando que é impressão digital.,Neutro
Celular veio com defeito. Desativando o  wi-fi por segundo e só ativa novamente se ir nas configurações ativar. Além de estar todo hora atualizando sistema e reiniciando,Negativo
Ele.e.um.celular bastante rápido faz vídeos incríveis e fotos  .pra um intermediário ele está além.do que eu imaginava .tem.muitas funções interessante ..ele.trm.o.play tô que manda.a.imagem do.celular pra tv smart  twis app  que permite vc ligar duas contas top  Eu recomendo esse produto,Positivo
Pela imagem está presente os pivôs. Mas quando recebi não veio junto,Negativo
"O panetone é gostoso, bem úmido e com bastante fritas. É uma delícia.",Positivo
perfeito o produto e foi muito rápida a entrega. eu recomando,Positivo
Fala serio com 1000 reais a menos tu compra aqui na lojas americanas um moto z2 play que é muito melhor Celular muito melhor Custa 1466 reais,Neutro
Minha esposa adorou o presente. É de fácil manuseio e possui muita opções de uso.,Positivo
"Guitarra para iniciantes. A qualidade deixa a desejar, as cordas trastejam demasiadamente. Comprei pela estampa do meu corinthians.",Neutro
"Simplesmente a impressora Xerox Phaser 3040, não reconheceu nenhum dos cartuchos enviados. Não recomendo a compra deste produto.",Negativo
"Boa tarde Esperava mais,até mesmo pela ficha técnica achei muito blablabla,veio só os fios USB e do auxiliar não veio o plugue para carregar.",Negativo
Porém tive dificuldade para colocar a pilucula. Pois a tela não aceitou.,Positivo
Falta o cabo que interliga com os controles no volante.,Neutro
"O produto atendeu minhas necessidades, produto de qualidade e o preço é muito bom!",Neutro
comprei paguei frete não recebi em casa fui buscar no correios e veio outro modelo com defeito quando era só americanas o atendimento era melhor é a 2vez que me acontece issso,Negativo
Tem luzes ridículas piscando o tempo todo e a bateria não dura nada.,Negativo
Comprei o berço para uma prima minha e ela ficou muito satisfeita,Positivo
Achei que o baralho fosse grande como na indicação e lá também dizia acompanha livro e no entanto o q vem é como se fosse uma bula dentro do baralho.,Negativo
"gostei do oculos nao arranha com facilidade a lente smepre espelhada, tenho outras marcas mas realmente esse goste pela beleza e durabilidade",Positivo
queria entender porque não veio na caixa da casio?!,Neutro
"Não gela, ele Do mantém resfriado os produtos. Se colocar um produto bem gelado no dia seguinte tem um monte de água pois a temperatura do produto aumenta. Usei na função de resfriar somente.",Negativo
"Produto parece ser bom, poderia ser um pouco maior. O problema foi pagar frete, não respeitarem o prazo de entrega e quando vc pede para cancelar a compra, eles entregam.",Neutro
"O plástico do assento está muito estreito, deixando as laterais com um grande espaço aberto, um perigo para as crianças que usarem.",Negativo
"Empresa com atendimento ao cliente otima, muito ágil para tirar as dúvidas e mais, o móvel chegou antes da data prevista, recomendo a todos",Positivo
É muito confortável e bonita. Minha filha de 6 meses adorou. Chegou super rápido. Bem antes do prazo.,Positivo
"Pequeno, não ocupa muito espaço, boa potência para até meio litro de suco a cada vez que uso. Muito fácil de limpar!",Positivo
Em primeiro lugar quero parabenizar a americanas pela entrega meu mop chegou em três dias que havia comprado. Pela primeira vez que usei não sabia muito bem manusear ficava travando e destravando o cabo agora que aprendi só alegria não me imagino mais sem ele.,Neutro
"O produto é bom, mas a quantidade  que vem de produto é pouca pelo preço cobrado.",Neutro
"Livros excelentes,Preço excelente,rápida entrega..recomendo",Positivo
Pensei que fosse mais forte. A qualidade do material é boa.,Neutro
"Já comprei há muito tempo agora estou repondo. Durou mais de cinco anos usando todos os dias no serviço. Muito bom para a m,inha postura.",Positivo
"Ainda não usei mas aparentemente é bom, quando eu usar posso avaliar melhor",Neutro
"sem qualidade ,, electronica estraga bem rapido nao recomendo esta marca",Negativo
"entrega rapida, produto bom, facilidade na compra tudo perfeito",Positivo
"Gostaria de saber se e 3 ou 5 peças? Pois queria finalizar ,mais nao quero finalizar com a dúvida. Obg",Neutro
"produto superou minhas expectativas,super recomendo............",Neutro
"Os parafusos sempre afrocham e temos que ficar apertando. Fora isso, tranquilo.",Neutro
"O equipamento é bom para atividades normais, mas pelo preço que paguei, ele não mostrou um desempenho tão superior a outro ACER i5 da minha esposa que compramos a 2 anos atrás por um valor bem baixo na promoção. Este antigo que temos está funcionando bem, por isso confiamos na marca ACER, porém, pelo preço que paguei esperava uma máquina muito superior de alto desempenho com boa bateria. O notebook é pesado e a bateria dura igual ao nosso i5 ou menos. Eu precisava de um notebook i7 com 16 GB de RAM, fiquei decepcionado com a compra!",Negativo
sempre compro chega certinho.e do mesmo jeito que imagino o produto,Positivo
"Ele é bom, aspira bem, o material dele parece meio frágil e o cabo de energia podia ser maior, tem que usar uma extensão. Mas vale a pena.",Neutro
"Tela grande ótimo, muito rápido desaine moderno lindo comprei para minha filha ela adorou.",Positivo
"Não tem um design bonito como o de 32L, mas como precisava de um forno maior acabei optando por ele. Também me decepcionei em relaçao a qualidade do produto em relação ao mais antigo que eu tinha, que era de 42 L, parece feito com material barato. E também o relógio fica apagado,logo não é útil.",Neutro
Muito bom eu recomendo..........................................................mmmm...m......................................................,Positivo
Adorei esse bico! Ótimo para dar água e suquinho! Excelente qualidade!,Positivo
"esse impressora já vem pronta para utilizar com os cabos e os cartuchos de tinta, ou tem que comprar fora a parte?",Neutro
Gente! Quem vai comprar uma chave dessa por esse preço? Por acaso é de ouro?,Negativo
"Bateria falsa, não dura metade do dia. Qualidade inferior a da bateria original depois de viciada/danificada.",Negativo
Produto leve e de fácil montagem (com poucas ferramentos e baixo conhecimento é possível instalar). Bom acabamento e funcionamento. Custo x benefício adequado!,Positivo
A entrega foi rápida mas a caixa veio toda danificada e dentro haviam várias peças quebradas. Solicitei a devolução.,Negativo
"Gosto de comprar nas Americanas, so não compro muito mais  ,porque tudo tem frete não é igual a outras concorrentes que dar valor minimo para frete grates.",Neutro
"Bom produto, mas foi um pouco difícil de montar. O manual muito ruim, pouco explicativo.",Neutro
Excelente  produto  e entrega  muito  rápido eu recomendo  a  todos,Positivo
"Ele é LINUX OU WINDOWS? 7 , 8.0 , 8.1  ou 10?  ACHO QUE TEM BOM DESENPENHO EM JOGOS",Neutro
"EU JÁ TIVE SMART FONE DE TODAS AS MARCAS .OPTEI EM USA PRODUTOS DA SAMSUNG. O POVO BRASILEIRO É UM CARNEIRINHO .TENHO OS MAIS VARIADOS PRODUTOS. A SAMSUNG NA EUROPA TEM PROMOÇÕES CASADAS ,COMPRE UM LEVE DOIS . AQUI É COMPRE UM E COM MAIS $$$$ LEVE OUTRO . ATUALIZAÇÕES CONSTANTES LÁ .AQUI ESQUEÇA . J7 PRIME SÓ NO NOME ,CARREGADOR E FONE DE OUVIDO IGUAIS AOS DO CELULAR POCKET.UMA VERGONHA . COMPREI UM 2º J7 PRIME PARA MINHA MULHER E OS FONES SÃO PIORES .CARREGADOR UMA *****. AGORA SEMPRE QUE POSSO COMPRO PRODUTOS SAMSUNG FORA DO BRASIL .",Neutro
não carrega péssimo o produto não realiza o serviço não  gostei.,Negativo
"não é um produto de 1ª linha, mas... é melhor do que nao ter proteção...",Neutro
O sofá Veio sem os pés. Já olhei embaixo e dentro do forro .,Negativo
Que produto confortável . Fiquei muito feliz com minha compra . A pontualidade na entrega me chamou muito a atenção . Recomendo demais essa loja FAMTECH . Vocês estão de parabéns pelo excelente trabalho !,Positivo
Bom custo beneficio. Adequado para pessoas que fazem um uso casual do aparelho . A máquina fotográfica é excelente . A tela fornece imagens ótimas . Os recursos do aparelho são fáceis de manejar.,Positivo
"Utensílio barato, fácil de manusear, ocupa pouco espaço . Era o que eu queria.",Neutro
"Péssima qualidade, eu tinha um.fone desse original e era perfeito, pena que quebrou, então pedi esse que diz no anúncio que é original, mas não é. O som é muito baixo e o tamanho do cabo é menor que do original. Péssimo acabou de chegar e já solicitei o cancelamento e devolução do produto e consequentemente meu dinheiro de volta.",Negativo
"Um Ótimo aparelho, A câmera dele é excelente, porém a bateria só dura um dia de uso.",Neutro
"Caro parceiro comercial, eu avalio o item como bom, embora eu ainda não tenha recebido o livro em questão. E ratifico, embora a empresa parceira que vendeu o livro tenha me retornado o contato sobre o atraso da mesma, isso não resolve a questão da não entrega mesma.      E novamente, afirmo: estou no aguardo pela entrega do meu livro, pois espero o mesmo para dar complementar meus estudos. Sem mais para o momento, bom trabalho.",Neutro
"Atendeu as expectativas, ótimo produto! Ótimo design, pratico!",Neutro
"O produto esta atrasado, ja tem 1 mes q comprei e ainda n chegou. Vou pedir meu dinheiro de volta. PS. Acredito q a culpa seja dos Correios e nao da loja.",Negativo
"Não consegui configurar o smart hub, fica toda hora dizendo que está sendo atualizado mas não atualiza, liguei para a assistencia especializada da marca e não houve um retorno,.",Neutro
"Recomendo, compraria mais se o frete fosse mais barato.",Neutro
"Ele é econômico pois os dois fornos são à gas.  Tem as bocas de diferentes tamanhos o que ajuda muito.  O timer, que parece não ser necessário, já que podemos usar o do celular...mas na verdade, ajuda e muito.",Positivo
"comprei a 7 dias e não chegou ainda, queria informação sobre isto.",Negativo
"É um livro perfeito pra quem é fã dos Caçadores de sombras.. Foi minha primeira compra online e estou bem surpreso, paguei o boleto na quarta e chegou hoje(sexta).. Vou comprar mais vezes aqui ahshsh",Positivo
"Ainda não instalei, por isso fica difícil avaliar.",Neutro
No site esta anunciando uma cor (rosa e azul claro) que foi a cor do produto que comprei e enviaram outra cor (rosa e azul escuro),Neutro
Parabéns pela agilidade na entrega e qualidade no produto .,Positivo
"Produto modesto, não espere nada de uma  alta qualidade, mais também não é porcaria, custo benefício viável quem quer manter aparecia interna mais harmoniosa.",Neutro
"Chegou antes da data estimada, boa duração da bateria, é muito mais barato que os concorrentes!",Positivo
Comprei já tem 20 dias i nao chegou preciso de uma satisfação ninguém mim atende,Negativo
Atendeu as expectativas recomendo entregue no prazo gostei,Neutro
Produtos Kacyumara são excelentes! Edredom de malha e lindo... Excelente acabamento e medida condiz com a categoria Queen Satisfeita com a entrega e com o produto Coloquem a venda mais variedades de produtos Kacyumara,Positivo
"Muito bom o produto, apenas demorou bastante a chegar devido ao carnaval e outras intempéries. Muito boa a vendedora. Muito gentil e agradável. Excelente compra.",Positivo
"A tv tem boa qualidade de imagem, mas o controle remoto é muito ruim de manipulação",Negativo
O produto é bom mas fica muito pequeno para cama de casal.,Neutro
"Bom dia!  Esse alarme é ótimo, já estou utilizando a mais e 1 mês e não rouba carga da bateria, funciona perfeitamente e a bateria está ótima. Recomendo.",Positivo
"Estou decepcionado com a Americanas, pois seus parceiros não cumprem o combinado, e a Americanas não intervem",Negativo
"produto  não  ""roda""   netflix ,   informa  ser  incompatível,    e  não  abre  uma atualização .     globo play  fica  travando  constantemente ,    manual em  Inglês e  muuuuito   limitado",Negativo
"Gostei muito do produto, ótima Qualidade. Chegou rápido Recomendo!!",Positivo
"Chegou antes do prazo, mas a cola estourou e sujou quase todas a peças (parafusos, cavilhas etc...) manual pouco esclarecedor, muito falho nas ilustrações. Por algum motivo que não identificamos, a porta do espelho não fixou muito bem, talvez por algum detalhe que o manual não explicou e prejudicou a montagem. No mais, ele é bem bonito e bem dividido.",Neutro
"Chegou antes da data prevista, gostei muito, colchão firme, muito confortavel, e bonito",Positivo
"Ele não conectar a WhatsApp Facebook  Mesmo você colocado chip nele, nem cartão de memória  Sendo q comprei um novo pensado q meu estava ruim.  Ele para mim está sendo um relógio qualquer.",Negativo
2 meses de uso a tela já teve problema! Fantasma mexendo o touch! Acionei a garantia e a Motorola informou que não cobre devido o aparelho ser importado! Aguardar a loja dar retorno agora... Esse aparelho não tem garantia e não está escrito isso no anúncio,Negativo
"Lindo design, prático, vem com função ""desativar visor"" (pra economia de luz), é bem potente, porém um pouco pequeno (20L) tem outras opções de tamanhos, mas pra sua função está de parabéns!  #SuperRecomendo #ConsuléTop",Neutro
Olhem no reclame aqui. Essa Ciamob não entrega o que vende. Só prejudica o nome da Lojas Americanas que fazem parcerias com eles.,Negativo
Esse produto tem cheiro Fortíssimo não pode ser usado por  qualquer pessoa nem perto de criança.formol puro  sai lágrimas nos olhos e forte ardor no nariz.vou jogar fora porq não deve nem.ser vendido.isso a escova o botox ainda dá pra usar,Negativo
"super prático, resistente e ótimo para extrair o leite de forma indolor! Super recomendo!",Positivo
"Referência no mercado, marca líder de vendas e qualidade insuperável. O que dizer mais?",Positivo
GOSTEI MUITO DO PRODUTO ATENDEU MINHAS NECESSIDADES MAIS NÃO USE A CAPA DE LED TODA HORA IRA PUXAR DE MAIS SUA BATERIA,Positivo
"Otimo aparelho, entrega chegou antes do esperado!!!!",Positivo
"Não recomendo este produto de jeito nenhum. Utilizei para pintar o quarto da minha filha, mas logo no começo o cabo quebrou e a peça lateral se soltou, fazendo com que a espuma saísse do lugar. Sujou todo o ambiente.",Negativo
Produto veio com defeito . Entrei em contato. Imagem a aloja e não me retornaram em 5dias   para ser feita a troca. Abri o chamado de troca,Negativo
"A entrega foi rápida, mas ainda n testei o produto.",Neutro
chegou mas rápido que o esperado parabéns ............,Positivo
"O sofá é bom, veio nas medidas e cor corretamente, porém demorou exato 1 mês pra chegar, mas pra quem tem paciência é um excelente custo benefício",Positivo
"O produto vai me atender. Resistente, bonito, faz um bom vento mas não exagerado, manual fraco... Até aí tudo bem, mas o desagradável foi ter que esperar 3 semanas SÓ para darem o OK da compra (adianto que estou longe de ter problemas com nome sujo). Após aprovado foram mais uns dias pra receber o produto. Quase um mês!!! Não sei como tive paciência.",Neutro
GOSTE DO PRODUTO! TEMPO DE ENTREGA RÁPIDO! RECOMENDO!!!,Positivo
muito boa presente na maioria das receitas a preguiça vai embora,Positivo
Panelas grossa muito boas os alimentos não grudam mesmo,Positivo
"PRODUTO COM BOA QUALIDADE , DEVEMOS AVALIAR MELHOR NO  DECORRER DO USO",Neutro
"ótimo produto, chegou antes do prazo recomendo esta loja",Positivo
"É um produto barato e funcional, bateria duradora, podemdo ficar fora da base muitas horas.",Neutro
"Aparelho muito bom, estou gostando muito até agora. A bateria dura bastante também.",Positivo
"Realmente nao chegou perto de ser a fragancia original, mas pelo preco ja sabia disso. Pode ser usado para ir a academia, etc.",Neutro
Eu pedi a devolução e até agora não tive retorno desde dezembro.,Negativo
"achei bom mais ser melhor ,sem corantes meus dogs aplaudiriam mais seus alimentos.",Neutro
O bom é que é bivolt e como viajo muito posso jogar em qualquer lugar. Sem precisar de estabilizador!,Positivo
Material na qual foi fabricado do produto é simples e ruim.,Negativo
Já vem com problemas para carregar! Em 6 messes não care gamais! E para consertar tem que trocar a placa! Não compensa,Negativo
Compacto e eficaz! Atende ao proposto na especificação.,Positivo
O produto é de qualidade muito boa. A câmera é muito boa também.,Positivo
Cheio de avarias.  Parecia que o produto estava guardado a muito tempo em estoque e ficarão jogando de um lado pra outro. Estava horrível o produto.,Negativo
"Bem embalado, produto excelente, como anunciado...",Positivo
nao recebi este produto e ninguem me responde de como posso resolver este problema.,Negativo
"Testei a maquina com alguns tipos de tecido e para minha supresa nao costurou bem  malha . Sobre a entrega nada a reclamar, chegou no prazo.",Neutro
Produto chegou no prazo em perfeitas condições e de excelente qualidade . Recomendo a compra na lojas americanas e os produtos por ela vendido.,Positivo
O produto é frágil. Possuí apenas um botão para tadas as funções. Trava com facilidade,Negativo
"O produto é fraco e veio com uma parte quebrada, o mesmo foi montado e ele é torto.",Negativo
"Este produto foi vendido como C3 Tech, mas quando recebi o produto vi que era uma imitação do C3 Tech. Na nota fiscal estava descrito Ce Tech. Uma vergonha a Americanas permitir que isso aconteça! Agora ficarei em dúvida para comprar da Americanas.",Negativo
"Produto muito bom, e a entrega foi antes do prazo prometido.",Positivo
"Quando o cartao de memoria fica cheio, ela não apaga o mais antigo para continuar gravando, apesar de estar configurada em looping (5min).",Negativo
"Um smartphone básico que funcioná muito bem, som bom câmeras boas TV boa no geral quem comprar não vai ira  se arrepender.",Positivo
"Excelente leitura, ótimo! Super recomendo, vão adorar, essa autora é maravilhosa!",Positivo
"A película é de vidro, de fato, mas não cobre as beiradas; fica apenas no meio.",Negativo
a trava não é boa fica solto no pino mas chegou rapido,Neutro
"A cadeira é muito bonita, confortável e funcional,  e parece bem segura, porém o manual de instruções é de difícil entendimento, horrível, o que torna massacrante a tarefa de regular altura dos ombros e fixar a cadeirinha no carro. Tem uma alavanca vermelha para fixar o cinto só veículo que tem que fazer faculdade para saber abrir e depois fechar de volta.",Neutro
"Tv muito boa, de uma boa marca, ótimo custo benefício. Muito fácil de usar e instalar. Ótima qualidade de imagem e som. Recomendo.",Positivo
Produto atende as necessidades básicas e com ótimo custo/benefício.,Neutro
"O produto foi entregue dentro do prazo, conforme combinado!!! Recomendo !!!",Neutro
"Celular lindo, ótimo processador, designer moderno... Estou adorando usá-lo. Acredito que fiz uma ótima aquisição!",Positivo
Tesoura com corte ótimo e preciso .. muitíssimo afiada..bom acabamento,Positivo
Fácil instalação e também muito prático. Eu recomendo o produto.,Positivo
"Ótimo aparelho, não trava, bateria dura bastante, uma pena ser chip híbrido, mas consegui adaptar pra usar os 2 chips e cartão de 32GB. Ótimo!",Positivo
"Eu não gostei da batedeira, pensei ser uma planetaria grande, achei muito pequena, acessórios  pequenos.",Negativo
"Gostei! Chegou antes do prazo previsto, super atencioso",Positivo
"O produto chegou antes do prazo,tdo conforme estava no pedido, foi presente do dia das mães e  minha mãe amou!!! Americanas nota 10",Positivo
"Bateria dura muito, câmera excelente, não tenho do que reclamar.",Positivo
"Não recomendo para ninguém. Fixação muito fraca, parece que a pessoa nem passou nada.",Negativo
"Solicitei a compra de um produto usb e mandaram o controle para super nintendo !!!! Não tiveram atenção ao pedido, sinceramente não enviei de volta pois a despesa com postagem não compensa.  Não recomendo esse parceiro das americanas a ninguém !",Negativo
Parou de funcionar. Não há atualização ou VPN que resolva.,Negativo
"Ótimo, pra 'fundo' de uma boa conversa. Parabéns pela novidade.",Positivo
"Pequeno, achei que fosse maior. Mas a qualidade é boa.",Neutro
"Gostei do atendimento. Recebi no  dia certo e venho correto,conforme escolhi",Positivo
"Uma falta de respeito com o consumidor, pruduto não chegou até hoje em minha residência e paguei um frete caro. Quero só cancelar mas até pra cancelar esta demorando. Muito desapontada. Não comprem nessa loja.",Negativo
"quero saber qto tempo tenho de garantia do produto. com relação a entrega não tenho nada a reclamar, recebi antes do prazo prometido",Neutro
"Demorou um pouco, mas não por culpa da loja, e sim por causa dos correios. Fone excelente, superou minhas expectativas. Super recomento o produto e a loja.",Positivo
"Apesar de totalmente funcional, o produto recebido é totalmente diferente do produto apresentado na foto! Não solicitei a devolução porque tinha necessidade urgente, mas como o recebido é maior que o apresentado não cumpre todos os requisitos que me levaram a sua aquisição. Americanas.com deve ter mais cuidado com o que oferece em seu ""site"", mesmo sendo apenas vitrine para outros fornecedores, esses devem ser bem escolhidos ou vai ter muita dor de cabeça. Não pretendo voltar a adquirir nada desse fornecedor.",Neutro
essa marreta maravilhosa já vi em varios fiilmes do thor nos vingadores recomendo,Positivo
O produto chegou no prazo e em condições de uso. Só achei o produto meio frágil.,Negativo
"Entrega rapida, e dentro dos conformes. Produto bem embalado e enviado antes do prazo.",Positivo
não está especificado na página qual a quantidade de ml do frasco.,Neutro
"Gostei e não tenho do que reclamar. Bom preço, só gostaria que houvessem mais dessa mesma linha com este preço",Neutro
Belo trabalho chegou antes do esperado satisfeitismo.......,Positivo
"Comprei uma e com 2 meses de uso apareceu um defeito: uma linha horizontal riscando a tela. Menos mal porque ainda está na garantia. Levei para a assistência e estou aguardando o reparo. Tomara que quando acabar a garantia não apareça outro defeito.  Por enquanto vou aguardar com paciência o desfecho dessa situação. Por isso essa avaliação não termina aqui, veremos o desenrolar dessa história assim que o problema for resolvido...",Negativo
"Infelizmente só descobri na hora da troca que o óleo 10w40 (que vem neste kit) não é o recomendado pela Nissan para o Sentra 2014 em diante. O recomendado é o tipo 5w30, que NÃO vem com este kit.",Negativo
"Muito bom, ótimo produto tem muita potência, não sei como fiquei tanto tempo sem!!! Maravilhoso",Positivo
O prazo de entrega excelente.e ainda o frete grátis. Foi uma ótima compra pra mim.,Positivo
"A entrega do produto foi realizada antes do prazo previsto, porém a imagem dessa TV Toshiba é pessima, por isso, não recomendo.",Negativo
"O colchão parece-me bom. Sei que existem melhores no mercado  (inclusive o da minha cama), todavia, como queria um colchão para colocar no quarto das visitas, acho que ele atende bem o propósito do bom e barato.",Neutro
Só acho que faltou instruções de uso junto da embalagem,Neutro
Ok muito bom.recomendo com certeza.principalmente com aval das lojas americanas.,Positivo
"Produto de péssima qualidade. Cheiro químico de plástico super forte. A cor e extremamente diferente da foto.  Tentei contato com a loja e até agora, nenhuma resposta.",Negativo
o produto é otimo e a entrega para minha surpresa chegou no dia do meu aniversario,Positivo
Acho que deveria vir com regulagem de volume pois toca muito alto. De resto o produto é bom.,Neutro
Bom produto para usar no dia a dia. Correspondeu as expectativas.,Positivo
"A máquina é pequena e bem leve, fácil de manusear, cabe em qualquer lugar. Ok para quem está aprendendo e não pode/ não quer investir mais.  Mas não recomendo pra quem quer algo que dure. As peças internas são de plástico e frágeis. Tenho a algum tempo, mas uso super pouco (passo meses sem usar) e já não está costurando.  Não costura jeans nem malha, mas isso está bem claro na descrição do produto.",Neutro
Comprei como original porém aparece mensagem na instalação de produto não original. A tinta não sai na impressão.,Negativo
Produto maravilhoso! Preço muito bom e entrega rápida.,Positivo
Não consegui que ele fosse reconhecido por nenhuma porta USB que conectei ele. Testei em vários computadores ainda. Baixei um programa do fabricante que detectou uma falha,Negativo
"O produto nao chegou, nao vai chegar, e nao consigo nem cancelar a compra!",Negativo
"Não imagina que era tão bem acabado e forte , as pecas são lindas vale o preço!",Positivo
"Produto muito bom, atendeu todas as expectativas, entrega no prazo mesmo tendo comprado no final de ano aonde as entregas demoram para ser entregues, recebi dentro do prazo",Positivo
"Produto de boa qualidade, Rápido na entrega Recomendo",Neutro
"Comprei 05 unidades, porem 01 veio com defeito. Solicitei troca e ate o momento não tive retorno.",Neutro
"Tive uma péssima experiência nessa compra. Além do prazo ser muito demorado, tive que solicitar a troca, pois a TV não ligava, nem sequer acendia o led de standby. Onde está o controle de qualidade? Como um produto sai da fábrica sem ao menos ligar? Inadmissível um problema desse. Não havia nenhuma marca de avaria na caixa, o produto não foi testado mesmo. Agora estou aguardando a outra TV chegar, vamos ver como será a continuação dessa novela. Fica a dica: Na compra de qualquer produto, testem o mesmo se possível na data em que foi entregue. Pois se passar dos 7 dias e tiver algum problema, o cliente terá que levar a uma assistência técnica, pois não poderá ser trocado.",Negativo
Bom. Efeito esperado......................................................................,Neutro
A geladeira é pequena mas atende as necessidades. É bonita e espaçosa.,Positivo
"O produto não chegou, ao contrário do que o site afirma!",Negativo
"Bom aparelho, porém falta o manual em português! Tive que pegar dicas de uso no YouTube",Neutro
"eu não sou muito boa com celulares. Necessito de ajuda de outras pessoas para baixar aplicativos, para transportar dados do outro celular, etc..., mas até o momento estou satisfeita, espero continuar satisfeita com a aquisição.",Neutro
"O produto poderia ter uma embalagem melhor, de forma a não permitir arranhões e amassos. Em relação ao manual, sua leitura é dificultada na montagem dos trilhos para as gavetas.",Neutro
"Meus seis meses ainda não terminaram, mas recomendo.",Positivo
"O produto parece ser ótimo, mas infelizmente a chave um não respondeu ao comando abrir ...mas o portão de garagem respondeu perfeitamente, som e imagem excelentes. pedi a troca do produto pelo mesmo, acredito que foi uma falta de sorte ter vindo com defeito.",Neutro
Um produto com muita qualidade e a entrega foi  antes do prazo combinado.,Positivo
"As peças são boas e bonitas, porém os pegadores sofrem de queima, principalmente a caneca, infelizmente.",Neutro
"O produto só indica que é 5,5ml.gostaria de saber a metragem. Como comprimento X largura X altura???",Negativo
"Um produto de qualidade e faceio de usar.Bonito pratico e de excelente qualidade onde eu fiquei satifeito, obrigado.",Positivo
Aproveitei a promoção leve 8 e pague 6 e comprei 100 conjuntos!! Promoção assim não se perde!,Positivo
"já deu defeito em uma peça no período de garantia e agora com um ano está com defeito no enxague, se colocar duas toalhas para lavar, não aguenta o peso e não centrifuga, quebrou uma peça de plástico dentro, que levava ao filtro de resíduos, e não funciona mais o filtro, só funciona com poucas roupas por vez, para consertar custa mais do que o valor da compra, vou ter que substituir por outra.",Negativo
Entrega muito rápida. Sempre gosto de comprar aqui,Neutro
"Única coisa contra é que poderia fatiar mais fino, tipo mais uma variação de espessura de corte. O resto, potência beleza praticidade tudo dez.",Positivo
"Ótimo produto, chegou bem antes do prazo em ótimo estado. Recomendo",Positivo
Ótimo produto e a  empresa  escelente parabéns muito pontual,Positivo
"Conheço  o produto,  sei que é bom, mas recebi o errado e devolvi.",Positivo
Os cartuchos se queimam prematuramente e com extrema facilidade pois são programados para isso. São caros e difíceis de encontrar. Compre e comprove essa delícia de golpe da HP em clientes desavisados.,Negativo
O produto entregue está de acordo com o esperado para um colchão D-18.,Neutro
"Quanto ao livro ainda não li, porém ouvi críticas muito positivas.  Gostaria de falar da entrega que foi muito rápida e 7 DIAS ANTES da data prevista!  Sempre compro neste site e nunca tive problemas!!!",Positivo
"Comprei pra minha enteada, produto bonito. Atendeu nossas expectativas.",Neutro
"Além da demora o produto chegou ontem quebrado. A alavanca que tem no produto veio quebrada, bem como as duas caixas que o mesmo estava armazenado perfurada. Queria saber o que fazer.",Negativo
"Por mais produtos com o arqueiro verde, super apoio",Neutro
NA PROPAGANDA DO PRODUTO INFORMA QUE OS DOIS CARTUCHOS TEM COMPATIBILIDADE COM HP C4480. AO RECEBER O PRODUTO VERIFIQUEI QUE NA PRÓPRIA EMBALAGEM DO CARTUCHO COLORIDO NÃO INFORMA QUE  HP C4480 É COMPATÍVEL... ASSIM QUE EU INSTALEI O CARTUCHO NA IMPRESSORA... ELA REJEITOU! POR VÁRIAS VEZES!,Negativo
"Só me deu complicações para comprar, não pretendo comprar mais na loja online das Lojas Americanas, um péssimo atendimento telefonico e demora para responder",Negativo
o produto nao foi entregue pelo fornecedor poderia ate ser de qualidade porem meu pedido nao foi atendido,Negativo
"Gostei do produto, muito bonito. Entrega no prazo.  Na hora da montagem percebi que as peças eram ligeiramente tortas, mas fiquei satisfeita com o resultado final. O tampo veio marcado para corte (cooktop), o que achei excelente. Recomendo.",Neutro
não compre nesta loja americana porque ela coloca alguns laranja e não entrega a mercadoria eu foi lesado em novembro em duas garrafas de Johnnie Walker e não devolveu meu dinheiro.,Neutro
"Gostei muito. Produto bonito, resistente e muito prático. Podendo ser utilizado de diversas formas.",Positivo
O pc parecia ser bom mas travou geral durante uso de programa de edição de vídeo. Tive que resetar a bateria. Tentei 4 vezes mas não deu certo. Tentei trocar mas a americas disse que não tinha o produto em estoque.,Negativo
Entrega supre rápida americanas está de parabéns. Produto de ótima qualidade recomendo sim muito bom,Negativo
"O depilador possui 2 velocidades, retira o pelo pela raiz, porém preciso passar várias vezes no mesmo lugar e depois percebo que não retirou todos os pelos.",Negativo
Pelo o custo benefício o produto que comprei esta atendendo as necessidades.,Neutro
"Produto com péssima qualidade de acabamento,  sistema de comando de som no volante completamente solto e de péssima qualidade. Não recomendo esse produto,  decepcionado  com a compra.",Negativo
Não sei as medidas pra poder comprar. Gostei do modelo e do Preço mas infelizmente não tenho como comprar sem as medidas.,Neutro
"muito bom, o fio poderia ser de nylon!................................................................................................................................................................................................",Neutro
"NÃO POSSUI A FUNÇÃO CHIMARRÃO. COMPREI ON-LINE SÓ POR ISSO E FUI ENGANADO. ÚNICA FUNÇÃO QUE POSSUI É A DO BOTÃO MANTER AQUECIDO, NO MANUAL DO PRODUTO NÃO TEM NADA DE FUNÇÃO CHIMARRÃO E NEM ÁGUA QUE AQUEÇA APENAS ATÉ 70 GRAUS CELSIUS (IDEAL PARA CHIMARRÃO).",Neutro
"Comprei esse produto aqui pelo site da Americanas o cartão de crédito pagou no mesmo dia, vocês demoraram 3 dias para enviar este produto, a entrega de vocês é muito demorada.",Neutro
"Bom produto e entrega no prazo, mas só veio os pés e não veio esse suporte dos pés e a cabeceira que só tem de enfeite na foto do produto.",Neutro
"design lindo,  faz uma mesa muito bonita,  tem tudo o que precisa.",Positivo
Produto de péssima qualidade! Usei uma vez não corta o pelo com eficaz  e não usarei mais. Joguei o meu dinheiro fora!,Negativo
Estão de parabéns!  Atendeu às expectativas!!!!!!!,Positivo
Atende inicialmente meus objetivos.recomendo.Assim querem demais...está muito bom...objetivo e direito,Neutro
"celular bonito, rápido, boa camera, gostei bastante",Positivo
"Este site é enganoso, não condiz com a realidade, não oferece um bom atendimento, não entrega a mercadoria. Não compre nada neste site",Negativo
MODELO É  INSATISFATÓRIO MODELO É  INSATISFATÓRIO.,Negativo
"Produto muito bom, material de qualidade, recomendo a compra.",Positivo
"Vem em um pote muito ruim...achei que tinha feito o meu achado, mas no final nem sabemos ao certo se é dermacol, pois ele é fracionado em potes muito simples. Mas em relação a entrega, foi tudo tranquilo!  De qualquer forma valeu pela experiência!",Negativo
"Esse jogo atende basicamente o leito familiar, para o dia a dia da dona de casa, versátil e fácil para limpar. Recomendo",Neutro
"Produto de ótima qualidade. Sony, dispensa comentários!",Positivo
"Adorei o celular, recomendo a todos.  Entrega no prazo combinado.",Positivo
"Produto frágil, sem acabamento fiquei muito decepcionada.",Negativo
Estou plenamente satisfeita com o modelo e suas funções.,Positivo
Gostaria de saber a previsão para entrega de meu produto.. o mesmo está com 14 dias de atraso e não tenho qualquer posição da americanas. muito insatisfeita com o atraso abusivo. Por isso minha avaliação é RUIM e não recomendo o produto.,Negativo
Não veio conforme a descrição. O produto não vem com 5 esfregão Refil.,Negativo
O kit é ótimo e a entrega foi super rápida.....eu indico,Neutro
"Não recomendo, com apenas 2 dias de uso parou de funcionar!",Negativo
"Venderam o produto e depois cancelaram dizendo que não tinham mais o mesmo. Isso não é correto ao meu ver. Se não pode cumprir com o pedido então sai da parceria com as Americanas, pois denigre a imagem da mesma.",Negativo
Eu gostei bastante até  o prazo da entrega  foi bom  vcs  estão  de parabéns,Positivo
"Produto frágil, de má qualidade, uma das rodinhas auxiliares quebrou com menos de 2 semanas de uso, catraca da corrente é de plástico, desgasta com facilidade. Produto de baixa qualidade, não recomendo. Pós venda horrível, até o momento estou tentando falar com o fabricante pra ver a garantia da rodinha, porém não consigo entrar em contato.",Negativo
"Comprei um celular falsificado que não funciona.  A gente liga e falam que o sistema está fora do ar,",Negativo
"Recomendo produto com baixo valor, e com qualidade",Neutro
"Ele funciona, mas quanto ao site de rastreamento, não funcionou.",Neutro
O produto me satisfez mais em compensação demorou mais de 2 semanas além di prazo para ser entregue.,Neutro
"O aparelho é muito bom, embora eu tenha recebido com o visor arranhado.",Neutro
"Top das galaxias, comprei o motor, agora só falta comprar o carro...",Positivo
não recebi o produto ainda. porque já veio a pesquisa de satisfação?,Neutro
Muito boa essa banheira..eu amei o produto muito bom.. Para min Americanas é nota 1000.,Positivo
"Acabamento, tamanho e peso muito é o melhor preço.",Positivo
Cumpri o que está descrito... Respondeu a minha expectativa.,Positivo
"Ótimo celular, bonito, rápido, ótimas configurações, tem um ótimo hardware, em fim tudo de bom.",Positivo
"Gostei, bem robusto, não perde nada para a Tramontina. Vale a pena usar.",Positivo
"Adooorei! Minha anterior era Philco! Até o momento, nenhuma reclamação.  Espero que não enferruje!! Funciona perfeitamente! Fácil limpeza!",Positivo
"Americanas Marketplace nunca mais, fiz a compra em meados de abril e até o momento não recebi o produto.",Negativo
"Maravilhosa, superou as expectativas. R E C O M E N D O!",Positivo
"Gostei do produto, mas pensei que a frigideira era lisa.",Neutro
"Embora  o produto seja de boa qualidade, veio um produto diferente. A grade não é móvel como no anúncio.",Negativo
"A entrega da Americanas foi excepcional. Comprei na sexta e chegou na segunda (3 dias antes do previsto). Paguei a entrega expressa e super funcionou.  Sobre o telefone é bom, bonito e rápido. A câmera é muuito boa, porém... PONTO NEGATIVO:  o SD CARD SÓ FUNCIONA PARA MÍDIA (e transferindo manualmente). Ou seja não é possível transferir nenhum app para o SD Card e as fotos apenas manualmente, recortando e colando... Outro ponto negativo, dos 16GB de memória interna, 7GB já vem consumido com o sistema operacional. Se puder compre o com 32GB ou 64GB  Se tivesse lido um comentário assim teria feito a compra diferente e estaria mais satisfeita.",Positivo
A transportadora  entregou a caixa toda aberta faltou os parafusos e a pintura  está toda riscadae o acabamento horrível  As vezes o barato  sai caro não  recomendo este produto fora a decepção da minha filha que  aguardava ansiosa pela cama,Negativo
Estou gostando! Excelente imagem e a função smart também muito legal!,Positivo
"Maravilhoso,deixou meu cabelo brilhoso,e a cor ficou do jeito que eu queria. Amei!!! Pena que não tem aqui onde eu moro,tenho que comprar pela internet. Podiam mandar aqui pra Muriaé, MG",Positivo
"Da bateria que vem com o relógio, a carga nao dura nem uma hora, requisitei uma nova mas a mesma tambem não dura 3 horas, isso sem sincronizar via bluetooth, sincronizado a bateria dura 1 hora...",Negativo
"Aparelho muito bom, me atende por completo em minhas necessidades, infelizmente a bateria não dura muito tempo.",Neutro
"Esse produto é só um tapete. Não existe tapete para meninos e tapete para meninas! Poxa vida, Americanas",Negativo
Instalei numa impressora HP C4280. Funcionou perfeitamente para as minhas necessidades. Entrega antes do prazo estipulado.,Positivo
Pelo preço compensa. Mas é preciso baixar o jogo no hd.,Neutro
Excelente qualidade e beleza.......................................................................................................................................,Positivo
"O produto chegou mal embalado, algumas partes vieram descascadas. Acho que as partes que ficaram descobertas molharam.   Qualidade muito fraca, apesar de ser relativamente barato, deveriam ter mais respeito com os consumidores e embalagem melhor o produto. Não recomendo.",Negativo
"O edredom é bem gostoso e quentinho, porém veio muitoooo amassado e a cor não era o q eu esperava também. A cor se dizia pérola e veio um amarelo claro, nao gostei da cor.",Neutro
"Não gostei, não cumpre o que promete, precisa passar muitas camadas e ainda não dá volume. É liquido demais e borra muito ao passar. Não recomendo.",Negativo
"guarda roupa bom e prático mas na descrição do produto está como MDF, e não é em MDF.",Neutro
Entrega super rápida .   Parabéns pela agilidade na entrega e qualidade no produto .,Positivo
O placa frontal onde fica os botoes é muito solta fica balancando qnd vai apertar os botoes,Neutro
"Comprei esse produto no site americana.com, faz um ano e seis meses q comprei esse sofá e ele está descascando,fui reclamar no site e o site falou q passou da garantia. Agora vc me fala como agente compra um sofá q não dura nem dois anos e a loja não faz nada. Péssima loja e fornecedor",Negativo
"Não gostei do produto. O buraco do coador é muito grande e o café passa muito rápido; mesmo não precisando do coador de papel coloquei para ver se coa melhor, mas não. Também deu problema com o aquecimento, deixo ligado na tomada e ele não mantém o café aquecido.",Negativo
ENTREGA ANTES DA DATA PREVISTA É BONITO PORÉM PESADO E COM POUCA MEMÓRIA.,Neutro
"Bonito e com cores alegres, agrada crianças que não sejam muito exigentes.",Neutro
Fácil de instalar. Bom acabamento. Som limpo e sem ruido. Longo alcance. Vale cada centavo.,Positivo
Produto de boa qualidade recomendo chegou no prazo certo,Neutro
Produto veio estragado. Devolvi e até hoje nao recebi a restituição,Negativo
"Acho que embaixo do escorredor deveria haver furos para saída da água, mais não tem",Negativo
"O produto em si é  excelente para modelar o cabelo, e de fato faz cachos que permanecem por mais de um dia, porém importante considersr que é bem pequeno não muito adequado para cabelos longos, mas a proposta dele é ser pequeno mesmo para poder levar facilmente em varios lugares, porém o cabo (fio) é muito grande pra quem quer levar em uma bolsa, e esse foi o ponto negativo. Sendo assim para qudm tem cabelos longos é melhor comprar o tamanho normal.",Neutro
A previsão inicial era para a mercadoria chegar no dia 20/04 e hoje (03/05) ainda não chegou.,Negativo
"O celular é lindo , mas fiquei insatisfeita porque a fonte do carregador já queimou, isso nunca aconteceu comigo, sempre usei iPhone e nunca precisei comprar fonte de carregador. Não gostei!",Neutro
Crime de pirataria no site e simplesmente ignoram meus chamados.. bizonha a apresentação do produto.. com parafusos e pinturas ridículas.. ladrões!! Safados!!,Negativo
"O notbook é auto de data e é incrível como ele facilita nosso acesso, sem falar da aparência.. lindo ... lindo ... lindo !",Positivo
"O produto deve ser bom, mas enquanto as americanas continuarem a mandar pelos correios vão acontecer muitos transtornos. Hoje esta fazendo  35 dias que comprei e ainda não recebi. este é o meu codigo de rastreio. PP075161001BR",Neutro
Amei o mobile !! Super recomendo!! Ótimo produto!!,Positivo
Este produto não tem o selo de originalidade nem a especificação de onde vem . Deveria ser relatado na discriminação do produto.,Negativo
O ventilador e muito bom. Já tinha 2 . Ocorre que dessa vez comprei com controle remoto e foi péssimo pq o controle não é bom e a luz do quarto tem que ser acesa no controle e não no interruptor. Me arrependi de ter comprado esse modelo. Mas o ventilador é muito bom.,Neutro
"Não comprarei mais nenhum produto com as Americanas, pois estou para receber essa desde novembro de 2017.",Negativo
"Produto excelente, atende as expectativas e ao propósito pelo qual foi adquirido.",Positivo
"Excelente qualidade de imagem e som. Peca por não ter nenhuma saída de som para liga-la a um receiver/home theater. Não é smart, por tanto, não tem conexão nativa ao Netflix. Algo que não atentei durante a compra. A base é frágil, poderia ter um capricho maior neste item.",Neutro
"gostei muito do produto, chegou antes do prazo recomendo a todos",Positivo
Uma verdadeira  porcaria  material frágil quem compra  vai  ser arepeder   não é  nada isso que  está na foto,Negativo
Chegou antes do prazo e o produto é muito bom pelo preço,Neutro
Uma  loja que não honra com seus compromissos porem comprei esse radio dia 28/11/17 porem foi marcado a entrega p 15 de dezembro não cumprindo e logo marcando p dia 27 de dezembro que também não entregou e hj e dia 4 de janeiro e ate o momento não houve a entrega e nenhuma explicação e ainda mandaram um link p avaliar um produto que não chegou .,Neutro
Produto pratico!!! gostei bastante!!! Recomendo!!!,Neutro
"o produto é  bom pelo preço,  porém p quem precisa trabalhar em volta de cadeira o fio é  curto!",Neutro
gente não compre não tinha esse óculos em estoque esse único que agora tem é o meu que devolvi tinha comprado e simplesmente quebrou a armação é furada não compre beijos.,Negativo
"comprei este produto no final de fevereiro a previsão era até 23/04 praticamente 2 meses após a compra , em contato com a fábrica fui informada que o produto estava com a transportadora a caminho porém ao entrar em contato com a transportadora pelo histórico fui informada que foi  gerado  ontem o conhecimento para coleta ou seja o produto ainda esta na fábrica .  Empresa que não tem respeito pelo cliente já a  2 parcela que pago e não chega o produto . Estou com minha reforma parada esperando o produto chegar é nada , venceu prazo de entrega é nem nota fiscal foi emitido. Ninguém sabe passar informação correta. Não recomendo  a nao ser que vc queira passar raiva.",Negativo
Produto de má qualidade na hora de ralar solta limalha de alumínio porque o cilindro raspa na caixa do ralador.,Negativo
"GOSTEI MUITO DO CELULAR,  DE FÁCIL MANOSEIO ,TAMANHO IDEAL LEVE E BONITO, GOSTEI.",Neutro
Muito bom prático recomendo a todos perfeito para curtir com a família,Positivo
Produto bom só é um pouco difícil pra fechar tive que aprender no YouTube,Neutro
gostei da casas bahia logop voltarei a fazer outra compra,Neutro
"Produto bem bacana, resistente, porém dependendo da superfície que você que ira prende-lo ele por alguns momentos fica escorregando. Mas do resto eu gostei sim.",Positivo
Faltou as proteções de plástico para um invicta teria que estar top top todo protegido só veio um plástico simples na pulseira,Neutro
Não posso falar sobre o produto pois estou espe5rando há mais de 01 mês. Pegaram o pagamento e não dão explicação. As Americanas estão fazendo parceria com qualquer um. Já foi o tempo que tínhamos segurança ao fazer com pras com esta empresa.,Negativo
Atendeu as expectativas... e tem ótimo custo benefício.,Neutro
"O produto em si é muito bom,cumpre o q promete,esquenta bastante mesmo,só q o produto q veio não é original como colocam no anúncio.pra mim isso é propaganda enganosa.",Neutro
Veio com 2 pés pequenos e a altura final com os pés ficou com 1m 17cm. Foi informado no anúncio  que teria 1m30cm de altura.,Negativo
Atende as minhas necessidades e gostei do tempo de entrega também.,Positivo
"Primeiramente minha decepção é com a Americanas, pois na descrição do produto diz que na embalagem contém: 1 antena, 2 SUPORTES PARA TV, 1 KIT COM 2 PARAFUSOS E 2 BUCHAS DE PAREDE, 1 amplificador externo, 1 fonte, 1 manual, porém os suportes (Que eu mais queria) e o kit de fixação não vieram.  Segundo o alcance da antena é péssimo, não pega nada, só se colocar na janela.",Negativo
"produto bonito, leve e de fácil instalação...de acordo com o valor",Neutro
Muito grande Dificil de configurar Mudou toda a configuração do meu celular e  para piorar não consigo voltar ao normal apesar de ter desinstalado o apliicativo,Negativo
"Gostaria de saber as medidas desse Rack, pois no anuncio não aparece!",Negativo
"Recomendo para crianças de no máximo 3 anos, não recomendo o uso no interior da casa, pois as rodas não tem muita aderência no piso e as vezes derrapa.",Neutro
"Gostei.  Entrega rápida e não Americanas, eficiente.",Neutro
"Me entregaram em 4 dias!  Achei super rápido,  o produto é para a minha mãe e a principio parece suprir as necessidades que esperávamos.",Neutro
Recebi o produto conforme foi  anunciado e dentro do prazo,Positivo
Gostei mais consome muita pilha deveria ser ligado na tomada mais e bom,Neutro
"bom produto, chegou no prazo, recomendo. bom produto, chegou no prazo, recomendo.",Neutro
comprei esse produto na loja avile  eles me entregaram outro inferior sem nenhum contato cmg péssima loja com valor inferior ao q paguei,Negativo
É uma bandeja pequena 10x10... Não me atendeu. O produto chegou bem mas precisa ser descrito nas caracteristicas do produto para se ter a noção que é pequena.,Negativo
"Gostei bastante do produto, o preço estava ótimo  e não tive grandes problemas apesar da demora na entrega, agora o que me deixou triste e revoltada foi o descaso com a embalagem do produto, que  era apenas uma caixa de papelão, está  veio completamente amaçada e  como não tinha qualquer proteção no box ou livros ambos vieram amaçados, sendo que  até rasgado o box veio. Por fim o produto é  muito  bom e de boa qualidade o que falta é um cuidado maior com a embalagem dos livros, pois todos  estão cientes do carinho com o qual os correios tratam as nossas entregas.",Neutro
Excelente produto! Indico a todos que desejam adquirir o mesmo produto.,Positivo
Tem bom acabamento e é pratico. Serviu para o que eu precisava!,Neutro
Pipoca sem óleo. Posso comer a vontade rápido. O milho estoura todos.,Positivo
Rápida entrega como sempre. Não o li ainda porque tenho vários na fila de espera. Mas pelos comentários deve ser muito bom.,Positivo
"Comprei o orbital e mandaram um bem mas inferior, de preço bem abaixo do que foi pago, axtro utilidades parceiro americana",Negativo
"Tudo chegou em perfeitas condições, funciona muito bem. O mouse tem o tamanho padrão. O teclado é menor que o que eu tinha antes, mas rapidamente me acostumei. Economiza espaço e sem os fios aparentes o ambiente parece mais organizado.   Rapidez na entrega e também cuidado.   Recomendo o produto.",Positivo
"O produto NÃO  cumpre o que promete, apenas causa enorme sonolência! Não recomendo o produto.",Negativo
"Se trata de uma interface de altíssima qualidade, bom desempenho ótima receptividade sonora.",Positivo
fiz a compra do produto como faço pra escolher a cor do produto,Neutro
"eu ainda não recebi o meu produto, talvez, só talvez por isso eu não possa opinar.",Negativo
A internet tem que ser boa para não ficar travando. O produto é ótimo. atende as expectativas.,Neutro
"Muito bom o produto,e entrega dentro do prazo, recomendo este produto é fornecedor.",Positivo
O produto é bom e recomendo. É muito útil para a finalidade proposta.,Neutro
"Produto bom, bonito e de ótima qualidade. Chegou bem antes do prazo.",Neutro
"Não esquenta direito, puxa muito o cabelo é horrível",Negativo
Boneca simples mais barata. Não tenho muito a dizer sobre o produto.,Neutro
"Na descrição anterior aparecia com três gavetas, agora só mostram com uma. Além da demora na entrega, produto veio com defeitos, partes quebradas e amassadas.",Negativo
Demoraram para responder e não tinha o produto que compre...,Negativo
"Gostaria de avaliar ,mas não posso pois ainda não recebi.",Negativo
"Smartfone muito Bom, recomendo as americanas entregou rápido",Positivo
É ótimo negócio pra quem sabe recarregar cartuchos... Usem tintas boas pq senão entope o cabeçote! Ah ela só imprime frente e verso se comprar a peça que encaixa atrás dela.,Positivo
"As penas tem um cheiro insuportável, é confortável, porém não compensa. Em menos de 1 mês de uso precisei comprar novos travesseiros.",Negativo
"meu filho gostou muito do livro, recomendo  o livro e as lojas americanas",Positivo
"O teclado parece bom de fato, porém uma das teclas (parenteses) ja veio apresentando defeito. Acredito apenas que não tive sorte, mas o produto parece bom apesar de que so de pensar em  trocar já me dar uma tremenda dor de cabeça! :(",Neutro
"Comprei um quando comecei a lavar as roupas,ele começou a feder a queimado e parava so ligava depois de 5 minutos desligado então pedi pra trocar trocaram e veio pior ainda então devolvi o produto agora o atendimento da dufrio e otimo pelo menos do cetor de garantia nota 10 ele agora o produto um lixo não sei por que ainda não tiraram dos site obg",Negativo
como um produto pesa quase nada que custa 28 reais e o frete custa 32 reais.explique se.,Negativo
"Super silencioso, de alta qualidade e a entrega foi super rápida, chegou bem antes do previsto.",Positivo
"Pelas fotos achei que fosse maior. Ele é bem pequeno, mas a qualidade é boa. Recomendo.",Neutro
Amei de mais é  um smartphone excelente fácil manuseio qualidade acima da média,Positivo
"Coloquei o Militec-1 na minha moto há pouco tempo. Não posso reclamar de nada, mas também não percebi melhora nenhuma. Não dá para saber assim com pouco tempo sobre a eficiência do produto.",Neutro
"Odiei a maleta pra começar.  primeiro veio com a alça solta, eu que tenho que parafusar a alça, segunda a parte de colocar os esmaltes é solta tbm, como os esmaltes cai ficar de pé se qualquer movimento com a maleta a placa que segura os esmaltes sai? Quando fui comprar disseram que entraria em contato comigo pra eu escolher a cor da maleta e isso não aconteceu, veio um coisa horrível de madeira, eu vou ter que pintar essa porcaria? Peço que entre em contato comigo, quero a troca do produto.",Negativo
"mtu frágil , mas pelo preço cumpre o que promete. Chegou mtu bem embalado e antes do prazo previsto. No geral, gostei na compra.",Negativo
"O produto atende somente se a pessoa tiver cabelo longo, no meu caso que é  médio não deu certo.",Positivo
O produto tem ótimo acabamento e serve para muitas televisões.,Positivo
"Decepcionante. O manual informa que os números que ela fornece são de ""referência"" apenas. Traduzindo: veja, mas não confie e não use para nada, pois os números oscilam a cada momento que você faz nova tentativa. É um tremendo faz de conta. Use esse dinheiro para comprar uma balança melhor que entregue apenas o peso (já estará bom). Um dos botões veio com a tinta meio apagada e a parte de cima tem uma mancha na pintura. Se eu fosse comprar numa loja, jamais teria comprado. Me sinto lesada. Promete e não entrega. A qualidade é ruim. Sabe coisa feita na China? É isso que parece. Melhor avaliar melhor antes de comprar. E, talvez, realmente seja melhor comprar numa loja, neste caso, onde você pode manipular o produto e avaliar melhor as condições, o material e o acabamento.",Negativo
Show...............................Legallllllllllllllllllllllllllllllllllllllllll,Neutro
"Otimos filmes,a americanas dessa vez arrasou na entrega!!está de parabéns!!",Positivo
"ele faz ruído e não grava,já mandei 2 emails e não recebi nenhuma explicação,agora seguirei a denunciar e buscar meu reembolso",Negativo
entrega lixo . ja pedi tem mais de um mes e nada. entra em contato nao resolve,Negativo
"Comprei o produto POTE c/ 12 bolas de frescobol - SPEEDO.  As bolas NÃO SÃO da marca SPEEDO, não tem nenhuma marca nelas a não ser a do Inmetro e elas não vieram em um pote, vieram em um saco plástico.",Negativo
Um produto excelente e chegou antes do esperado! Gostei demais,Positivo
"comprei não faz um mês e já estou tendo problema com o aparelho, travando muito nem baixei aplicativos para que isso aconteça se todos aparelhos veem com esse defeito não recomendo a ninguém.",Negativo
Produto veio com isopor todo quebrado. Copo enferrujado. Parte do motor sem um pé. E o pior: Sem nota fiscal. Solicitei devolução. Péssimo atendimento pela loja. Não recomendo.,Negativo
Quais são as medidas da cômoda?  Quem compra um móvel sem medida ?,Negativo
"Produtos bons para os cabelos, bom custo benefício.",Positivo
"Boa performance, boa capacidade, bom custo-benefício.",Neutro
"Só podem estar achando o consumidor com cara de otário,como pode o frete ser muito mais caro do que o produto? Lamentável essa falta de respeito com o.consumidor.. decepção com as americanas!",Negativo
Veio mau embalado. Nem saco plástico tinha.não gostei .desrespeito com o cliente.,Negativo
Esse tipo de TV pode ser colocada na parede e é smart ?,Neutro
"Muito boa mesmo , prático e rápido pra limpa ,eu recomendo esse produto!",Positivo
Gostei produto foi entregue antes do prazo estimado em otimo estado porem tivevemos alguns desentimentos na hora da entrega me passaram o contato da loja que fazia entrega errado e nao consegui entrar em contato pra saber do meu produto....,Negativo
"É útil para quem quer fazer pouca coisa, um quebra-galho para as horas de necessidades.",Neutro
"Para mim que não uso muito a internet, esse produto é otimo",Neutro
"Já comecei a usar o mouse logitech e estou muito satisfeito, eu sempre uso os produtos da logitech e sempre recomendo pra outra pessoas, eles são muitos bons!",Neutro
"Muito bom produto ,sem falar no perfume que ele tem. recomendo a todas as meninas........",Positivo
"gostei do produto. bem feito, tamanho ideal para o meu interesse.",Positivo
"Produto novo  e com defeito,o mesmo fica em  inicialização várias vezes ao dia E a momento que o mesmo inicia a cada 10 segundos fica impossível de assistir Esse produto não é bom , não gostei, é péssimo Verifiquei no site de reclamações e a várias pessoas reclamando desse produto da Philco tv 42polegadas",Negativo
"Bacana os detalhes do produto, só a tampa q não trava corretamente; mais no geral, produto bom.",Neutro
Guarda Roupas com bom espaço interno e muito bonito. Após alguns dias de uso posso afirmar que a qualidade é muito boa.,Positivo
"Produto atende as expectativas, chegou muito rápido e funciona perfeitamente!",Neutro
Tem que medir bem antes de instalar da muito trabalho pois não vem com um molde para medir onde furar!,Neutro
Chegou bem antes do prazo e recomendo a todos. Xxxxxxxxxx Xxxxxxxxx Xxxxxx,Positivo
"Apos um tempo de uso percebi que é um ótimo computador. bem leve, entradas e saídas essenciais, a qualidade da tela impressiona também. No inicio trava muito devido as atualizações do sistema. O ponto ruim é que nao tem teclado retroiluminado e o acabamento dele da um aspecto de barato. Mas valeu pelo custo-beneficio. Um dos melhores do mercado e ainda vem com placa de video dedicada.",Positivo
"Gostei do produto, mas não como a de reconstrução!",Neutro
"GOSTEI, Apesar de o coletor ser muito pequeno tendo que ser lavado todo dia, ele é pratico... gostei",Neutro
"Se considerarmos o custo/benefício apenas atende bem. Se quiser algo mais silencioso e eficiente, vc vai ter que comprar uma máquina um pouco mais cara!",Neutro
Infelizmente não recebi o note e não tenho como avaliar.,Neutro
Muito bom o produto e o prazo de entrega bem antes do prometido. Gostei.,Neutro
"Funcionou somente uma vez, tive que usar a assistência técnica.",Positivo
"Só precisou de uma antena interna, o que facilitou a instalação",Positivo
"IMAGEM RUIM PARA UMA TV 4k, IMPOSSÍVEL AJUSTAR UMA COR COM QUALIDADE.",Negativo
Aparelho não liga. Nenhuma luz de indicação acende.,Negativo
"O produto n chegou em minha residência já vai fazer 30 dias pós compra. Então n pode ser avaliado. No site das americanas já fiz várias reclamações e n surtiu efeito. No último contato de vcs a atendendo informou q estava procurando o produto junto com a transportadora ou seja esta perdido?? varios prazos foram pedido por vcs e n foi cumprido. Eu vou esperar até o dia 20/05 caso n chegar entrarei com uma ação por n entrega e por n devolver o valor pago. Essa foi a mimha primeira compra c vcs Não recomendo pra ninguém pela demora na entrega, pela resposta demorada nas reclamações, por n cumprir com o prazo, por n ter contato c a transportadora. Por prometer um prazo enganoso no anúncio entre vários outros. Não vou nem agradecer  no fim dessa mensagem para vcs entenderem o nível de insatisfação q estou. Há faltou eu informar q fui na filial no cabo de Santo Agostinho Onde o produto esta mas foi negado a entrega mesmo estando esse tempo todo atrasado.",Negativo
"Gostei!!!, porém  a cor é bem diferente da foto, comprei a cor ""concreto"", ela é muito escura.",Neutro
"Achei ele muito bom para coisas simples como YouTube , mas para jogos como durango",Neutro
Pedi exatamente como este da foto. É veio um arredondado e maior um trambolho. Só não devolvo pq o valor não compensa.,Negativo
"Gostei do produto porque as peças são grandes e fácil de montar, indico para crianças em fase de desenvolvimento.",Neutro
Excelente Custo-benefício! Excelente Custo-benefício,Positivo
Produto original tudo de bom eu recomendo a todos a comprar,Positivo
"O armário é  extremamente estreito,muito pequeno,veio partes desiguais enfim  não gostei.",Negativo
"Chegou antes do previsto, e apesar de ser 110v é  econômico, minha conta aumento 40w",Positivo
bonita e confortável chegou mais rapido que o esperado,Neutro
"Primeira vez que compro no site o entrega foi super rápida,a entrega deixou a desejar o entregador super mal educado,a previsão de entrega bera longa simplesmente bele ligou dizendo que não tinha ninguém bem casa e que ia embora. Disse a ele pode ir não ia adivinha que vc ia entregar hoje já que o prazo e extenso,nem vc ia adivinhar que eu não estaria em casa se ele me ligou pra falar desaforo pq não ligou pra dizer q estava a caminho.A loja tem que rever as pessoas que fazem a entrega dos produtos e capacitar is funcionários,pois são abusados.",Neutro
"A minha compra foi ótima , o produto me ofereceu vários benefícios , a entrega foi dentro do prazo combinado, a transportadora foi excelente. Todos estão de parabéns.",Positivo
"Esse produto caiu como uma luva aqui em casa, fazemos reuniões com 15 pessoas e  esse purificador se saiu muito bem, água gelada sempre.",Positivo
A lupa só foca quando esta a cerca de 2 cm do objeto,Negativo
"Pra quem deseja o básicão ele é ótimo, somente três reclamações o idioma português é de Portugal, se você discar o número não tem como salvar, você deverá clicar em nomes e adicionar por lá( única maneira), a configuração da lanterna está em aparecer hora e data... mas de resto tá servindo.",Neutro
Sem dúvida uma excelente escolha Valeu apena.                      Super indico. Entregaram antes do prazo.,Positivo
"Meu filho adorou o teclado, produto de qualidade excelente! Gostaria de deixar aqui minha avaliação referente à Americanas.com, primeira vez que compro nesta loja, confesso que quase desisti quando vi algumas avaliações referente à essa loja, mais resolvi arriscar pelo preço excelente do produto, não me arrependo, atendimento nota 10, entrega super rápida, fiquei cliente, obrigada!",Positivo
"como vou avaliar se não recebi ainda! tudo bem que ainda esta no prazo,mas se continuar assim,acho que não vou receber,esta desde o dia 29 sem atualização.",Negativo
Se o seu celular for grande ele não suporta o peso.,Negativo
gostei muito do produto.so achei que demorou a ser entregue.,Positivo
Ta de parabéns americanas entregaram super rápido gostamos muito ................................,Positivo
Produto entregue nao tem as mesmas cores do anunciado.  Muito diferente. Quase cinza,Negativo
Ótima opção para quem mora sozinho ou que não tenha filhos. Ela é pequen mas muito LiNdA gela bem. Fácil para organizar e para limpa,Neutro
"Executa o que diz parcialmente, mas não tão perfeito, ficam pelos menores.",Neutro
"faz mais de 1 mês que aguardo o produto... Não tenho nada a dizer, só que não recomendo essa empresa, pois extraviaram meu produto!",Negativo
"Muito boa para preparar café, chá e tudo que precisa de água quente rapidinho...",Positivo
Os gráficos são melhores do que o play 4 prefiro o Xbox one o play 4 estão era bom se todos os jogos do Xbox one fosse mais barato falte baixe os preço só este jogo de está barato.,Positivo
A boneca e linda e de boa qualidade. Minha filha amou!,Positivo
Muito eficaz e veio sem nenhum defeito. Eu indico esse produto e a rapidez do envio. Estou muito satisfeita.,Positivo
"Bom, sobre o smartphone não tenho o que falar, pois ainda não o recebi! Estava com data prevista pra entrega até o dia 04/05 hoje já é dia 10. Ninguém liga, ninguém manda um e-mail sequer pra falar sobre o fato. Acho isso uma falta de respeito com o consumidor, se não pode entregar no prazo estimado pra que dar esse prazo então? Esperei até hoje e não tive nem respostas dos e-mails que mandei. Estou agora mesmo fazendo o cancelamento da compra e espero não ter nenhuma burocracia. OLHEM BEM ANTES DE COMPRAR. Não tive uma compra recomendável.",Negativo
qualidade e entrega rapida. recomendo pela qualidade e diversas funções.,Neutro
A entrega q foi péssima paguei frete rápido fala q é de 03 há 04 dias demorou 07 dias.Directlog péssima entrega.,Positivo
"O produto no geral é bom, os pés deixou a desejar, no encaixar já quebrou.",Neutro
"O produto atendeu minhas expectativas, muito bem embalado e prazo curto.",Neutro
Meu produto está atrasada tem 2 semanas. Ligo e não me atendem. Não respondem os e-mails. Horrível!!!!!,Negativo
"Solta bastante pelos! Mas gostei do tamanho, é bem maior do que eu pensava.",Neutro
"Falta mais detalhes da parte interna deste guarda-roupa no anúncio. O que dificulta a compra, pois me sinto insegura quanto as divisões do próprio!!!",Neutro
Produto bom com uma fixação baixa mas é cheiroso. Lembra muito o lá viés bele! Eu goste!,Neutro
"Pra mim foi uma ótima compra, site seguro , para os valores do brasil preço acessível. e um site muito bom. edinete",Positivo
"Gostaria de adquirir esse boneco pro meu filho, mais quero saber se Esse boneco é o de 30cm?",Neutro
O melhor dicionário que já comprei. Gostei muito do produto.,Positivo
Um notebook ideal para o dia a dia. Recursos básicos. Perfeito para Trabalho.,Neutro
"A entrega foi rápida , porém o produto  não é conforme  a imagem,  o refletor ilumina semelhante a uma lâmpada de led de 20 watts...",Negativo
Deu defeito no primeiro dia e até hj não foi trocado quase dois meses esperando,Negativo
"Me surpreendi! Receitas fáceis, acessíveis e rápidas no preparo! Para leigos.  Site foi confiável no prazo de entrega! Estou satisfeita com o produto que compramos e com o servido do site.",Positivo
gostei do produto..............................................................................................................................,Positivo
"Gostei muito do ukulele, foi entregue bem rápido, e ele é bem fofinho. Pessoal da obradec foi super atencioso, gostei e recomendo!",Positivo
"Adorei o produto, o aparelho da Motorola é muito bom!",Positivo
"Equipamento bom, rápido e bem leve para transportar. Porém comprei o Office 365 que terei que obter outro daqui há um ano. A Samsung poderia buscar uma forma para que seus clientes obtenha atualização do office sem ter que pagar novamente.",Positivo
"Demora pra carregar. As caixas de som da tv fica por baixo e não nas laterais. Tentei regular o som de diversas maneiras  sem achar uma qualidade adequada para o ambiente. A entrada dos cabos, usb, hdmi são por baixo também, dificultando o acesso depois da tv instalada no painel de um haker.",Neutro
"Gostei muito do produto, ainda mais do preço que paguei.  O lado ruim é que a câmera não é tão boa. É bem mais ou menos.",Neutro
A entrega foi rápida mas o jogo não gostei não adaptei ao modo,Negativo
"Produto de ótima qualidade, atendeu demais minha necessidade.",Positivo
Comprei e sofreu uma queda de 30 cm de altura... quebrou a tela por dentro sem ao menos trincar a película de vidro ou danificar a capa de proteção...,Negativo
"Amei o produto, exelente qualidade  super recomendo.",Positivo
"Eu comprei dois celular,sendo que um veio com defeito, ele não está carregando e está aparecendo que o dispositivo está super aquecido, sendo que ele só tem 9 dias de uso e o outro veio bom.",Negativo
Acho que seria melhor se vcs colocassem a venda junto com o frete que coubessem em nosso bolso seria mais pratico e com desconto.,Negativo
PRODUTO VEIO COM UMA RACHADURA E RODINHA QUEBRADA.,Negativo
"Comprei um através da propria Mirage achando que viria um produto novo em folha,porém a caixa veio muito mal embalada sem nenhuma proteção,o lacre da caixa veio aberto, Tela cheio de arranhões grosseiros,tela arranhada,carcaça arranhada,parecia que uma criança pegou e esfregou o aparelho no chão,a primeira coisa que se espera ao comprar um produto é que ele venha novo e sem nenhuma avaria,espero receber meu estorno brevemente.",Negativo
Ainda não recebi o teclado. Estou aguardando a entrega pelo parceiro que informou que ainda está no prazo de entrega portanto não posso opinar,Negativo
"Tentei trocar o pruduto mais a loja não está dando assistência necessária , péssimo atendimento",Negativo
"Boa tarde. Estou insatisfeita com o aparelho, o mesmo está apresentando problemas na câmera frontal, na verdade a câmera está travada e não há o que fazer.  Quero trocar o produto.",Negativo
"A Nescafé fez uma promoção de Natal onde na compra de uma cafeteria mini o cliente levaria R$150,00 em cápsulas só que poderia se cadastrar na promoção até o dia 31/12/2017 só que a entrega demora e eu acabei perdendo a promoção, as Americanas deveria buscar junto a Nescafé aceitar o cadastro pela compra do produto dentro do mês e não pela data de cadastro, por isso estou devolvendo minha cafeteira, propaganda enganosa",Negativo
"A força do giro da escova e fraca ela trava e meu cabelo é liso, achei fraco.",Negativo
"Versão completa de um jogo excelente. Se tem interesse em estratégia, vale a pena comprar.",Positivo
"Não posso dizer que gostei pois o produto veio quebrado, entrei em contato com a loja melhor para você, ha quase um mês, e até agora não fizeram a devolução do meu credito e nem vieram buscar o produto.Uma total falta de respeito como consumidor, nessa loja eu não compro mais nada.",Negativo
muito boa e entrega rápida gostei muito do produto,Positivo
"Não recebi ainda o produto ""lâmpadas"" que estava tambem neste pedido. Acredito que deva ser de parceiro das Americanas. Por favor verifiquem pois já passou do prazo  de entrega. Obrigado Darci Poli",Neutro
"Gostei muito do produto! Chegou tudo direito, obrigado a loja por ter enviado tudo certinho!",Positivo
"Instalei três unidades do produto há poucos dias e ainda não sei o impacto no consumo de eletricidade, mas os aparelhos sáo muito bons.",Positivo
A Tramontina é referência em utensílios de cozinha e não parece fazer diferente na linha solar. Achei as panelas leves comparada ao mesmo modelo antigo.,Positivo
A película não é do modelo que eu solicitei. Não cabe no meu celular,Negativo
"Imaginei que fosse maior, mas eu gostei do designer moderno.",Neutro
O PRODUTO VEIO EM PERFEITO ESTADO E FOI ENTREGUE ANTES DO  PRAZO PREVISTO.,Positivo
"Fiz a compra dia 14/02/18 da máscara kerastase chroma riche pela americanas.com e empresa click mais beleza, mas recebi a máscara kerastase chromatique. Só percebi quando abri o produto e vi que a máscara era rosa. Elas são diferentes apesar da embalagem igual. A máscara chroma riche é Branca e deixava o meu cabelo muito macio e com as mechas lindas e vivas. Dava uma iluminada no meu cabelo, mas com o chromatique não tive essa mesma experiência boa. Não é ruim, mas não é maravilhosa como a chroma riche. Infelizmente já tinha aberto e por isso não procurei trocar. Agora tenho que conferir tudo. Não dá pra confiar.",Negativo
Faltou ter manual em português e não vem com o cabo para ligar no computador tem que comprar separado. Quanto ao desempenho bom se for para uso em casa .,Neutro
"Gostei, mas é bem barulhento, faz bastante barulho, mas meu filho amou, espremer as laranjas dele, pro suco.",Neutro
"Lindo pendente, ainda não instalei, mais vai ficar lindo na minha cozinha",Positivo
tudo OK................................................................................................................................................................................................................................................................................................................................................................................................................................................,Positivo
"bom produto, é pena que o guia dele não explique bem como tirar a pilha para manter o produto.",Neutro
comprei a caixa de som mas meu computador (placa mãe p5vd2mx) n reconheceu a caixa de som,Neutro
"Gostei, mas não substitui um projetor convencional devido as limitações quanto a luminescência... é bom para ambiente com ou nenhuma luz... a vantagem maior é a conexão via wifi, que substitui muitos cabos e é extremamente prático. No geral serve ao meus propósitos.",Neutro
"As peças vieram todas trocadas, as gavetas eram de montagem apenas de um lado e o manual de montagem errado. Além disso o produto já apresentava arranhões e marcas de batidas.",Negativo
Não recebi até o momento e não sei se vou recebê-lo!,Negativo
Se fica muito tempo usando começa a doer o ouvido e é muito fraco o som. Estando em um local barulhento não se ouve.,Negativo
"O produto chegou antes do prazo, em boas condições e durante o periodo que usei no mês, já pude ter resultados com a economia de luz.",Neutro
"O produto parece ser um pouco frágil,  provavelmente não durará muito, mas com certeza atenderá a necessidade principal  desejada.",Neutro
"Tenho o telefone a quase um mês, o telefone e sensacional. câmera perfeita, rápido, telefone e bonito de mais sem comparação a outros que tive.",Positivo
"não sei porque me pedirão para avaliar, pois ainda não recebi o produto apesar de já estar muito atrasado estou tomando as providências cabíveis",Negativo
"Lego super legal, veio para colorir minha coleção. Possui peças pequenas então não indico para crianças muitos pequenas.",Positivo
dou nota 10/10 :)  pra mim esse remédio me deu mais pique na corrida,Positivo
"Quero comprar, mas antes quero saber sobre o consumo de energia e se tem que carregar com frequência.",Neutro
Resolveu o problema de falta de bateria.  Top de mais,Positivo
Ótimo preço custo beneficio. Compraria novamente e o farei. Começando coleção.,Positivo
O Selin da bicicleta deveria vir mais confortável tive que comprar outro Selin ! Depois de ter uma bike nova! Não achei justo isso!,Neutro
Gostaria de ver o preço. pois pois o produto não mostra o valor a qual o consumidor precisa saber antes de continuar.,Neutro
O celular tem mesmo a esperada autonomia.  Boa dinâmica de tela. Apenas sua câmera é apenas sofrível. Recomendo.,Neutro
"Está atendendo minhas expectativas, produto moderno com  todas as ferramentas de um excelente celular de última geração...parabéns.",Positivo
Não informa para que carro serve ano e modelo  comprar no escuro fica difícil,Negativo
Recebi minha Tv e quando abri a caixa estava com a tela toda quebrada!! Estou com muita dificuldade para fazer a reclamação e solicitar a troca do produto ! De que é a responsabilidade? Da Americanas ou da transportadora???,Neutro
"A panela é boa. Não é ótima, pq a tampa é dura ao abrir e fechar. Pode ser que conforme vá usando melhore. Mas recomendo, ela é segura e bonita.",Neutro
Ainda não usei... Mas me parece bom. Tem boa apresentação.,Neutro
"Tamanho ótimo, atende as minhas necessidades! Entrega feita em tempo, mas entregou a minha vizinha e não pediu identificação!",Positivo
"Extremamente ruim o produto,  não esquenta e consequentemente não alisa o cabelo, péssimo produto.  Muito arrependida. Vou ter que comprar outra.",Negativo
"Pelo valor o produto está a altura, gostei muito da cor e estampa!",Neutro
Gostei muito do produto e a entrega foi suoer rápida!,Positivo
O produto tem apresentado excelente performance nesta fase de  avaliação.,Positivo
Comprei esse produto e uma semana após instalado teve um assalto no estabelecimento (B.O feito) e a qualidade das imagens não deu pra identificar ninguém.. infra-vermelho péssimo!! Só deu pra ver nitidamente nas outras câmeras que comprei separadamente. O técnicos que instalaram avaliaram a qualidade das imagens de baixíssimo nível. E eu mesmo pude observar na comparação com outras câmeras que instalei. Terei que substituir todas essas 4 por outras... mais custos!! Esperava muito desse produto e me senti enganado...até o aparelho de DVR eu tiver que substituir... basicamente tive que comprar tudo novamente! Compra desastrosa!!,Negativo
Gostei muito já comprei +3 para familiare todos muitos satisfeitos.............,Positivo
Produto muito bom fácil manuseio com quatro velocidade.,Positivo
"Não recomendo o produto a ninguém, pois vaza muito e molha o motor, deixando assim de funcionar, produto horrível .",Negativo
Muito bom. Entrega no prazo. Comprarei novamente no site.,Positivo
"Material é bom mas faltou informações sobre o tamanho no anúncio (31,5 cm X 14 cm). Meu notebook tem teclado numérico e ficou pequeno pra ele",Neutro
"boa qualidade porem veio quebrado as grade. transportadora pessima. chegou ates do prazo. praticamente a grade toda quebrada,",Neutro
"O cantor Dreey-C é uma das novas revelações no universo pop rock brasileiro com projeção internacional e vindo se destacando com o seu supremo carisma e simpatia como cantor e pelas suas composições e melodias românticas e outras contagiantes, o novo starman do momento.Recomendo!",Positivo
Produto não chegou vai fazer 30 dias de atrasso e não recebi meu dinheiro de volta ate o momento estou sem com minha moto parada por falta do escapamento,Negativo
"O rádio é bonito, pequeno e o som é excelente! Entretanto consome pilha demaaais.... Em linhas gerais, recomendo. Mas é bom conscientizar para essa questão do consumo.",Neutro
"Chegou antes da data prevista, bem embalado, vou encomendar +",Positivo
"Em se tratando de qualidade do produto não dá para avaliar como ótimo, valeu a pena a compra pelo valor que foi pago!",Neutro
Estou completamente insatisfeita.  Estou pagando por um produto que ate hoje nao chegou em minha casa. Quero o meu produto!,Negativo
Atendeu as minhas expectativas. Gostei do produto.,Neutro
Chegou antes do prazo. Meu filho adorou. Recomendo a compra pelas Lojas Americanas.,Positivo
Poderia ser de barra macissa para se tornar otimo mas gostei do material das manilhas,Neutro
otimo produto recomendo a todos. otima qualidade. produto novo de acordo com a foto,Positivo
"nunca mais  compro nada da americanas , e não recomendo pra ninguem , entrega pessima , essa tal direct e a pior transportadora do mundo , a pior experiencia que ja tive com compras pela internet",Neutro
Comprei este produto pois não aguentava mais ficar esperando as pilhas carregarem para poder jogar e por sinal até agora ele vem suprindo muito bem as minhas expectativas. =),Positivo
Não entregaram o produto no destino e foi cobrado taxa de entrega.. transtorno,Negativo
"Ótima qualidade o produto, foi entregue antes do prazo, recomendaria concerteza.",Positivo
"minha sobrinha gostou do diário, é bonito porém o comando de voz para senha NÃO funciona ... acho que deveria ser esclarecido nas descrições do produto.",Neutro
serve para qualquer ocasião para festas. no tamanho otimo,Neutro
"Uma entrega surreal de 3 dias no frete mais barato. Além do conteúdo, tinha lido na minha adolescência e agora pude comprar.",Positivo
"Ótimo produto, cumpre o que promete, bom para ralar cenoura e cebolinha, super prático.",Positivo
Taiff excelente qualidade... recomendo o produto é a loja. Entrega show!!!,Neutro
"Minha filha amou , recomendo muito ótimo presente , qualidade no material , muito lindo , explora a imaginação da criança por ter tudo que um bebêzinho precisa",Positivo
Ótima qualidade e chegou antes do esperado. Recomendo,Positivo
"Produto chegou antes da data prevista, mas comprei achando que era azul da Nano Titanium e veio um preto da perfect curl JIE-662. Mas o produto oferece cachos lindos!!",Neutro
"Achei q não compensa pegar uma arara dupla com uma distância tão pequena, acabei usando uma só!",Negativo
"Boa para sua função, o material não é de excelente qualidade. Estou satisfeita com certeza o produto.",Neutro
Comprei a lanterna x900z e mandaram a lanterna x900 pela loja Thata Esportes... Muita sacanagem vc comprar um produto e mandar outro.,Negativo
Não tem as dimensões dessa caixa??? Oque cabe aí dentro???,Negativo
"O produto ate assusta por tantas funções, porem é lento. Inclusive o meu 4 G nem funciona com ele. Decepcionada!",Neutro
"Recomendo, muito para quem precisa trabalhar em pé, super indico.",Positivo
de boa qualidade e entrega muito rapido gostei muito.,Positivo
Até o momento funcionando normalmente. Bom produto.   Atende as minhas necessidades.,Positivo
"funcionou perfeitamente, nao respondi antes por ter colocada a maquina em uso, agora.",Neutro
Adorei o produto e além de que  chegou muito rápido.,Positivo
otimo produto chegou no prazo recomendo. muito bonito,Positivo
"Comprei 4 cadeiras Dkr( 2 brancas e 2 pretas). Chegou na data combinada mas não foi recebida por mim. Infelizmente quando abri , 1 cadeira preta estava completamente arranhada( provavelmente durante o transporte, acredito) . Achei a cadeira muito frágil, já que veio toda protegida com plástico . Nem sei se ainda existe possibilidade de troca já que chegou tem mais de 1 semana.",Negativo
"o celular é um produto bom porem estou com problemas, pois apresentou defeito e estou tentando entrar em contato com a assistencia técnica e não estou conseguindo , vejam isso por favor",Neutro
"Entrega perfeita, antes do esperado.  Tv boa, smart funciona bem. O som é um pouco baixo, mas pelo preço vale comprar. Adorei.",Neutro
"escorrega muito, solta fiapos, na foto não dava para ver que não e antiderrapante",Negativo
Excelente produto! Uma compra realizada com muita satisfação com a qualidade do produto.,Positivo
"Não recomendo compra de produtos da parceria com a loja Americanas...produto com defeito...não consegui, nem sequer, contato com a loja parceira, e a reclamação não pode ser feita diretamente na LA...ou seja, fiquei com o produto com defeito...",Negativo
"o produto é bom, no entanto veio com a cor que não foi a colocada no pedido e que vai anotada acima, o relógio veio na cor rosa.",Neutro
Cumpre o q promete!! Cor linda!! Gostei bastante!! Sem mais o q falar!!,Neutro
"O produto é interessante, mas o Cooler não mantém cerveja gelada",Positivo
"otimo produto e prazo de entrega de surpreender, veio muito rapido  super recomendo. Estao de parabens",Positivo
"É muito bonita, o som alcança o q anuncia e bem prático",Neutro
"Demorou um pouco pra chegar, já havia usado de outra marca, gostei, só achei o material um pouco frágil, mas pra uso doméstico é tranquilo ! Indico !!",Neutro
"Gostei do produto, e a entrega foi bem rápida, antes do prazo, indico.",Neutro
"O pendente é lindo, mas é difícil de montar... Sem falar que, depois de instalado, não ilumina muito bem.",Negativo
"Apresentação do produto muito ruim, abri a caixa e a tampa que protege o led caiu, ao instalar, os leds não acendem.",Negativo
"Desembaraça muito bem meu cabelo que é cacheado e fino. É bem resistente, um ótimo investimento.",Positivo
"Confesso que fiquei com um pouco de medo na hora da entrega, mas chegou no tempo previsto, em perfeito estado de conservação. Recomendo muito. Podem comprar que é garantido! haha :)",Positivo
"Apesar da entrega ter sido dentro do prazo, o produto veio na cor errada, era para ser azul e veio rosa., a fornecedora tem que prestar atenção no produto enviado.",Neutro
"Produto bom pelo preço , porem  poderia ser melhor a qualidade do som do telefone.",Neutro
O produto vem em sua caixa com a imagem do Netflix e não acessa de jeito nenhum. Totalmente insatisfeita com o produto.,Negativo
"Bom otimo acabamento, muito estiloso , gostei muito do produto",Positivo
total descaso. as capas vieram trocadas. não veio a capa do voltante. não veio abertura para encaixe do encosto de cabeça.  depois de mais de 30 dias de ligações e falta de retorno me mandaram aguardar a ligação da atendente com o numero para devolver o produto para só então me mandarem um novo produto correto.  vamos aguardar que me liguem... e depois aguardar que me retornem o produto correto.  total desrespeito.,Negativo
"Produto ótimo! Recomendo o produto sim, mas não a loja!  Não mandaram manual nem a flanela que acompanha a embalagem, no lugara mandaram um spinner  para me agradar algo que não tenho interesse.",Negativo
Não é da Bandai eu comprei e falo não caia nessa tô muito chateado não recomendo,Negativo
Luz interna...no freezer que não tem...e no congelador tem ...mas a cor poderia ser amarela e não o que tem atualmente..mas ela dá de 10 a 0 na Brastemp...devolvi a Brastemp por espaço e iluminação na porta horrível...não recomendo para ninguém.. mas a Eletrolux maravilhosa parabéns.   Tânia,Positivo
"PRODUTO DE EXELENTE QUALIDADE , ATENDE AS EXPECTATIVAS DE QUALQUER CONSUMIDOR NA MINHA OPNIÃO.",Positivo
.Gostei muito do produto.Excelente custo/benefício.Atende as minhas necessidades.Entrega antes do prazo previsto.,Positivo
O produto eh de qualidade mas a demora na entrega me decepcionou não compro mais na americana pelo  site pôr isso dei uma estrela.,Neutro
"Produto muito bom, designer super moderno, leve, atende minhas necessidades.",Positivo
Recebi a bicicleta hoje e quando levei para montagem a coroa estava empenada e o câmbio da coroa empenado nem usei e já tem peças para trocar. Me arrependi muito.,Negativo
"Não recebi meu produto, já tem 15 dias de atraso, e não recebo nenhum suporte. Quero cancelar meu pedido e quero meu dinheiro de volta.",Negativo
"Aparelho muito bom... Único problema é que quando chega em um nivel baixo de bateria, ele começa a travar..! Fora isso, ta tudo ok..",Neutro
"Excelente imagem, configuração simples, fácil acesso a todas as funções.",Positivo
Não recomendo pois até hoje não recebi. Mais de um mês de atraso e a Americanas nada faz. Despreza o consumidor.,Negativo
A loja cancelou meu produto quase no dia de entregar. E até hoje não estornou o crédito no cartão e nem me disse pq do cancelamento.,Negativo
"Produto não conecta, nenhuma entrada segura a conexão",Negativo
"Comprei um produto desse nas AMERICANAS já ta com quase dois meses de atraso na entrega e ninguém resolve o problema fica um jogo de empurra empurra entre a loja e a transportadora (DIRECTLOG) e o aparelho que é bom não chega, um descaso total por parte das AMERICANAS e da transportadora, lamentável a falta de respeito com o cliente.",Negativo
O produto é exatamente como descrito no anúncio. Recomendo a loja e o produto.,Neutro
"Produto bom para o custo benefício, chegou no prazo.",Neutro
O jogo é bonito e a loja pr moveis entrego muito rapido...recomendo,Neutro
Produto excelente.. recomendo a compra sem medo.. Foi entregue muito rápido. . Mais rápido que sedeX muito bom mesmo,Positivo
"Não gostei da resoluçao das cameras, a imagem não fica nitida.",Negativo
"Um produto de ótimo custo beneficio.Bem então vão pro inferno,agora tá certo.",Neutro
"A cola da dupla face não gruda, a fonte veio com defeito mas eu tinha uma aqui e deu certo, de resto tem boa iluminação é boa pra botar em sancas, caixa bob que será meu caso",Negativo
Não posso avaliar porque até momento não recebi o produto.,Negativo
Nao recomendo pois meu filho de mais de 3 anos usou e passou mal horas depois de roer unha,Negativo
"Uso o café café há anos. Seu perfume é sútil, porém inesquecível. Tem custo benefício é uma ótima fixação. Simplesmente amo. acho que é mais um perfume pra noite.",Positivo
"Cumpre tudo que promete, gostei muito e recomendo, entrega rápida...",Positivo
"Produto esta em desacordo com o modelo do A5 2017, e até o presente momento não consegui fazer a troca não indico pra ninguém nota 0, os telefones do tele atendimento é pessimo não tem opção de troca ou falar com um atendente,  Não retorna a ligação muito ruim precisa melhorar",Negativo
O produto é bom. Sua única dificuldade é no manuseio sem um manual completo de instruções e instalação.,Neutro
"Notebook sensacional, ótimo custo benefício.............................",Positivo
"Ótimo acabamento, detalhes perfeitos, veio certinho adorei!!!",Positivo
Comprei o produto pensando ser uma coisa mais não era. pela avaliação de outros clientes levei em consideração que o produto Vendido empresa BRNfoods é enganoso propaganda enganosa é crime tá só  pra avisar. Americanas.com vcs são uma empresa fd no ramo de vendas pela internet não sujem a empresa com essas porcarias,Negativo
"Comprei o prato de silicone e não recebi. Ao invés do prato, eu recebi um produto para exercitar.",Negativo
"O fio da câmera é um pouco curto e fica numa posição que limita o direcionamento, mas a qualidade é boa.",Neutro
"Como se não bastasse o atraso de mais de dez dias na entrega, recebi o produto lacrado, porém com uma das laterais quebrada. É inadmissível que não protegeram uma mercadoria de plástico com papelão ou plástico bolha. Muito descaso.",Neutro
"Infelizmente não houve compromisso no teste do produto antes do envio (creio), pois estou trafegando com meu conjunto de farol de neblina com duas cores, uma é roxa (deve ser 12000k e não 4300k). Como podemos resolver isso?",Negativo
"voltaria a comprar de novo,ate o momento nao apareceu nenhum defeito",Neutro
"Apenas para registrar, eu comprei no site da Americanas, o modelo XAB e veio o modelo XAZ.",Neutro
"A balança é bem útil pra cozinha, porém só o frete fica mais caro que a balança!  Cambada de sem vergonhas exploradores!",Neutro
Bom gostei ele.se encaixa as minhas necessidades no momento.,Neutro
Sorte que comprei em um site seguro. Devolvi o produto é fui ressarcido o valor pago. Americana me garantiu a devolução .,Negativo
Produto era pra ser entregue até dia 23 e foi entregue dia 28. Lamentável.,Positivo
"Cabe muita coisa, dá pra instalar muitos aplicativos e muito bonito.",Positivo
"O conversor foi comprado para ser usado na TV de tubo do meu pai. Ele já tinha instalada uma antena UHF digital externa. Tanto a instalação, quanto a configuração é simples e rápida.  Não sei vai interessar para alguém, mas a fonte de alimentação é interna, ou seja, não possui o adaptador / fonte externa. Funciona em tomadas 110V e 220V, sem a necessidade de mudar a chave, sendo um aparelho de fonte de chaveamento automático. O conversor atende, tranquilamente, as expectativas. Ótima qualidade de som e imagem. A entrega foi realizada em um dia e meio, após confirmação do pagamento.",Positivo
Recomendo esse produto.  Excelente! Bonito e tem todas as funções que necessitavá,Positivo
"In love com meu fogão! Muito lindo e funcional. Os dois fornos são maravilhosos!  Mesa fácil de limpar, é só usar sapólio radium com uma esponja macia, a azul de preferência, e passar o perfex úmido e ele fica limpinho, brilhando. Aconselho usar panelas que tenham ranhuras embaixo para não deslizar nas grades do fogão. Recomendo!!!",Positivo
"ja tinha, comprei igual mais um, muito bom, recomendo",Positivo
Gostei muito do produto e a entrega excelente gosto muito de comprar na americana por que eles entregá antes do prazo ta de parabéns a entrega.,Neutro
"O produto é bom, mas algumas funções indicadas no manual não funcionam propriamente.",Neutro
Ele não funciona como GPS já coloquei vários chips de diversas operadoras e não funciona. Pena que passou o período de troca/devolução. Estou mega insatisfeita e não recomendo.,Negativo
A qualidade do produto é muito boa pelo valor! A montagem é super fácil e chegou antes do prazo estipulado.,Positivo
Fiquei satisfeita com o produto comparado ao preço pago.,Neutro
"Não ha como avaliar o produto, pois ainda não recebi, e pouco obtive respostas sobre o paradeiro do mesmo.",Negativo
"Na primeira vez de uso, o produto já quebrou.............................................................",Negativo
Produto muito bom gela bem ... tô satisfeito entrega antes do prazo tudo perfeito. ..,Positivo
"Produto de qualidade, chegou antes do prazo é devido a isso eu recomendo a todos!",Positivo
"Gostaria de agradecer as pessoas super atenciosas da Mastertronic, entenderam minha situação, tenho uma viagem marcada e precisava do kit com urgência e a camera chegou muito antes que o esperado, peço ate desculpas pelas mil ligações, pois como não conhecia a empresa, fiquei um pouco desconfiada, mas me atenderam muito bem todas as vezes que liguei e tiraram todas as minhas dúvidas. Obrigada!",Positivo
"Gostei do produto e a entrega foi mais rápida do que o previsto, mesmo no período de natal",Positivo
"Gostei do pedido e prazo de entrega. Celular muito bom para o preço pago, ótima promoção",Positivo
Mal usamos e já quebrou. Entrei em contato com as Americanas há mais de uma semana para a troca e até agora esperamos.,Negativo
"O produto é bom a entrega demorou, foi feita no limite do prazo, mas sei que o problema foi do correio. Sei que a empresa é confiável, e isso é muito importante para os clientes. Parabens!",Neutro
Estarei utilizando e somente posteriormente terei condições de avaliar melhor a funcionalidade do produto.,Neutro
Bom aparelho. Entrega o que promete. --- --- --- ---  --- --- --- --- --- --- --- ---,Neutro
"Não recebi o produto ainda, devido ao feriado da passagem de ano, o produto não chegou ainda em minhas mãos.",Neutro
"O aparelho é muito bom, resistente, eficaz! Além de ser muito divertido de fazer!",Positivo
E ALGUM TIPO DE BRINCADEIRA. ATRASAR A ENTREGA E ME PEDIR PRA AVALIAR ALGO Q NÃO RECEBI!,Negativo
O produto veio com defeito e a paizão store não esta querendo me devolver o dinheiro. muito chateado.,Negativo
"Produto bom,  leve, rápido,  porém após atualização o meu microfone deu falha e ñ consigo reconfigurar",Neutro
"Eu comprei o produto achando que estava levando um Dimple 15 anos, mas, na verdade, recebi o Golden Selection, que não possui 15 anos!  Este anúncio tem fotos da garrafa do Dimple 15 anos e da do Golden Selection. Como neste site tem outro anúncio do Dimple Golden Selection, com fotos apenas da garrafa do Golden Selection, com preço distinto deste anúncio e sem mencionar ser de 15 anos (apenas Dimple Golden Selection), presumi que, ao comprar este whisky aqui, receberia uma garrafa de 15 anos, o que não aconteceu.  Portanto, a análise que faço não é do produto em si, mas do anúncio, que coloca em erro o consumidor, sem saber o que está realmente comprando.",Negativo
Oferece tudo que um smartphone precisa. Muito além do básico com um preço acessível.,Positivo
"O produto além de ser bonito,é silencioso. Meus gatos agora bebem mais água,super recomendo.Chegou bem antes do prazo.Adorei.",Positivo
"Comprei o aparelho de celular, pensando que fosse dual chip. Mas para o uso dos dois tem que optar pelo sim dois ou  cartão de memória. Minha única reclamação é essa. Obrigada",Neutro
Controle com menos de 3 meses de uso . apresenta defeito no direcional do lado esquerdo ficando disparado .,Negativo
"Gostei muito do k10 e super recomendo:)uma memória legal,poderia ser melhor mas não deixa de ser um aparelho ótimo.",Positivo
"A cortina poderia ter tecido duplo, um forro de voil.",Neutro
"Veio com parafusos faltando, o msnual de montagem é muito superficial, fala da numeração das peças, mas nenhuma peça está numetada.",Negativo
O designer é Bom Mais funcionalidade não muito o copo que via não da vazão.,Neutro
Teclado Ótimo do jeito que eu queria  Entrega feita rápida,Positivo
"Equipamento frágil e mal acabado, controle remoto péssimo que ao escolher una função ele executa outra, muito chiado ao ligar.  Péssima qualidade",Negativo
"O produto não  corta bem, as laminas não são afiadas e   veio ate peca enferrujadas.",Negativo
"Atende minhas necessidade nas dimensões, é robusta, tem gavetas profundas e seu jogo de corrediças telescópicas agrada muito, pois abre totalmente a gaveta e com trava de abertura. Realmente gostei muito.",Positivo
"Já testei o aparelho com várias pilhas, mas não funciona. Gostaria de solicitar o estorno do valor correspondente ao pagamento ou o envio de outro aparelho em condições funcionais. Obrigada.",Negativo
Gostei do produto e funcionou conforme o desejado.,Neutro
"ótimo produto, entrega antes do previsto, sempre compro por aqui e vou continuar comprando com vcs......",Positivo
O melhor termogênico do mundo! O produto é original!,Positivo
Produto bom. Preço bastante razoável. Tive um probleminha com a entrega mas foi resolvido rapidamente. Recomendo.,Neutro
"Comprei este aparelho no dia 16/02 e recebi no dia 28/02 e a previsão de entrega seria para 12/03 para pernambuco. gostei da entrega rápida! Americanas até o momento está de parabéns, e não tive nenhum problema com esta transportadora, como disse até o exato momento. O aparelho estou amando, super rápido, design lindíssimo!!! a Samsung também está de parabéns! câmera nem se fala; ótima qualidade, enfim vale a pena o investimento!",Positivo
"Tamanho bem confortável pra ate 3 pessoas, atendeu super bem as minhas necessidades, ótimo custo benefício, recomendo.",Positivo
Não sei como descrever o produto porque nem recebi o produto ainda.,Positivo
"Estava precisando de uma lavadora de 15 kg, a minha era de 7 kg. Estou satisfeita com a aquisição, espero que me atenda por muitos anos e dure bastante como a anterior.",Positivo
https://www.youtube.com/watch?v=Y5mBp_rcdIQ&t=85s   link do unboxing e review   canal: king lords,Positivo
"O celular é bom exceto as funções de foto, que é a maior propaganda do mesmo. Logo, não corresponde as expectativas... Em breve comprarei outro, mesmo que preço superior....",Neutro
Muito fácil de comprar e entregue antes da data estipulada.,Positivo
Pelo valor que estão vendendo.. No mínimo esse copo transforma água em vinho!!!,Positivo
"Com exatos 8 dias de uso, o produto veio a apresentar problema, onde apareceu uma mensagem informando ""bateria inválida"" e logo em seguida o celular desligava, o que impossibilita o seu uso.",Negativo
"O frete da americanas está muito caro . A pesso compra um aparelho de mais de 1.000,00 e paga um frete carissimo não compensa",Negativo
"péssimo o sistema de entrega, até hoje não recebi o produto.. fiz a compra em abril, paguei à vista 1700$ e até hoje nada de receber o produto. lógico que vocês irão falar que foi a greve, sendo que fiz a compra 1 mês antes da greve",Negativo
"O celular é muito bom, atende as minhas necessidades. É completo.",Positivo
Já comprei há mais de um mês e até agora  não recebi. Como faço para cancelar? Quero a restituição do valor pago!!,Negativo
"A compra foi cancelada, conheço o produto e é muito bom. Principalmente pela marca e preço.",Neutro
"É um bom produto, tive problemas com a transportadora, mas no fim veio tudo certo... quanto ao produto, é um produto bom, mas frágil, dei uma batinha com ele no portão e o vidro da tela já quebrou. Kkkk",Neutro
Produto não vem com cabo de instalação. Não comprem. Precisava de uma impressora urgente. Meu problema foi não ver as avaliações e confiar na marca que é a HP. Produto não instala. Só decepção.,Negativo
Aparelho é rapidinho tem otimo desempenho.!; grande capacidade em armazenar,Neutro
"Ótimo produto, a bacia pareceu pequena, porém faz 2 receitas tranquilamente!",Positivo
Como vou avaliar uma coisa se não chegou  Amanhã faz um mês que comprei os pés do armário e até agora nada.,Negativo
"Superou minhas expectativas.  Fácil compreensão, simples de consultar.",Positivo
"Produto excelente!!O cabo se move com facilidade,super leve na hora de torcer e fica sequinho sem sofrimento!!",Positivo
Veio com a tela quebrada no quadrante superior direito,Negativo
"Produto muito bonito e bem dividido, é espaçoso e lindo, chegou tudo certinho, tiveram todo o cuidado com o espelho, eu amei",Positivo
Achei muito boa quero muito experimentar ela é linda  Vou experimentar pra depois minha irmãzinha compra beijos,Positivo
"Ótimo produto, recomendo , ótimo material, adoramos, perfeito.",Positivo
Até a presente data as encomendas não foram entregues!!!,Negativo
Só não classifico como excelente pela ausencia de som no equipamento.,Positivo
"Péssimo, pois fiz o pedido da numeração 34 que consta no carrinho de compras , porém, veio a numeração 36. E além de pedir para efetuarem a troca, fizeram errado. Depois pedi novamente o mesmo produto de numero 34 e, novamente veio errado, veio o 36 quem nem consta no carrinho de compras, o único que consta é o numero 34. Não entendo por quê esse mal atendimento com o cliente, pois errar uma vez tudo bem, agora duas vezes é falta de respeito e imprudência!",Negativo
Ótimo custo benefício  e entrega antes do prazo. Recomendo!!!!,Neutro
"O secador é muito bom, bem forte  seca o cabelo bem rápido.",Positivo
Muito pesado para utilizar em casa. Difícil manuseio para montagem. De resto cumpre com aquilo que promete.,Neutro
"Embora seja de baixo valor, apresenta qualidade muito baixa. peças que quase não da pra identificar. no meu jogo ainda veio peças faltando.",Negativo
Relógio mais bonito que o apresentado na foto. Entrega super rápida: 03 dias. Muito satisfeito.,Positivo
"A entrega do produto foi rápido, mais o produto não funcionava e fiz o cancelamento, no mesmo dia, muita demora para receber uma resposta, já enviei o produto pelo correio e não tive uma resposta até agora.",Negativo
"Muito bom o produto, pena não ter encontrado na cor branca.",Positivo
Bonito produto e  boa qualidade..Chegou no prazo em perfeitas condições,Neutro
Eu ainda estou testando o  produto por este motivo e- só o que posso dizer.,Neutro
Aparelho trava é cheio de aplicativos pré instalados ... Sem palavras esperava mais ... Além da entrega confusa ... Não condiz com o que eu estou acostumado pela americanas ... Se Pudesse trocava ... Não atendeu minhas necessidades! Frustrado,Negativo
"o produto veio super rapido,esta funcionando direitinho,mas ele veio eves de preto ele veio dourado,mas alem disso tudo otimo obg",Positivo
"Tive problemas com a entrega, fiz a compra de 2 produtos, eles não conseguiram entregar no endereço correto, pois era p presente. Depois de muita conversa eles mandaram para minha casa(outro estado por sinal), aí veio somente 1 produto. Reclamei e eles enviaram o outro. Passou do prazo, produto veio com alguns brinquedos com defeito, e vou ter mais gasto para mandar para o endereço correto, pois os brinquedos são presentes para meus sobrinhos. Foi entregue pela JC Brinquedos. Americanas, por favor  revejam as lojas que vcs terceirizam, pois tive um desgaste mental e financeiro com isso.",Negativo
"Estou satisfeito como o produto, recomendo para qualquer pessoa",Positivo
"A TV é completa , possui muitos recursos , da para utilizá-la de diversas formas.",Positivo
"Gostaria de se em cima da mesa possui vidro, ou ela é toda em mdf?",Neutro
O f1 2017 pra ps4 tava por 175 ano passado e agora 250 reais poxa ;(,Negativo
"Tudo bem dá para colocar no micro e no frezzer, só o produto é um pouco pequeno.",Neutro
O ruim é que não mantem o café quente...tem que fazer e beber na hora!,Negativo
"A vibração do aparelho é muito forte, difícil de segurar pra fazer a massagem. A ponteira de bolinhas não tem como usar, as bolinhas caem fora quando liga o aparelho.",Negativo
"Não funciona e demorou muito para chegar. Ele grava até uma parte, depois só aparece a imagem do ícone salvo. Quando você clica para abrir, o arquivo diz estar corrompido ou não gravado e não abre!",Negativo
"Muito bom, mas não substituí o clínico. Sempre use o clínico, caso queira exatidão em sua aferição.",Neutro
Produto foi entregue da santa Efigênia falso Produto sem o selo da Anatel uma droga tentei trocar não consegui já tinha passado os sete dias fiquei no prejuízo,Negativo
COMO POSSO AVALIAR UM PRODUTO QUE NÃO FOI ENTREGUE?,Negativo
"Bom acabamento,bom processamento, com o Android one fica ainda melhor!",Positivo
"o produto é bom, porém tive problemas com outro pedido do mesmo vendedor(lojas fascina) e eles dificultam o máximo a troca, não recomendo a loja, pois, se tiver defeito ou envio errado de produto terá dor de cabeça para solucionar.",Neutro
"Meu cabelo ficou super hidratado, encorpado macio e brilhante",Positivo
Não foram resolvidas as pendências de espelho quebrado e as peças incorretas nas caixas para montagem.,Negativo
"Não recebi o produto ainda. Não tenho condições de avaliar, pois o celular não chegou até minha casa.",Negativo
"A empresa ""Capa Case e Película"" está anunciando aqui um produto da marca C3Tech que é conhecida e boa. Mas está entregando um produto paralelo, sem nem se quer marca. Acho um absurdo as Americanas não tomarem nenhuma providência.",Negativo
Produto maravilhoso e chegou dentro do prazo previsto.  Fácil de usar.,Positivo
"Gostei sim do estojo, porém comprei junto uma bíblia de estudo e não veio junto .... Gostaria de saber o que aconteceu!!!",Neutro
"olá amigo(a) o produto atendeu o que eu esperava, bom o produto",Neutro
"bom produto, pena que a cor não combina com a cor do produto solicitado.",Neutro
"Gostei do produto, e o mesmo foi entregue dentro do prazo.",Neutro
"Gostei muito do produto, tem um peso ideal para levar a qualquer lugar e a entrega foi super rápida!",Positivo
"O fogão amarelo saiu do alugar comum e ganhou destaque na cozinha. É bem equipado, com grill e timer. Veio com um pequeno defeito na grade da tripla chama, que fica bamba - a rede autorizada solicitou a troca, mas ainda não tive retorno (após 10 dias!).",Neutro
Muito bom esse produto ótima precisão bom desempenho ótima resolução,Positivo
"Boa tarde Acho que a bateria e ruim, por se tratar de um produto novo a bateria termina muito rápido.",Neutro
"Muito ruim a qualidade desse produto, não gostei e nao recomendo a ninguem, veio em péssimas condicoes nem sequer tem embalagem, emfim um despreso. não compro mais.",Negativo
"Ou informaram o valor errado, ou acham que temos cara de palhaços pois nem chocolate suiço é esse valor! Acredito que esteja superfaturado",Negativo
produto excelente - somente o fio que liga na tomada de força deveria ser maior.,Positivo
"Aparelho leve, fácil de manusear, os resíduos aspirados não caem de volta, limpa bem. O filtro deve ser lavado a cada utilização, o ruído é um pouco alto, mas não é dos mais  barulhentos. Com o cabo de alimentação de 5 metros não preciso de extensão.",Positivo
"A instalação na parede é bem trabalhosa, sugiro que assistam ao vídeo da própria empresa, mostrando como se monta. No mais, ficou perfeito!",Neutro
"Excelente produto, recomendo as lojas Americanas..................)",Positivo
recomendo pode comprar otimo produto .................................................................................................................................................,Neutro
Veio danificado a entrada do chip e o site e muito ruim pra fazer a devolucao.,Negativo
"Sempre faço compra pela NET, mais essa foi a pior, demora p receber, ainda não recebi no meu endereço!",Negativo
"produto ok, produto ok, produto ok, produto ok, produto ok, produto ok, produto ok, produto ok, produto ok, produto ok, produto ok, produto ok, produto ok, produto ok, produto ok, produto ok, produto ok, produto ok",Neutro
Comprei um para minha filha e veio sem a chave! Tive que quebrar o cadeado para poder abrir!,Neutro
"O produto mói os grãos de maneira irregular, mesmo aumentando-se o tempo de moeção.",Negativo
Boa noite comprei o s6 ele veio perfeito em seu estado de funcionamento. Porém o carregador não funciona e a chave de acesso a bandeja do nano sim não veio ou seja não consigo carregar o celular pela ausencia  de um carregador que funcione aguardo retorno urgente,Positivo
Recebi um conjunto sem suporte! Péssima a atenção do parceiro!,Negativo
Alguém poderia me explicar se este aparelho é um receptor ou conversor. No caso de colocar na parabólica...,Neutro
Produto de ótima qualidade e com entrega muito rápida. Antes do agendado. Recomendo,Positivo
Compre esse Jeep do Capitão America e recebi um carrinho fechado que nada tem a ver com um jeep me senti enganada. Era pra criança por um boneco por isso comprei um jeep e me entregaram um carrinho comum e preto. Péssimo produto .,Negativo
O produto referido é bom.        Preenchendo número de caractere,Neutro
"Excelente aquisição, atende as necessidades, boa imagem",Positivo
"Até agora não recebi o produto, paguei e não recebi.",Negativo
Ótima qualidade. Recomendo. Fique bem satisfeita com a compra. Compraria novamente.,Positivo
"Peça linda e perfeita, chega de dificuldades pra pegar queijo e presunto.",Positivo
"Gostaria de saber se as lojas americanas não conferem os produtos antes de enviá-los pois comprei um pen drive e a embalagem veio vazia, estava lacrada e vazia. Não foi violada apenas não veio o produto.",Negativo
"Produto não entregue, sem que a fornecedora dê satisfação sobre o motivo do atraso. Comprado no inicio de abril.",Negativo
"Produto bem fácil de montar. É bem fácil de montar. Só veio com um dos cantos lascados, acho que devido à transportadora. Pelo preço está bem ok.",Neutro
"Produto muito bom, chegou bem antes da previsão.  Esta Panela Elétrica Electrolux 1,3L é excelente.",Positivo
"Ainda não recebi o produto, não tem como avaliar. Ainda não recebi o produto, não tem como avaliar. Ainda não recebi o produto, não tem como avaliar. Ainda não recebi o produto, não tem como avaliar. Ainda não recebi o produto, não tem como avaliar. Ainda não recebi o produto, não tem como avaliar. Ainda não recebi o produto, não tem como avaliar. Ainda não recebi o produto, não tem como avaliar.",Negativo
Seria perfeito se em aço inox mesmo com bom revestimento pode enferrujar. O tempo dirá mas pelo custo estou satisfeita.,Neutro
Deveria vir jogos de toalhas mesclados ( não a mesma cor repetida).,Positivo
Recomendo a compra deste produto e o prazo de entrega foi cumprido de acordo com o previsto no site.,Positivo
"o tecido um pouco ""fragil"" mas de maneira geral é bonita.",Neutro
RECOMENDO O PRODUTO. ALÉM DE BONITO É OTIMO. E TEM FACIL LIMPEZA.,Positivo
"Vcs anunciam um produto que não tem .e o pior é que se eu não ligo ,nunca ia ficar sabendo.",Negativo
"Bom produto, recomendo o produto e entrega muito rápida. Americanas é muito boa",Positivo
"Após meses da compra, o produto parou de funcionar sem motivos, e a assistência técnica até hoje não solucionou o problema. A cada ligação é um novo prazo para avaliar as medidas que serão tomadas. Me arrependo amargamente. Não comprem este produto!",Negativo
"o unico problema e q ja vai fazer dois meses q eu comprei o celular e nao chega , ja paguei duas parcela no cartao.e n estou com o aparelho n mao.e ninguem mim da uma resposta ou localizacao do produto",Negativo
"chegou no quinto dia útil depois do pagamento, bem antes do prazo. Resolveu meu problema, estou satisfeito",Positivo
Absurdo levarem tanto tempo para emissão de nota fiscal!! Até agora não recebi o produto!!,Negativo
"Pena.que é só o modulo o chicote de instalação elétrica não vem e só veio descrito na nota fiscal.e como comprar uma tv vir sem o controle.tinha que descrever na descrição do produto,e informações pra saber se ele vem. Completo pra escolher???",Neutro
Atrasou um pouco a entrega mas avisaram Produto dentro do esperado,Positivo
Muito macio a confortável. A pessoa que recebeu o presente adorou,Positivo
"O material utilizado neste ""guarda sol"" é de baixíssima qualidade. Nem um mês resistiu e se rasga com facilidade. Não aguenta UV nem sol forte.",Negativo
"Estou muito satisfeita, além de ser lindo e de ótima qualidade, espaço bom para guardar os sapatos eu indico com certeza.",Positivo
"chegou antes do do previsto, produto e preço excelentes!!!",Positivo
"A prancha aquece rapidamente, porém emite pouco vapor. Funciona bem em cabelos alisados e com escova progressiva. No geral, é um bom produto.",Neutro
Muito bom sastifez naquilo que eu esperava produto bem confeccionado.,Positivo
"Produto de boa qualidade e bem prático.  Quanto a entrega, chegou antes do prazo, embalagem bem feita. Recomendo!",Positivo
"Mandaram a película, veio menos do que o celular, eles disseram q isso era normal pois segundo eles o meu celular tem uma curvatura nas bordas, ninguém do meu círculo social e nem eu vi qualquer borda, e a capa é muito mole",Negativo
"Produto parou de funcionar com 5 dias de uso. Fiz a reclamação com o fornecedor, o mesmo ainda não informou prazo para concerto, alem de serem mal educados. Não respondem meus emails e não consigo ligar, entrei no site deles para fazer a reclamação pelo chat, fui mal atendido e constinuaram sem me posicionar sobre o bebedouro.",Negativo
"Comprei o kit preto e cinza, parece toalhas velhas, a preta chega a ser verde de tão desbotada, fios todo desfiados, da vergonha de por no banheiro, tem aspecto de pano de chão !",Negativo
qualidade e densidade dentro do que eu estava esperando,Positivo
"Não recomendo pelo fato da que as chama são muito abertas, dificultando o aquecimento de panelas ou canecos pequenos, gastando mais gás e também achei a tempre dele muito fraca, em relação sobre escorregar a panela, isso não acontece como já ouvi falar de outros cooktops....",Neutro
"Usei apenas duas penelas até agora e achei ótimas principalmente, porque tem um respiradouro, que as panelas compradas anteriormente, não tinham.",Positivo
"Produto bom entregue no prazo, atendeu as minhas expectativas",Neutro
"Excelente produto..satisfeita com a compra, recomendo..",Positivo
"O meu veio com o touchscreen com problema e depois, a tela trocada pela DELL, apresentou vazamento de backlight significativo e falhas no touch. Depois de duas semanas enviarem outra tela, agora o touch funciona, mas ainda há um vazamento de backlight, deduzo que o processo de fabricação e controle de qualidade deixam a desejar. Fora esse problema específico, fica uma única crítica negativa ao produto: a placa de vídeo ser compartilhada. Caso possuísse uma placa dedicada, a coisa seria bem diferente.",Neutro
"Comprei o notebook no dia 26/04, o pedido foi faturado e o prazo de entrega estava previsto para hoje 23/05 em Valença-BA e até o presente momento nada. Estou precisando do produto e estou extremamente descontente com a empresa Direct que presta serviços para lojas americanas. Ligamos e agora alegam que não tem informações onde está a remessa.",Neutro
Não entendi o sentido de pré venda se a previsão de chegada é só dia 02/05! Comprei em janeiro para o meu namorado para garantir e pelo que vejo quem comprar no lançamento vai jogar primeiro que ele. Absurdo isso!,Neutro
Adorei o produto...e o tempo de entrega...obrigada,Positivo
"Adorei chegou bem rapdo, ante do previsto. amei, super indico este produto . muito bom",Positivo
Recomendo pois o produto é muito bom.  Chegou antes do prazo dado pela loja e em perfeito estado.,Positivo
O produto demorou muito para chegar e tinha alguns arranhões como e de cilicone dava para ver nitidamente as marcar brancas.,Negativo
"Pessoal comprei um x power e estou muito satisfeito, mas só comprei porque não são os correios que entrega, pois pedi a película e a capinha e até hoje estou esperando chegar. Adivinha porque não chegou? Acertou quem pensou nos correios.",Negativo
"Paguei R$19 reais para entregar o meu produto em 7 dias úteis. Porém meu produto demorou muito. Quando tinha mais de 15 dias que foram me falar que estavam atrasados. Enfim, a experiência não é lega. Não me sinto seguro em comprar na Americanas e nem em qualquer outro site do grupo. Se um dias eu comprar novamente nesse site vai ser por necessidade, igual agora.",Negativo
produto e top...recomendo compraria novamente..........................................................................................................................................................................................................................................................................................................................................................................................................................................,Positivo
balcão bonito material um pouco frágil mas gostei.Só e uma pena não ter mas o serviço de montagem.,Neutro
"Muita safadeza de quem enviou o produto errado. Fizeram de sacanagem. Pura irresponsabilidade. Além da demora absurda na entrega, mandam um produto que não tem nada haver com o que foi pedido. Vou tomar as medidas cabiveis.",Negativo
"Notebook Lenovo Ideapad 320 Intel Celeron 4 Gb 500Gb 15,6 "" Windows 10  adquirido no dia 03-03-2018, péssimo notebook lentíssimo e trava o tempo todo. Neste momento está travado!! Comprar esse notebook é uma furada, não recomendo!!!!!!!!!! Outra informação: A assistencia técnica é de pessimo atendimento!! é um produto bostético!! É uma enganação!!!!!!!!!!!!!!!",Negativo
Gostei m fo produto e chegou antes do prazo.recomento,Positivo
"Até agora tem me agradado muito o produto, mas ainda é pouco tempo para dar uma opinião concreta.",Neutro
"Chegou quebrado e não fizeram a troca, mesmo após reclamações.",Negativo
"o ruim é a demora da entrega do produto, ainda quando eles não perdem.... tablet   eu recomendo, a americanas não!!",Neutro
Como posso avaliar por algo que que nem recebi? Esperando a loja se manifestar diante desse constrangimento.,Negativo
"Produto de fácil instalação, pesquisei sobre o filtro e e um dos melhores...falta um detalhe na minha opinião, questão fabril...o acionamento para água fria.",Positivo
Por favor envia-me outro produto dai enviarei de volta a tv com defeito (sem concerto ),Negativo
"A multifuncional é importada e está toda em inglês, pode mudar a linguagem para espanhol, mas não tem português. O software de instalação também está em inglês, tive que baixar o software e os manuais em português no site da Brother.",Neutro
"A mochila atende as necessidades pela qual preciso utilizar, aconselho a compra do produto",Neutro
Excelente produto indico original sem detalhes tempo de entrega no prazo,Positivo
"de fácil  aplicação, efeito lindo, dá um acabamento incrivel nas peças",Positivo
"OTIMO PRODUTO SUPER RECOMENDO  , OTIMO ATENDIMENTO",Positivo
"Ótimo produto, o cabelo fica impecável!! O cheiro é bem forte durante a aplicação, recomendo ficar em local arejado para não correr o risco de passar mal.",Positivo
"produto muito bonito, confortavel, e facil de vestir.",Neutro
"O produto veio com defeito, tem mais de uma semana que entrei em contato com a americanas, a mesma me informou que o vendedor entraria em contato comigo e até agora nada. Ninguém me da uma posição.",Negativo
Gostei do modelo elegante e da funcionalidade. Recomendo!,Positivo
o analógico é impressiso e extremamente duro. demais botões funcionam normalmente.,Negativo
"Imagem perfeita, muito real. Tecido maravilhoso, fresquinho e não amassa. Meu esposo amou o presente e amou andar com nosso amigão estampado no peito. Um arraso !!! Super recomendo.",Positivo
"Impossível avaliar, ainda nem recebi o produto. Aguardo resposta sobre a entrega, já solicitei análise e até o momento não houve retorno. Necessário se faz um resposta, quando compramos algo é para um propósito, o não recebimento fere a relação comercial. Espero dos senhores um parecer o mais breve, acredito não ser necessário buscar vias legais cabíveis.",Negativo
Aparelho super preciso e de funcionalidade extremamente simples. Gostei!!!,Positivo
Selo da Anatel não é autêntico. O carregador não dá sinal de turbo quando conectado. O texto impresso no carregador está cheio de erros de português.,Negativo
"o produto é bom, nem ótimo nem ruim. Bem sintético, mas macio.",Positivo
"Gostei da multifuncional, fácil a instalação e bom preço.",Neutro
"comprei o produto mas veio defeituoso, e agora queria ver como resolver mas não tem nenhum e-mail para que posso estar buscando ajuda...    Será que alguém poderia estar me ajudando na busca de algum contato para estar fazendo a reclamação.......",Negativo
"Embora eu não tenha recebido, acredito que o produto seja de boa qualidade. Foi uma pena a entrega não ter tido êxito...",Negativo
"RAPIDO, BATERIA DURA MUITO, AS PORTAS ESTÃO NA PARTE DE TRAS DAS LATERAIS ISSO AJUDA MUITO , ACER SEMPRE FOI BOA É MEU SEGUNDO NOTE EU RECOMENDO",Positivo
"Já venceu o prazo da entrega e ainda o produto ñ chegou.. sei q a banheira é muito boa, mais ainda ñ recebi",Negativo
Comprei o Black piano e to aqui contando os minutos para chegar,Positivo
Só não gostei da forma de entrega .como já tinha relatado chegou em uma data diferente da que mostrava no início e quando chegou eles entregaram para uma pessoa na qual eu não conhecia e essa pessoa entre com 2 dias. Mais ainda vem q a pessoa era honesta e me entregou porém eu acredito q a empresa só poderia entregar pra outra pessoa além de mim se eu tivesse deixado alguma autorização.. desculpa o desabafo mas fora isso estou super satisfeita com a minha compra e continuo fazendo compras pelo site Américas muito obrigada.,Neutro
"Se o preço fosse 2.000, compraria duas, pq essa é 4k e tem muitas q estão com esse preçoais e Full HD",Neutro
ADOREI JÁ VEIO O FOODTRUCK JUNTO! COZINHEIRO ... TO SEM UM RIM... MAS TO OTIMO,Negativo
Ótima qualidade e custo-benefício. Recomendo para quem gosta de um bom travesseiro,Positivo
"Resultado imediato,na primeira lavada, cabelos soltos e sedosos, ótimo resultado.Amei.",Positivo
"Eu recebi uma mensagem dizendo que solicitei o cancelamento do pedido, já tentei entrar em contato três vezes informando que isso não procedo e não recebi nenhum retorno. O sistema de vocês é que está com algum problema e cancelou o pedido sem eu pedir.  E agora recebi uma mensagem que irão extornar o dinheiro.  Eu gostei do produto, já estou usando e não  quero nenhum cancelamento e nem devolver o produto.  Espero que agora que mandei a mensagem aberta alguém me responda. É um saco ter esse tipo de dor de cabeça porque o sistema de vocês é uma porcaria. Espero que nenhuma transportadora vá em minha casa retirar o produto. Se isso acontecer, apesar de gostar do trabalho de vcs, nunca mais comprarei nada nesse site.",Neutro
Gostei muito da caixa e a entrega foi rápida. Recomendo.,Positivo
"essa compra foi cancelada, e nao consigo entrar em contato pra o estorno, estou pagando as prestações e não recebi o produto.",Negativo
Só tive algumas dificuldades para montar porém GOSTEI,Neutro
Um ótimo produto mediano. E muito bonito e funciona bem.,Positivo
Foram entregar para minha afilhada do Rotary. A tia da menina que estava em casa disse que não conhecia o remetente (eu). O produto retornou e não houve outra tentativa de entrega!!!!,Negativo
não tenho nada avaliar pois ainda esta em uso na escola.,Neutro
Pedem 40 dias uteis para entregar e na véspera da entrega depois de tanto tempo esperando simplesmente cancelam o seu pedido!!!!! Não peçam esse produto! Estou aguardando posição das lojas americanas e marabraz até agora!,Negativo
"Porque não recomendo este produto:  1) O produto chegou bem antes do prazo. Parece que isso é bom, no entanto eu entrava constantemente no site para averiguar a data da entrega, e na última vez, informou que atrasaria 5 dias. era para chegar no dia 01/06, depois marcou que chegaria 06/06, e no final chegou dia 18/05. Qual problema disso?! Eu moro em condomínio de apartamento, quando chegou o produto estava viajando, ficou armazenado na portaria, causando constrangimento e desconforto aos outros condôminos, além de chover durante alguns dias, e para não molhar tiveram que colocar junto com os porteiros.  2) O produto veio danificado: duas tábuas que fazem parte do rack, vieram amassadas, entortadas. E o painel veio lascado. A sorte que as tábuas ficaram são da parte de baixo, e não ficaram aparentes. E o lascado do painel ficaram tampados por ficarem em cima, mas não isenta o descaso.  3) Vieram com defeitos nos cortes: a faixa frontal do rack, que ocupa a parte superior (vista), veio mais largo do que o dimensionado, então ficou torto e a parte sem acabamento ficou aparente.  4) O painel da foto mostra um detalhe que se pode colocar objetos de decoração, localizado na parte inferior (em baixo da televisão), no entanto o manual de instalação, e os furos do painel são serem colocados na parte superior (em cima da televisão). Por mais que possam dizer que se pode virar o painel, o manual, e o furo dos cabos, vieram com a disposição diferente do que é oferecido na imagem ilustrativa, e no que eu realmente adquiri.  5) O manual de instalação é péssimo, confuso e mal ilustrado. As peças não vem com identificação por numeração, e o manual enumera os itens, então se prepare para adivinhar o que o manual quer dizer juntos com as peças. Recomendo não efetuar nem um aperto antes de ter certeza que está correta a montagem.  6) As peças não vieram com os furos e guias. A faixa  do painel que acomoda objetos de decoração, não possuem furos para servirem de guias, então quando se começa apertar o parafuso, se corre o risco de aparafusar muito próximo à superfície, o que acarreta em danos ao material.  7) O material é frágil.  8) A cor é MUITO diferente da foto ilustrativa.  9) As dimensões (relatividade) do tamanho do painel, com a televisão é bem diferente da realidade. Coloquei uma TV de 32"" que ocupa quase a totalidade do painel, então se você colocar uma TV de 55"" como promete o anúncio, tenho por mim que ficará insatisfeito.  Creio que na foto ilustrativa se trate de uma televisão de no máximo 32"".  10) No manual do produto, o nome do produto é diferente do anúncio, o que me levar a acreditar que recebi o produto errado.  Poderia efetuar a devolução do produto, mas como contratei uma pessoa para auxiliar na montagem, fiz o pagamento, furos na parede, esperei um bom tempo para o produto chegar, vou ter que esperar para devolver, vou ter que esperar novamente outro produto, e tudo que vai me causar mais stress, desconforto para mim e para minha família, preferi ficar com esse produto. Mas dei 10 motivos para vocês não comprarem esse painel com rack.  Obrigado pela atenção!!!",Negativo
O produto acompanha nota fiscal? Gostaria de saber pois quero fazer um seguro por fora.,Neutro
Solicitei a troca pois veio a cor errada e até agora não trocaram!!! Decepcionada!!!,Negativo
"Gostei superou minhas espectativas,melhor que imaginava linda pratica pequeno volume da pra guarda qualquer lugar super leve gostei mesmo",Neutro
"Usei uma vez a chapinha de uma outra pessoa e me impressionei com o resultado, já estava na procura de uma chapinha e fui logo pesquisar mais sobre essa. Já usei outras que deixavam meu cabelo opaco, sem vida e não é o caso desta. Eu gostei muito e recomendo a compra.",Positivo
"Esse produto de voçês e muito ruim, por que nem recebi ainda faz 2 m~es que eu fiz a compra e até agora nada, eu paguei o frete para receber em casa e não pra voçês ficarem mandando e-mail para mim pegar em correios, eu não faço mais compras em lojas americanas e não recomendo ninguém a comprar nada por que essa loja além das coisas ser cara não tem respeito aos clientes. Isso e bom por que eu aprendi essa foi  a primeira e ultima compra nessa loja TCHUA  QUERIDA!!!!!!!!!!!!!!!",Negativo
o problema e si precisar trocar o produto.comprei um capacete na americanas demoro uns 15 dias so pra mi falar como iria trocar e o capacete.,Neutro
A previsão inicial era para receber a mercadoria no dia 20/04 e hoje (03/05) ainda não chegou.,Negativo
"Veio tudo certinho, caixa lacrada, todos os jogos e funcionando perfeitamente. A entrega foi feita antes do limite do prazo, no entanto só tive um probleminha no site americanas que não mostrava o rastreamento da encomenda da Tex Courier S.A transportadora, portanto tive que rastrear por meio deste site:https://tracking.totalexpress.com.br/tracking/0  Fora isso, perfeito.",Positivo
"potente , ótimo acabamento vem com maleta e bem profissional",Positivo
tudo certo chegou dentro do prazo produto muito bom,Positivo
"A escova é potente, mas a cabeça é pequena. Não desmonta, o que torna difícil levar na mala. Tive outra da mesma marca que é bem melhor! Mas quebra um galho! Valeu o custo x benefício!",Neutro
"A escova Oral-B Professional Care 5000 não cumpre o que promete no anúncio. A escova flosser não substitui o fio dental. A limpeza deixa muito a desejar. Eu me senti enganada pelo produto, pois não corresponde de modo nenhum às expectativas. Não acho válido o investimento.",Negativo
Satisfeito produto muito bom.nao deixa quase nada a desejar em relação a estes de marca conhecida e preço absurdo.. parabéns a todos tp...link,Neutro
"As pulgas da minha cadela nao morreram todas nao, ela ainda ficou com algumas e ja vai fazer 2 semanas que dei para ela o bravecto. Fiquei um pouco decepcionada pois achei que matava  todas as pulgas ja que o produto é o mais caro e o mais recomendado.",Negativo
Muito bom! Porém sem manual de instrução. Para primeira vez usar um iOS é bem complicado. A tela é super frágil!!!,Positivo
"Não teria nenhum problema em comprar um genérico do produto, desde que a loja assim o indeicasse, mas o produto é um genérico, não há nem mesmo o SONY gravado na frente do controle. Estava barato para um original e caro para um genérico. Fui lesado e sinto que devo procurar meus direitos.",Negativo
"Adquiri o produto, pois precisava de um celular com mais espaço interno e esse superou as minhas expectativas! O design, acabamento, realmente a Motorola arrasou. Estou muito satisfeita com a compra e o produto, inclusive, chegou bem antes da data prevista para entrega!",Positivo
Produto muito bonito porem parece ser fragil mas o tempo dirá,Neutro
"Estou impossibilitado de COMENTAR sobre a compra, visto que, ainda NÃO RECEBI A MALETA, já se passou um mês e até agora, NADA.",Negativo
"Serve bem, podem comprar! Serve bem, podem comprar!",Neutro
"Uma antena pequena e discreta e muito eficiente, adorei e recomendo a todos.",Positivo
"Vendo alguns comentários fiquei com um pouco de receio em comprar, mas acredito que isso depende muito da loja que está comprando, o meu veio certinho e antes do prazo entregue pela Sintonia Digital, recomendadíssimo!",Positivo
"O produto já conheco, o problema é q não recebi minha encomenda ainda não.",Neutro
"Produto excelente para DECORAÇÃO da casa. Se  pensa em usar, saiba que descasca o fundo e solta a cerâmica por dilatação.",Negativo
"O produto é bom, fácil de montar, mas aparenta ser frágil.",Neutro
"É um bom produto, mas esperava mais, principalmente para quem precisa de uma taxa de upload mais alta.",Neutro
"Copo excelente, vale cada centavo, por isso é recomendável comprar enquanto está na promoção (pela bagatela de 2 mil reais) porque depois tu só compra vendendo os seus bitcoins!",Positivo
"O produto não funciona, gostaria do cancelamento da compra",Negativo
"Produto de excelente qualidade, entrega o que oferece em seu anúncio, envio rápido, recomendo a loja e o o produto.",Positivo
"Não é como o original, É um pouco mais fraco, mas funciona bem, e é muuuito mais barato que o original. A relação custo benefício é muito mais vantajosa.",Neutro
"Consultei o produto no dia 10/03, o preço estava 289,00, hoje dia 12/03, foi para 321,00, não vou comprar mais, perderam o cliente.",Neutro
"Produto muito parecido com o original. Recomendo! Perfume suave, com uma boa fixação.",Positivo
não serve para celular é uma **** quero meu dinheiro de volta  no primeiro dia aplicado não segurou caiu e foi aplicado pelo um profissional de celular.,Negativo
Muito ruim péssimo... Não comprem nesse site os produtos não chegam !!!! Não chegou o produto e ninguém entra em contato com você... Não recomendo a ninguém !!!!,Negativo
"Gostei do produto e até agora atendeu minhas expectativas, mas fiquei preocupada quando abri a embalagem e me deparei com a falta de proteção ao produto. Faltou um plástico bolha.",Neutro
"Pessoal pra quem já comprou o aparelho, quero saber se já ta na versão global?",Neutro
Uma peça versátil e muito útil. Gostei bastante porque atendeu perfeitamente ao meu objetivo. Sem contar que é bem bonito.,Positivo
"Na foto é mais bonito, mais gostei mesmo assim! O material poderia ser de metalassê.",Neutro
"Ainda não dá para dar uma opinião, vamos ver se irá durar o tanto que promete.",Neutro
"Até agora está funcionando bem e som é leve não irrita os ouvidos,espero que dure pelo menos 1 ano já que tudo que compramos além de caro são feitos pra durar menos do que deveria.",Neutro
"Total falta de compromisso com o comprador, comprei no dia 27/03, e hoje dia 22/04 depois do lançamento do jogo, nem nota fiscal eles emitiram ainda. Comprei imaginando que pela logica o produto estaria em minhas mãos no dia do lançamento, mas a previsão está para o dia 09/05 ainda, quase 20 dias depois do lançamento. um lixo o tratamento com o cliente, nunca mais comprarei nada que esteja em pré-venda nessa loja, uma TOTAL decepção.",Positivo
"Sempre compro nos Site da Americana, e sempre vem tudo certinho tudo muito rapido... Mais justamente esse jogo que estava louco pra jogar eles atrasaram a entrega....no site mudaram a previsão varias vezes.... Endereço de entrega era comercial primeira tentativa de entrega foi 28/04 no Sabado...tinha ninguém para receber.. finalmente no dia 01/05 recebi o jogo.... simplesmente sensacional... muito bom...",Neutro
"Muito mais potente do que eu imaginava. Fácil de usar e lavar. Muito prático, fácil de montar também. Só me arrependo de não ter comprado antes!",Positivo
"Gostei muito do purificador.  Achei que ele cumpre bem a sua função, a água sai com um gostinho bem diferente, agradável. Muita gente fala da função de gelar, que não gela bem, mas achei que gela na medida, ideal para matar a sede.",Positivo
"Recebi no prazo, da forma que comprei, alias recebi antes do prazo, veio bem embalado, com garantia de 3 meses, foram super atenciosos. recomendo Americanas . Perfeito !",Positivo
"A impressora acusou como cartucho manipulado, apesar de vir lacrado numa embalagem bem perfeita, como a original mesmo, porém a impressora acusa como cartucho falsificado. Está imprimindo normal, mas a qualidade não é como a do cartucho original.",Negativo
"veio outro produto.. não sei se é o mesmo, se mudou a embalagem, mas não gostei que na foto no site é um e veio outro.. acho isso errado. Escrevi questionando e ninquém me respondeu. Veio um produto prata e não este da foto. A entrega foi muito rápida, processo todos de pagar e já ser enviado foi bom.",Neutro
"Chegou rápido não tive problema com a entrega , gostei muito do produto",Positivo
"O produto é ótimo. Boa qualidade, bom preço e super prático!",Positivo
recomendo o produto a loja e toda a equipe de vendedor,Positivo
Não funciona adequadamente. A qualidade do som é deficiente. Há muitos relatos favoráveis comprados por cachê neste site. Melhor pesquisar na internet. Não se iludam. Pesquisem sobre as denúncias na internet sobre opiniões compradas.,Negativo
Recebi o produto e ate o momento ele esta dentro das minhas expectativas. Funciona bem.,Positivo
"Bom! Seria melhor se vcs trocassem de transportadora! A directlog está uma bagunça deixando para entregar TD de última...troquem p total express que é extremamente organizada, entrega com rapidez, funcionários educados...",Positivo
"Cor linda, fácil manuseio até por crianças, porém o ruído e muito alto qd ligada",Neutro
"Pelo preço tem um bom custo beneficio, boas câmeras, conta até com Nfc, porém, aparenta ser bem frágil, principalmente a tela, portanto use pelicula de vidro e capinha.",Neutro
O produto chegou antes do prazo e em ótimas condições.Recomendo!,Positivo
Nao foi entregue ainda. Esrou esperando tem 2 meses,Negativo
"Proporciona criatividade, e quando você quer apagar é muito simples,",Positivo
Até o momento está atendendo às minha necessidades.,Neutro
"A espuma é muito boa. Espessura adequada, sem deixar muito mole bem fina demais. O acabamento da capa poderia ser melhor. Também poderia ter elásticos nos cantos para fixar no colchão.",Neutro
"Excelente produto! Prático, rápido e super moderno! A câmera é fantástica e a bateria surpreendente! Super recomendo!",Positivo
"Apesar de ser muito útil, o material dessa mesinha é muito fraco, não suporta nem o peso do meu notebook direito, ela fica torta, você tem a impressão de que ela vai quebrar a qualquer momento. Esperava que fosse melhor. Mas pra quem tem notebook mais leve e mão leve dá pra usar.",Negativo
Gostei melhor do que eu imaginava recomendo achei que seria mais fina mas superou minhas expectativas,Neutro
"o microondas chegou sem nenhuma película de proteção, com o painel muito riscado.",Neutro
"Ótimo celular, acabamento perfeito, câmera maravilhosa.",Positivo
"O local onde aperta a música poderia ser em um local diferente, pois pra menino fica complicado não cair xixi lá. Afinal o ""troninho"" é pra treinamento. PS: no meu caso já estragou",Neutro
"Veio vem embalado, excelente para a cozinha. Muito bonito, e o fato de poder remover a parte interna é muito bom",Positivo
"Produto muito bom, de qualidade, chegou perfeito, ja recomendei para outras pessoas.",Neutro
"Comprei para ter o pão quentinho em casa de manha, porem me decepcionei pois programo ela para o pão ficar pronto as 7:30, ela começa a bater as 4 da manha e o barulho é muito alto, eu sempre acordo, namorada, cachorro, mesmo fechando 3 portas e ter uns de 10metros de distancia. Até meus vizinhos dão noticia dela funcionando. Outra coisa que incomoda é os apitos qua são 10 e muito altos e não tem como desativar. Os botões também são duros e barulhentos. O manual é muito pobre, receitas péssimas, na internet que eu encontro receitas que prestam. Meu irmão tem uma de outra marca e mora em um apartamento menos e não ouvimos nada dela funcionando.",Negativo
"O produto e ótimo,  fácil de acessar .... muito bom msm super recomendo .",Positivo
"O telefone sem fio cinza Philips  tem um belo visual, um toque agradável e ótima qualidade.",Positivo
"Difícil de montar, tem que ler o manual, mas é muito seguro e ajuda muito na questão do angulo da imagem.  Recomendo",Positivo
"TV desde que eu comprei só problema  com Dez dias de uso apareceu uma linha no meio da tela foi pra autorizada e foi trocada a tela voltou com a tela nova porém na parte debaixo entre a tela e a parte plástica da TV ficou um vão, e agora com 1 mês de uso a entrada HDMI não funciona foi verificado pelo técnico que a placa está ruim. Samsung uma marca horrível  TV cara e cheio de problemas só dando dor de cabeça podendo trocar por outra e resolver os problemas mas foi informado só depois de 3 ordens de serviço. NÃO COMPREM ESSE MODELO ! TV HORRÍVELLLLLL",Negativo
"o meu só esta dando problema, to esperando ir retirar la em casa. Quero outro. Do nada começa reiniciar e em quanto não descarregar todo não para.",Negativo
"A base onde ficam fixadas os rodízios quebrou, causando a queda da minha esposa. Solicito a reposição da peça de imediato.",Negativo
"Na realidade o modelo anterior e mais antigo era melhor, pois havia mais espessura para segurar com a mão, este novo modelo é mais fininho e menos funcional do que o anterior.",Neutro
Muito bom para um dia menos frio! Confortável! Gostei muito!,Neutro
"Fio longo, leve, potência surpreendente e fácil de usar. Recomento.",Neutro
Realizei a compra dia 10/04/18 e até hoje dia 09/05/18 não recebi o produto.,Negativo
"Produto de boa qualidade, pena que não dobra para facilitar o transporte em carro.",Positivo
"A tv é realmente muito boa, estou satisfeito com a compra, o som poderia ser um pouco mais potente, mas nada que atrapalhe a assistir uma boa tv, para quem não for muito exigente!",Positivo
"Produto bonito mas internamente o acabamento deixa a desejar. Tive que reforçar com cola. Mas satisfeito, deu outra cara no meu carro.",Neutro
"O aspirador cumpre o que promete. Só não gostei que por ser muito potente, a sucção é muito forte fazendo com que ele agarre no piso, as vezes precisando de duas mãos para passá-lo. Na primeira semana minha mão ficava doendo, pois tinha que colocar força para movê-lo pela casa, agora já me acostumei. Em 10 minutos limpo toda minha casa, que não é muito pequena, fica súper limpo. Como eu estava acostumada com a vassoura elétrica, o fio me incomoda um pouco, mas vou me acostumar. Muito fácil de fazer a higienização dele. É bem barulhento. No final, acho que valeu a compra.",Neutro
"Gostamos do produto, porém imaginamos que fosse maior!",Neutro
"Os Pés do aparador NÃO são de madeira maciça e sim de PLASTICO!!! produto muito bonito, porém de qualidade regular. Não suporta muito peso, devido aos pés serem de PLASTICO, e não em madeira maciça como descreve o anunciante.",Negativo
Que ridículo americanas palhaçada o que estão pretendendo com isso ?,Negativo
Recomendo a capinha mas a película. Mas a película não é do para o meu celular para o J7 Prime.,Negativo
"Entrega rápida, antes do prazo. Minha filha adorou o presente. Material da boneca de ótima qualidade.",Positivo
"Perfume para noites frias, encontros, qualquer idade , sensual.",Positivo
"Cancelaram meu produto sem me dar uma explicação, nunca chegou nada. Comprei pelo mercado livre em 7 dias meu produto foi entregue. Horrível comprar pelo site de vocês não recomendo, nas duas tentativas de compra nenhuma deu certo",Negativo
"Produto bom, mas tão usando de malandragens, no anuncio o Valor é de 999,99, o valor real outro mais elevado.",Neutro
"Comprei por ter potência e copo maiores que meu antigo que estava velho. Copo muito grande com hélices pequenas, resultado é que a comida vai para o fundo não sendo triturada. Diz ser de 800w, mas é mais fraco que meu velhinho de 500w.",Negativo
"Não compraria se soubesse da qualidade. O ferro não esquenta o suficiente para as roupas serem bem passadas.  A potência e fraca. E ainda pelo valor,teria pago mais para ter um ferro de melhor qualidade.",Negativo
"Excelente custo benefício. Leitor biométrico, câmera boa, leve e tela grande. Ainda ganhei de brinde uma capa e uma película. Bom por que já ia precisar mesmo. Recomendo, só poderia chegar um pouco mais rápido, 3 dias foi muito tempo.",Positivo
Paguei uma taxa extra pra chegar em 03 dias úteis e demorou 7 dias úteis pra eu receber e não tive nenhum retorno das lojas americanas.,Negativo
Excelente produto e com um preço bem camarada. Recomendo a todos.,Positivo
Não gostei pq uma TV smart que não  funciona direito não gostei.,Negativo
"Firme, estável, simples, material muito bom. Perfeito pra passar camisetas, camisas, calças, shorts. Altura regulável, realmente indico.",Positivo
Muito bom. Recomendo leitura para os filhos. fácil leitura e engraçado.,Positivo
por encuanto eu achei mito boa as ofertas de produtos e espero que me chegue mais de outros obrigado abraço,Positivo
"achei lindo porem o frete que vcs estão pedindo é um absurdo mais caro do que o produto,se não abaixarem esse frete fica dificil de compra-los pois gostaria de 3 peças",Neutro
"Gostaria de saber se esse modelo tem bloqueio por biometria ,o meu ainda n chegou estou aguardando,eh gostaria de saber essa informação",Neutro
"Comprem sem medo, veio tudo perfeito.  Espero fazer mais compras com essa loja.",Positivo
Fiz a aplicação como recomendado e não vi o efeito prometido.,Negativo
"É pra minha esposa,ela que escolher e estar feliz com a escolha",Neutro
O som eh de excelente qualidade mas o fone eh muito frágil além do que não possui case/estojo para transporte.,Neutro
"Poderia possuir um clip de fixacao e faz um pouco de barulho ao chacoalhar, no resto otimo produto.",Positivo
"Produto chegou rápido e funciona corretamente, muito bom!",Neutro
"Gostei bastante, ela deixa a cinturinha fina, e um bom preço, chegou na data certa, em perfeitas condições, e o tamanho certo.",Neutro
"PRODUTO DE PÉSSIMA QUALIDADE, EM 3 DIAS DE USO COMEÇOU DE DESCOSTURAR.  DEVERIA TER DEVOLVIDO.",Negativo
Coloquei 3 tipos de panelas diferentes e não funcionou,Negativo
"Gostei bastante das cadeiras e são muito bonitas, além da ótima qualidade",Positivo
Na descrição do produto informa que ele vem com dois compartimentos e recebi o estojo com apenas 1 compartimento.,Negativo
"O produto é bom, a câmera Eken H9R , cumpre com o que promete.  Ganhei de presente, só recebi o produto 1 mês depois. Houve atraso na entrega, o prazo no aplicativo da Americanas.com inicialmente informava uma data, depois essa data foi alterada para posterior a inicial, e ainda mesmo assim foi entregue depois desta mudança.  Fora isso, a caixa da câmera chegou rasgada, a caixa de acrílico, onde a câmera fica, toda quebrada.   Pelo visto a Americanas.com, pouco se importa com a qualidade dos serviços prestados para atender seus clientes.   Muito insatisfeito com a Americanas.com",Neutro
Muito bom produto só que consome muita tinta ao imprimir,Neutro
bom chegou dentro do prazo informado. sem defeito.,Neutro
"O celular foi para presentear minha mãe...ela gostou bastante, fácil manuseio, bonito, bom mesmo para pessoas idosas. A entrega foi muito rápida.",Positivo
"Tamanho ideal, boa velocidade e boa resposta aso comandos",Neutro
não deveriam nem deixa coloca um anuncio desses pelo porte da americana cade as especificações do produto,Negativo
"Comprei o produto da foto, recebi outro diferente. Essa modalidade de venda com parceiros é péssima, em casos onde você tem algum problema não fala com ninguém.   Péssima compra... tive que devolver, o mesmo produto está com preço diferente, esperei 10 dias úteis pra receber e agora não tenho nada...",Negativo
"To muito nervoso ja, prazo de intrega era de 11 dia era pra te chegado dia 21/03/18 Ate hj dia 27/03/18 nao chego esse not  que ja ta compro e pago,inresponsibilidade ja com cliente,vo avisando si nao chega essa semana vo entra com outras providencias!",Negativo
Estou usando há menos de um mês e até agora não apresentou problema mas acho muito cedo para afirmar que é um ótimo produto.,Neutro
"além de não ser nada parecido com a foto, o tapete veio em um tom escuro, acredito que chega próximo da cor marron, exageradamente torto, faltando pelos em alguns lugares e escorrega muito, não vale a pena comprar!!",Negativo
bomk ja e a segubndasa vez que compro meu intestino funciona como reloginho com ele,Neutro
Não posso avaliar o produto porque ainda não o recebi. Mas o prazo de entrega esse sim posso porque já fiz o pedido há 16 dias e nem a nota fiscal emitiram ainda...  A americanas já me atendeu com mais presteza...,Neutro
"produto muito ruim só é farinha, produto muito diferente do original",Negativo
Entrega rápida muito feliz  Bom mesmo  Vou comprar mais produtos,Neutro
"produto excelente, sem complicação. Comprei para o meu filho, promessa de desenhista, que gostou muito.",Positivo
"Muito bom! O produto atendeu minhas expectativas! Recomendo! É leve e pequeno, muito pratico!",Positivo
"Cumpre o que promete na descrição do produto, estou satisfeito! Achei bem potente pra seu tamanho, tudo está funcionado normalmente.",Neutro
"Gostei muito, produto muito leve, mas, resistente. O único contra é que a ventoinha veio mal posta, tive que apertar os parafusos, e eles parecem ter vindo meio enferrujados.",Neutro
"Não recebi meu produto, ninguém sabe o que aconteceu com a encomenda no caminho da entrega. O vendedor utilizou os correios, este que presta um serviço vergonhoso (para não usar palavras piores), e os correios simplesmente perderam\não sabem o que aconteceu com o produto.  Sempre utilizo a Lojas Americanas para realizar minhas compras pois conheço o serviço de entrega muito rápida, a confiabilidade dos produtos e a qualidade dos mesmos.  Porém, o parceiro que realizou a venda através do site utiliza esse serviço ridículo e eu continuo aqui esperando meu produto 1 mês após a compra.",Negativo
"Comprei 5 ventiladores e dois vieram com defeito! Estou perdendo meu tempo levando na assitência técnica,gastando gasolina e telefonemas com SAC da latina,mais gastos com duas reinstalações. Gostaria de saber quem pagará essa conta! Em menos de dois meses,ventiladores ainda sem uso (pq é uma casa nova em final da obra) já estragaram... Torcendo p/não dar defeito nos outros... Nunca mais compro Latina!",Negativo
o produto veio com defeito de fabricação e já esta na assistência técnica,Neutro
"O produto é bom, porém a loja não tem logística nenhuma pra gerenciar as compras feitas. Só pra enviarem o produto foram 6 dias (pra aparecer a cobrança em meu cartão 0) e ainda entregam pra uma transportadora que pra sair de uma cidade a 100km daqui leva 3 dias (e ainda não saiu).",Negativo
Não recebi o produto . Estou muito decepcionado com as Ljas Americanas. Perdeu a cliente.,Negativo
"O produto veio com a tampa quebrada quando recebi. Achei falta de cuidado da empresa, que poderia ter embalado melhor.",Negativo
Qual o tipo de TV? Colorida? HD? Digital? Aceita cartão de memória? FM digital?,Neutro
"Na foto parece bem maior, na foto tem 4 pedaços de carne mas na verdade não cabe nem 2, estou muito decepcionado com a loja!!!!! FUI ENGANADO!!!!!  NÂO É UMA LOJA SÉRIA!!!!!!!! Mostra um produto e entrega outro!!!!!!!",Negativo
O produto chegou com o ponteiro de segundos sem funcionar...,Neutro
"A resolução da imagem do aparelho e destorcida ,ruim.",Negativo
"Produto muito frágil, pequeno. Não atende conforme anuncio.",Neutro
O produto é até bom e o preço em conta mais dependendo da televisão ele fica meio torto e aparece embaixo o ferrinho do suporte mais fora isso ele é bom ! Recomendaria,Neutro
"Boa noite a justificativa da insatisfação e por que o produto nunca chegou ate a mim pois não tenho como avalia o mesmo difícil a minha situação, comprar e ate o presente momento não ter recebido",Negativo
"Produto é bom para iniciante porem quem for comprar saiba que irá pagar  uma media de 35 reais a mais pq terá que comprar o adaptador de corrente separado, caso contrario terá que usa na pilha e haja dinheiro pra isso, saiba também que conseguir um adaptador com a tensão certa é dificil !",Neutro
"excelente produto e entrega super rápido, som ficou perfeito nao ocupa espaço nao usa muita bateria aprovadíssimo",Positivo
"Tive problemas na entrega, demorou muito mas o produto é bom.",Positivo
"O fogão é lindo, recomendo o produto, chegou antes do prazo,  O relógio tem a cor vermelha, ficou muito bonito no fogão inox. Estou muito satisfeita com a compra.",Positivo
Produto de ótima qualidade minha filha amou. Tamanho bom. Super macio. Entrega muita rápida. Recomendo.,Positivo
"Estourou no primeiro uso, e não tem conserto. Péssimo!",Negativo
Na foto mostra o kit completo mas entregaram apenas a válvula... se for isso mesmo a foto engana e faltou transparência pois não tem o filtro. Caso seja problema na entrega favor realizar a entrega. Fora isso o produto eh bom,Negativo
"O celular não trava , a câmera é bom , processador bom a biometria é boa , Samsung está de parabéns com esse J7pro.",Neutro
"A entrega demorou um pouco, mas o produto tem muita qualidade e funcionou perfeitamente. Recomendado!",Neutro
Queria saber se entra watts alguém pode me informar?,Negativo
"Serviu bastante pra finalidade que comprei,e as Lojas Americanas estão de parabéns!Chegou bem antes do combinado.",Neutro
"Celular Mad in China, não homologado pela Anatel! E a garantia a LG atende?",Negativo
"Demora muito tempo para aquecer e cozinhar. Apesar desse detalhe, cozinha bem e é seguro. Recomendo para uso esporádico.",Neutro
"O pedido está 2 semanas atrasado, o calor já até passou, é impossível falar com um atendente pelo telefone. É possível encontrar o mesmo produto em outros sites. Um amigo pediu o mesmo produto de outro site e chegou em 3 dias, o meu pedido nas Lojas Americanas já se passaram semanas. Fuja desta roubada!",Negativo
"Funciona perfeitamente, atende bem rápido aos comandos.",Positivo
Comprei para o meu filho. Carrega rápido e tem bastante espaço para jogos.,Neutro
"Não comprem, produto de péssima qualidade. Esta balança funcionou apenas por 2 semanas. Observação: a balança parou de funcionar do nada, não houve quedas, o produto não foi exposto ao sol, nem houve dano ao produto. Tentei de tudo, troquei bateria e nada de funcionar novamente. Apesar do preço convidativo, não compraria novamente produto dessa marca.",Negativo
Panelas super frágeis e a forma retangular já amassou sem nem ao menos ter sido utilizada.,Negativo
Produto não foi entregue e pararam de responder minhas reclamações,Negativo
"Produto já conhecido e original conforme anúncio. Vendedor confiável, produto chegou em bom estado e sem avarias na embalagem. Recomendo",Positivo
Desde recebi até agora a câmera não funcionar!! Eu já instalei muito vezes não funcionar!,Negativo
"Venho com muita insatisfação relatar como meu produto chegou. Comprei uma mesa pela americanas, que me passou para a madeira madeira, e foi entregue pela DominaLog, meu produto chegou cheio de marcas e imperfeições, arranhões, descascado em algumas partes da base, eu paguei por um produto de qualidade mas chegou a qualidade inferior ao que paguei e ao que esperava, realmente me decepcionei, a americanas é um site ao qual eu priorizava para compras, já fiz vários pedidos, inclusive já estou aguardando a chegada de outro produto, mas agora irei repensar antes de comprar, paguei a mesa em uma parcela só, faço sempre compras aqui e chegou de uma forma totalmente descuidada e imperfeita, me sinto até lesada de alguma forma, por fim, é isso.",Negativo
"Produto bom, atende as necessidades!!! Entrega muito antes do prazo. Parabéns!!",Positivo
"Um ótimo smartphone, eu recomendo. Tem uma tela muito grande e a qualidade da  imagens é muito boa.",Positivo
Já tava bom. Diz que ia mudar ainda pra melhor. Já não tava muito bom. Tava meio ruimtambém. Tava ruim. Agora parece que piorou!,Neutro
"O produto atende as especificações. A entrega foi antes do prazo previsto. A embalagem de proteção do produto, bem como a de remessa ficou a desejar, chegou amassado.",Neutro
Fui ultilizar o meu produto e não funcionou. A onde precisa ficar travado não ficou e não esquentou. Como posso proceder agora? Foi o primeiro produto que veio assim.,Negativo
Muito bem embalado e chegou perfeito funcionando. Não só suoer recomendo como sou cliente acidua dessa loja.,Neutro
Entrega super rápida .   Parabéns pela agilidade na entrega e qualidade no produto .,Positivo
"Uso o condicionador Absolut Repair da Loreal a mais de 5 anos, compro sempre em lojas físicas em ribeirão preto ou no site beleza na web e nunca percebi diferença entres os produtos comprados em loja física e internet. O produto comprado não tem o mesmo desempenho do produto que uso a 5 anos, não deixa o cabelo macio e solto. Apresenta variações quase imperceptíveis também em relação ao tamanho do pote e cor dos que comprei outras vezes na beleza da web ou loja física.",Negativo
Bom carregador  eficaz  na hora  que  precisa  funciona  muito  bem  estou  contente,Neutro
"Produto excelente , superou as expectativas , e chegou muito antes do prazo dado , amei",Positivo
"Gostaria muito desse copo,mas o frete no valor de r$4,69 atrapalhou a negociação",Neutro
"Apesar de entrega ter sido entregue no prazo,achei muito logo o prazo",Neutro
Produto de excelente qualidade. Entrega antes da data do prazo. Ótima experiência de compra.,Positivo
ATÉ O PRESENTE MOMENTO NDA A CRITICAR LOJAS AMERICANAS ( COMPRAS  E ENREGS NO TOTAL),Positivo
"Tampão avariado e quando solicitei troca, me enviaram outro  tampão com uma avaria maior. Além de entrega fora do prazo.",Negativo
A loja poderia informar as imensoes do produto. Não comprei por falta dessa informação.,Neutro
Na imagem da propaganda consta controle de volume e botão atende chamada o produto entregue não tem o botão atende chamada o volume do som é muito baixo o xicote é muito pequeno qualidade ruim pedi a devolução não tive nenhum retorno até agora uma verdadeira propaganda enganosa,Negativo
"Produto muito bom, atendeu minhas expectativas. Entrega rápida, nota 10.",Positivo
Adorei a escova!! Ela é perfeita para quem tem o dia dia corrido.,Positivo
"EU NÃO GOSTO DE PRODUTOS MANIPULADOS, VOU TOMAR PARA VER SE É BOM.",Negativo
"O acabamento deixa um pouco a desejar, mas se for pelo preço é aceitável.",Neutro
"Comprei para experimentar. Um bom produto, mas esperava um pouco mais. Pra omeletes é bom, pra carnes, nem tanto.",Neutro
"gostei muito do produto, excelente qualidade. muito pratico, estou muito contente com o mesmo, valeu o investimento. obrigado.",Positivo
"Excelente qualidade, pena que é tão caro. Fácil instalação.",Positivo
"O produto chegou no prazo e em nom estado, mas foi entregue em outra casa, e a pessoa que foi muito honesta e não me conhecia entregou para um vizinho meu que me entregou, uma grande falha da loja americanas.",Neutro
"O produto do anuncio é excelente... Uma pena a empresa não respeitar os clientes. Me enviaram o modelo pb82, não foi o anunciado, e ainda tentaram me convencer que eu e o site do fabricante estavam enganados e que talvez fosse um erro de gráfica na embalagem do produto... Uma m**da! Casa das serras nunca mais.",Positivo
"Deu tudo certo, entrega no dia marcado.b om produto",Neutro
"está  havendo um equívoco, ainda não recebi este produto,  e não consigo falar com voces, ligo e voces dizem que vão retornar, e nada.",Negativo
"Estou muito chateado e insatisfeito, pois não recebi este produto. Pedi dois cartuchos de tinta: preto e colorido. Recebi o preto, mas o colorido ainda não, e o prazo estipulado para que eu o recebesse era no passado dia 03/03. Por isso não posso avaliar.",Negativo
"Boa noite, o produto veio com defeito enviei de volta pelos Correios,o mesmo já foi recebido pela empresa , mas até agora nada de mandar outro estou muito insatisfeito espero que as lojas Americanas tome alguma providência, pois já compro na loja algum tempo , tenhao atitude e tome alguma providência.",Negativo
E NECESSARIO PUBLICAR AS MEDIDAS DO MOVEL. ME INTERESSA O PRODUTO. MAS PRECISO SABER MEDIDAS EXATAS. PROFUNDIDADE.,Neutro
"Comprei o produto, paguei no dia do vencimento do boleto, dia 30,agora meu produto está dando como se não foi pago, e cancelaram minha compra. cadê meu dinheiro????",Negativo
"Comprei o produto há 1 mês e até agora não tenho notícias do mesmo. Parece que o produto foi extraviado, mas até agora não obtive um posicionamento das Americanas ou da transportadora a respeito. Solicito a devolução do dinheiro e o cancelamento da compra urgente.",Negativo
Péssima logística deixou produto totalmente destruído. As embalagens não são apropriadas para o transporte e os vidros chegaram todos quebrados. Estou a mais de 10 dias aguardando um retorno e fica um empurra empurra entre Americanas e um terceiro que fabricou o produto. Péssima experiência.,Negativo
Produto dentro das expectativas que estava pretendendo. Serviço Americanas perfeito.  Obrigado,Positivo
"Infelizmente, fiz essa compra na Americanas, Mas não verifiquei que o produto e vendido por terceiros. O  mesmo tem que ser carregado na tomada toda hora e o visor não fica disponível o tempo todo.",Negativo
Qdo receber a cafeteira darei minha opinião . Pois não cheguei a usar a mesma.,Negativo
"Comprei de presente pra para  meu filho e o aparelho desligar muito rápido , e se a criança cair. Ele só liga novamente se conecta-lo ao carregar novamente.",Negativo
"Estou extremamente insatisfeita, o produto de péssima qualidade. A caneta touch descrita como PRETA veio na cor azul. A película de vidro COBRE A CÂMERA FRONTAL. A capa já descolou inteira, sem falar que já está rasgando nas partes onde dobra. Decepcionada com as parcerias da loja americanas.",Negativo
"Se você procura um tablet para estudos e trabalho esse é ideal. Preço baixo, boa qualidade de sensibilidade e resolução da tela. A câmera é bem fraca. Não sugiro se você quiser um tablet pra fotografar ou fazer chamadas de vídeo. As cores são inferiores ao samsung. Mas pelo preço ele é excelente.",Positivo
"Até é bonitinho e atende as espectativas, porem pela imagem ele aparenta ser um pouco maior.... Fica meio pequeno no pulso!",Neutro
"Produto ótimo, funciona perfeitamente. Recomendo, entrega no prazo.",Positivo
"CHEGOU DENTRO DO PRAZO PREVISTO, SENDO QUE O ACABAMENTO DA LANTERNA DO LADO ESQUERDO VEIO COM ALGUNS DEFEITOS NO ACABAMENTO, MAIS, NO DEMAIS ATENDE PERFEITAMENTE O QUE EU ESPERAVA.",Neutro
"O kit edredom não tem ABSOLUTAMENTE NADA A VER COM O DA FOTO. É feio, horrível, acabamento péssimo, parece uma lona!! simplesmente péssimo, não recomendo pra ninguém. Péssima loja, péssimo produto.",Negativo
"boa tarde!!  já usei uma vez, agora é a faze de adaptar, mas eu gostei do investimento que eu fiz.",Neutro
"amei o produto, até dei um pra minha sogra de aniversario e ela também adorou. Tem muitos netos e bisnetos, então usa muito. Não tenho mais nada a dizer.",Positivo
"Fácil de usar, som claro e alto, com ótimo ajustes.",Positivo
"É um bom produto mas na primeira semana, apesar de todo o meu cuidado no uso, a tampa começou a estalar estranhamente no momento da abertura. É preciso tomar cuidado quando se paga barato.",Neutro
"Produto fraco, não cumpre o que se propõe. Para retirada completa dos pelos é necessário passar várias vezes, o que agride muito a pele e deixa pelos encravados. Não recomendo!",Negativo
"Não gostei muito das tesouras não, achava que seria um bom investimento, mas não foi não",Negativo
Ótimo para àqueles momentos de imprevisto do dia a dia.,Positivo
"Muito fraca a resistência , não esquenta muito, consequentemente demora muito p assa a carne. Minha vontade é troca o produto pois acho q está com defeito . Não parece normal .",Negativo
"gente nao compra e muito ruim estou como minha aqui na minha casa ja trocou uma fez er veio do mesmo jeito , produto nao esquenta , que produto ruim e esse vou precura meus direitos ,   EU NAO RECOMENDO PARA MINGUEM COMPRA",Negativo
"quanto as cuecas,embora tenha gostado,não fiquei com elas,pois o tamanho ""m"" é menor se comparada,com outra tamanho""m"" de outra marca.",Neutro
"Comprei o produto para auxiliar nas dores musculares de minha esposa, o produto era maior do que eu esperava e se percebe a atenção e o capricho no acabamento do produto. Recomendo a todos",Positivo
"Celular de qualidade, como nas especificações, e veio tudo certo no prazo.",Neutro
"Esperava um pouco mais, mas meu filho Ficou satisfeito",Neutro
Nunca estive tão satisfeita com um aparelho celular.,Positivo
O produto no início era até bom mais com menos de um ano o moto deu problema é agora pifou de vez; Arno era uma marca de renome mais agora está a desejar.,Negativo
"Recomendo se for dar para uma criança, menos de sete anos.",Neutro
"As lojas americanas com seus parceiros, vendem o produto, não tem em estoque e depois desfaz as compras. Vender o que não tem se chama picaretagem.",Negativo
......................................................................................................................................................................................................................................................................................................,Positivo
"Acabamento bom, custo benefício bom. tem um conteúdo bom.",Neutro
Comprem sem medo. O armário é melhor do que na foto. Não achei que seria tão lindo. Estou surpreendida. Só demorou muito pra chegar. E a loja anunciou a entrega antes de entregar realmente. Por esse motivo não dei nota 5,Neutro
"Produto bom e barato, entrega antes do previsto !!!",Neutro
bom produto e a marca do fabricante demonstra segurança para quem compra,Neutro
"Brinquedo excelente, porém, para criança pequena necessita da assistência de um adulto. Ótimo para dar de presente. As crianças adoram.",Positivo
"Entrega muito rápida, produtos ótimos. Parabéns! Super recomendo.",Positivo
"a entrega foi quase dentro do prazo ,, mas deveria vir mais rapido ... quanto aõ produto ele é bom caiu bem no carretetel da minha roçadeira ,, naylon quadrado bom ...corta muito bem valeu a compra....",Neutro
"Ainda não obtive o que gostaria, que é a retirada dos indesejados cravos. Acredito que em trinta dias o objetivo será alcançado, se a maquininha continuar funcionando maravilhosamente bem.",Neutro
O produto chegou antes do prazo e em perfeito estado,Positivo
"A única coisa a reclamar é o acabamento e não ter luz de led que indica carregamento da bateria. Se existe, o meu veio com defeito. Me parece muito frágil.",Neutro
No começo eu achei um pouco ruim mais com o tempo eu fui percebendo que o jogo não era ruim eu percebi um lado bom do jogo no final gostei do produto.,Neutro
Nao recomendo pq comprei e veio faltando peças e não deubpta montar minha filha tem 4 anos e ela esperava muito e quando chegou a decepção neh então eu logo e ninguém atende,Negativo
"Produto Jarra Magnetica testado e em doi meses reparamos que água não apresentava P.H alcalino conforme prometido em sua propaganda, indices de emissão infra vermelho praticamente nulo, imantação inexistente. Produto pelo que parece serve apenas para uma filtragem básica das particulas em suspensão .  Informação sendo registrada nos órgãos competentes, propaganda enganosa.  P.S ( testes água superior a 2 horas de imerssão no filtro, ainda não registrados, mas esta sendo avaliado.)",Negativo
"Recebi o produto é um dos potes veio quebrado, fiquei decepcionada",Negativo
"Comprei a quase um mês e o produto nunca chegou, estou aguardando para fazer uma avaliação mais sincera.",Negativo
"Várias peças quebraram na primeira semana. As armas não encaixam nos soldados. E outras peças não encaixam em lugar nenhum. E muita aparência pra pouco proveito. Meu filho gostou, mas por mim deixou muito a desejar.",Neutro
"CUMPRE COM O DESCRITO NO ANUNCIO, E O PREÇO É ÓTIMO, PRAZO DE ENTREGA MUITO ANTES DO PROMETIDO, MUITO BOM MESMO.",Positivo
"Exelente produto , café quentinho ! Tamanho ideal para duas pessoas , ela é forte e resistente!",Positivo
Produto atendeu perfeitamente as minhas expectativas.,Positivo
"Um livro muito bom, sensivel e que nos transforma de alguma forma!",Positivo
"Não vale o preço que se paga. A petisqueira é muito fraquinha. Também me entregaram outro produto, solicitei a troca e este fornecedor Dual Click simplesmente me responderam que o que me enviaram era lançamento da brahma . Mas o que pedi ainda continua no site. Muito insatisfeita.",Negativo
"Comprei este produto pela qualidade e pela marca, pois ja uso a anos produtos desta marca.",Positivo
"Gostei do som portátil, atende as minhas necessidades.",Neutro
Ótimo  produto muito potente. Gostei MUITO  aprovadíssimo,Positivo
"Não só não efetuei a compra (não possuo carão de crédito) como tentei entrar em contato com as lojas americanas sobre isso, o que foi MUITO difícil. É um absurdo que vocês não tenham um canal de comunicação eficiente para tratar esses problemas. PAGUEI por diversas ligações até conseguir falar com um atendente de um setor qualquer e mesmo assim não consegui sequer a informação sobre o emissor (banco/instituição) do cartão para que eu pudesse tomar providências. Esse dado só me foi passado após vocês não receberem pela compra, ou seja, vocês estão ""se lixando"" para o cliente, pois quando procurei não fui atendida e, caso tivessem recebido, eu até hoje não teria qualquer informação sobre o tal cartão no meu nome.  Obs.: A atendente foi bastante prestativa, mas observei que é uma atitude dela e não da empresa, que em momento algum se empenhou com a demanda.  Atenciosamente,  Cliente ignorada, descontente e decepcionada.",Negativo
Este smartphone e um bom aparelho mas estou tendo algumas dificuldades ainda pois algumas funções não estão corretas,Neutro
"Além do preço super módico, a chave vem equipada com bluetooth, GPS, HD de 64 GB e mp3 player. Não bastasse isso tudo, já vem com uma assinatura de 10 anos grátis do spotfy!! Mas o melhor de tudo é que a chave também pode ser usada como um sabre de luz!! Há um botão escondido na parte inferior que, quando acionado, transforma a chave em uma poderosa arma jedi, e agora posso combater a lado sombrio e enfim trazer o equilíbrio pra galáxia!",Positivo
Tem o consumo baixo de energia! Vem com uma parafuso para fiquesar o produto no local adequado.,Positivo
"Fico muito feliz em receber esses descontos, e o produto e excelente",Positivo
O produto não é o mesmo que está na foto do anúncio. Mas é bonzinho.,Neutro
"Produto excelente, de ótima qualidade, e que faz cafés deliciosos... o único porém é que agora tem os gastos das cápsulas... mas como não é para todo dia, compensa... adorei.",Positivo
"AMEI A BOLSA ACHEI POR SER BARATA SERIA MAIS OU MENOS, SUPER RESISTENTE E MUITO BONITA O TAMANHO É IDEAL PARA LEVAR BEBIDAS , AINDA NÃO USEI MAIS ACREDITO QUE NÃO VOU ME DECEPCIONAR. COMPREM SEM MEDO.TOP",Positivo
"O livro é excelente, por isso o comprei, mas não vou mais escolher a ""Outlet de Livro"".  Eu comprei este e mais dois livros, cada um de uma distribuidora diferente. A compra dos três foi no cartão de crédito. Os outros dois chegaram na mesma semana que comprei, porém este constava apenas que a nota fiscal foi emitida. Recebi quase três semanas depois da compra, mas ainda dentro do prazo.  Quando entregaram, quase detonaram com a minha caixa de correio, pois mesmo vendo que o livro não entraria, o entregador ficou forçando e amassou a caixa e o livro (que nem em uma caixa estava, foi embrulhado somente com plástico e papel pardo, que rasgou quando foi colocado na caixa de correio). Agora tenho um livro novo, que paguei muito caro por sinal, mas amassado, como se já tivesse sido usado.",Negativo
Ótimo para usar na correria do dia a dia e não quebra fácil.,Neutro
Vou animar as festas infantis da minha família... muito bom!,Neutro
O resultado final fica como se tivesse raspado com gilette e já cresceu um pouco.,Negativo
"Achei os tamanhos das panelas muito pequena e rasa, achei que eram maiores",Neutro
Além de bonito muito fácil de mexer gostei e a lojas americanas como sempre arrasando na entrega amei.,Positivo
"Gostei muito, espero que haja mais promoções como esta no futuro.",Neutro
"Ótima velocidade de conexão , pega bem Wi-Fi, muito boa imagem para uma HD, é bem bonita.",Positivo
"Além da entrega ter sido rápida, fiquei bastante satisfeito com o produto, que até então não apresentou nenhum defeito e me trouxe muitos benefícios. Vale a pena compra-lo.",Positivo
"nao gostei ao abri ja quebro muito fragil aquela tampinha de baixo nao emcaixa ai nao fecha ,joguei meu dinheiro fora",Negativo
"Comprei o o produto no dia 24/12 e até hoje não recebi, e vocês estão me pedindo para avaliar o produto, que não foi entregue, e no rastreamento do produto diz que teve problemas no correios.",Negativo
"É um produto de desempenho médio. Levou quase uma semana até o windows 10 fazer todas as atualizações necessárias. Não é muito rápido mas atende com boa paciência o uso doméstico. A tecla ""Enter"" é muito pequena e dificulta frente o costume com outros teclados da Dell.",Neutro
"É um produto muito bom, atingiu minhas expectativas",Neutro
um celular simples com um preço justo para oque ofderece,Neutro
Um excelente celular para usa no seu dia a dia e de boa qualidade para quem quer um smartphone  de bom dezenpenho.,Positivo
"Olá, comprei diversos acessórios através da americanas.com , porém senti má fé de alguns parceiros, inclusive deste. O acessório ""mata-cachorro "" simplesmente veio sem o suporte para prender o mesmo , sendo q eu nem sabia da necessidade deste suporte.  Aguardo solução.",Negativo
Entrega dentro do prazo e o produto condiz com a descrição do site.,Neutro
Infelizmente o produto não conseguiu cumprir sua finalidade. Quero meu dinheiro de volta!,Negativo
"Linda, firme, grande, não faltou peça, chegou bem rapidinho.",Positivo
Ate o momento não recebi o produto. Mais de 20 dias de atraso. Site na da suporte nenhum.Lixo. Era para ser um presente de natal.,Negativo
"Não veio o que eu pedi a boneca que eu pedi era 55cm por 99,00 veio uma de 20cm pelo mesmo valor e me retornaram que estava correto , eu jamais pagaria esse valor numa boneca daquele tamanho",Negativo
"O copo do liquidificador veio todo quebrado, já solicitei a devoluçao mas até agora nada..",Negativo
"Gostei do produto, muito bom  mesmo....recomento aos compradores!!!!!",Neutro
"Essas grelhas não são as originais da Arke, usaram a marca e a imagem do produto original, mas o produto que veio é completamente diferente, o encaixe é pontiagudo, o cabo é bem simples e não tem a inscrição da marca. Na descrição não consta que as imagens são meramente ilustrativas.",Negativo
"Sempre comprei produtos Walita e nunca tive problemas. Desta vez isso não aconteceu. A alça esta com rebarba machucando o dedo. Não tem pés antiderapantes, o fio não tem onde guardar, para lavar o copo tem que tomar cuidado para nao se machucar na hélice. Enfim uma porcaria. Não recomendo!!! Pelo menos a entrega foi rápida.",Negativo
"Chegou rápido, produto está correto! Recomendo ,tudo conforme esperado!",Positivo
"É uma capa para sofá, mas como não tem com prender no sofá sempre que alguém senta e levanta fita toda solta. Me arrependi de ter comprado.",Negativo
"Nao deveria ser vendido um produto que não cumpre nem as informações técnicas (capacidade para carregar a bateria do celular), nem a promessa de ser solar (não consegue gerar energia suficiente pra carregar o próprio equip.).",Negativo
"Produto entregue antes do prazo. Com o encosto ficou muito melhor em relação aos outras cadeirinhas que são apenas elevatórias, possibilitando passar o cinto em uma posição em que não fique no pescoço da Criança.",Positivo
"Super recomendo, muito fácil e pratico, nunca tinha feito os cachos ficam perfeitos entrega em 1 dia, muito bom, custo beneficio maravilhoso.",Positivo
"Gostei da aquisição do produto, atendeu perfeitamente o que estava estipulado no anúncio. Gostei bastante.",Positivo
Produto bom chegou muito antes do prazo. Comprar na Americanas é muito confiável. Bom demais.,Neutro
Fiquei insatisfeita pois não recebi o produto que estava previsto para dia 19/03.,Negativo
"Atende, porém, pelas especificações que li do produto disponibilizadas antes da compras, não condiz com o produto. Em relação a capacidade, ele é frago de potencia.",Negativo
"Demorei muito pra receber o produto, veio tudo desmontado e uma das lâmpadas veio queimada.",Negativo
Ainda estou usando o produto mas estou gostando do resultado,Neutro
"Achei bem resistentes bonita, comprei um tamanho um pouco maior, mas foi super fácil ajustar. O segredo é deixar ela bem esticada pra não entrar mosquitos.",Positivo
Não esquenta como deveria esquentar. Você coloca nos 450 não esquenta nem a pau tem que colocar no 300 ° primeiro aí leva em cerca de uns 8 minutos pra esquentar pra daí começar a usar,Negativo
"Gostei muito, atendeu perfeitamente. Chegou direitinho!!",Positivo
"É óbvio que por ser lançamento a entrega iria demorar, porém valeu cada segundo, o produto é incrível, super rápido e a câmera traseira nem se fala, muito boa! Pra quem procura por custo-beneficio encontrou aqui, 64GB de memoria com 4GB de Ram é a combinação perfeita para um uso fluido do aparelho sem que atrapalhe no dia a dia. Melhor intermediário do mercado brasileiro, certeza!!",Positivo
"A imagem é ÓTIMA, e o produto é bem compacto, com muita qualidade; tem conversor digital integrado, e a instalação foi bem simples. A ÚNICA ressalva é quanto ao tamanho do controle: Se a tv é compacta, o controle deveria ser menor. Entendo que abrange muitas funções, e é a ÚNICA ""queixa"". Mas, compraria DE NOVO, pois o preço está compatível, e o atendimento foi bastante satisfatório!!!",Positivo
"gente me dem uma luz estou tentando configurar o meu aparelho, acabei de comprar, mas nao tem o idioma portugues o que faço???",Neutro
A tv chegou conforme solicitada. Foi entregue antes do prazo proposto no ato da compra. Uma excelente tv. Recomendo a todos.,Positivo
"Ótimos pneus, vieram antes do previsto e estão atendendo as minhas necessidades.",Positivo
Recomendo produto chegou antes do previsto e os travesseiros são ótimos como anunciado.,Positivo
Com relação ao filtro de ar do reservatório de sujeira deveria ter uma tela de proteção para maior durabilidade e facilidade de limpeza,Neutro
boa tarde gostaria de saber a espessura do produto?,Negativo
Boa funcionalidade. Gostei muito do produto. Excelente material. Recomendaria com certeza,Neutro
o produto está de acordo com as expectativas antes da compra,Positivo
sr promotor estou dizendo que não recebi o produto. espero que corrijam este problema,Negativo
O dois pontos positivos das Lojas Americanas são o preço e a entrega rápida. Recomendo a todos este desenho.,Positivo
Infelicidade comprar com vocês. Mais de 20 dias para emitir uma nota fiscal. Para completar me perguntam o que achei de um produto que nunca recebi.  Deve ser piada ! Última compra com vocês... já deu !,Negativo
"Versátil, fácil de usar, camêra boa, tamanho menor e mais fino . Muito bom",Positivo
Não gostei. Sai na água minúsculos pedaços de plástico e o meu filtro fica apitando como se eu devesse trocar a vela novamente sendo que eu acabei de colocar a nova. Tenho a sensação que não está filtrando corretamente.,Negativo
Amei minha escolha... Entrega dentro do prazo previsto,Positivo
o produto é ótimo...................................................................,Positivo
"Parabéns pela eficiência na entrega do produto, comprei para dar de presente. Não li do livro.",Neutro
"Ainda bem que comprei 220 para usar no 110, ficou fraco o abajour, mas ficou excelente!",Positivo
"Esquenta, então tem que ficar longe de crianças. Mas é bem legal",Neutro
Faltou informar no anuncio que era para mini cup cake.,Neutro
Bom produto entrega no prazo tudo ok Não tenho mais nada a dizer,Neutro
muito facil pratico e util pra usar  ideal e com praticidade  facilidade pra utilizar,Positivo
"detestei o produto,comprei pra testar.mas nao gostei muito ruim.",Negativo
Essa chave de boca de 5 mil reais irá mudar sua vida... Após consertas o cano da pia ela ainda fez um cafezinho pra mim ;),Negativo
Comprei o celular para meu filho.Está bem satisfeito.,Positivo
comprei o ps3 e nao recebi o produto e ainda nao consigo o extorno do dinheiro uma sacanagem das lojas americanas nao comprem,Negativo
"Cuscuzeira c pontos de ferrugem nos locais que faz a fixação dos pegadores e na peneira na parte interna. E está não fica bem no interior da Cuscuzeira. Já não comprava inox Brinox, agora também Hércules.",Negativo
Não sei se é bom porque nem sequer ligou qd coloquei na tomada....pedi a troca na mesma hora!!! Tbm achei muito grande e exagerado!!! Mas de design é bem bonito!,Negativo
o tel. poderia ter um icone para especificar como colocar dia/mes e hora. apesar do visor apresentar espaço para isso não encontrei onde  e como fazer. Fujie.  no mais ele é bom.,Neutro
Dificuldade mediana em montar. Vale o custo benefício,Neutro
"Recebi o produto no dia 09/03 e ele não funcionou, e até o momento não consegui trocar.  aguardo retorno.",Negativo
Vcs que compraram sabe me informa se roda o pugsnesse PC Gamer,Neutro
"Tem um mês de uso ainda não sei como será o desgaste do material que aparenta ser simples. Até o momento atende as necessidades, é bonita e confortável, as rodinhas são boas e a montagem é fácil.",Neutro
"A progressiva em si é boa, fiz a primeira lavagem e o cabelo esta menos ondulado. porém a embalagem não inspira segurança pois veio sem o lacre da fábrica. Apenas com um adesivo segurando a tampa...permitindo que o produto seja facilmente manipulado por qualquer pessoa.",Neutro
Comprei dois computadores na no site e a minha surpresa mais de 30 dias e nenhum produto entregue. Um tem previsão para dia 30/05 (quase 45 dias depois de aprovada o pagamento) e pasmem o segundo computador só será entregue dia 26/06 isso é quase 60 dias da compra. Absurdo,Negativo
Americanas enviou e-mail dizendo que chegaria com atraso. Ainda não recebi o produto e recebo esse e-mail de avaliação. Estranho isso..,Negativo
"Não recomendo  descascam muito rápido,ficam queimadas por fora.",Negativo
"produto chegou dentro do prazo estipulado, muito bem armazenado",Positivo
o produto e bom! o que realmente nao explicam que o tamanho g e para pessoas tamanho p. nao serve para pessoas gordinhas que querem perder peso.,Neutro
"Naturalmente tenho pouco tempo de uso, mas é ideal para lugares pequenos, para esquentar pratos rápidos. Comprei pro escritório! Atendeu bem até então!",Positivo
"Estava procurando um notebook de 14 polegadas com boa configuração, o que hoje em dia é difícil, pois a maioria são com tela de 15. Dentro das possibilidades e das avaliações optei por esse. Achei um pouco lento, então tirei o hd e coloquei um ssd de 240, e fiz do HD dele um externo. Ficou show! Claro que não é top de linha, seu teclado não é retroluminoso, não acende a tecla capalock e a tela tem reflexos, além do acabamento ser de plástico. Mas pelo preço vale a pena, ele é bonito, leve, lembra um ultrabook por ser fino, já que não tem drive de dvd. Como estava procurando algo mais compacto e leve para facilitar o transporte em viagens achei ele ótimo nesse sentido. Gastei mais 300 reais para colocar o ssd, ( esse mesmo modelo com ssd sai 3 mil) peguei ele na promoção por 1850, valeu a pena pelo preço. Não me arrependo, acho que vale o custo beneficio. Para a minha finalidade de uso estou satisfeita.",Positivo
"O pedido chegou antes do prazo previsto, intacto. Não houve violações na caixa. Fiquei satisfeita. Aliás, todas as compras feitas nas lojas Americanas são confiáveis porque é uma empresa que respeita o consumidor.",Positivo
"Bem bolado, ficou ótimo no meu banheiro e recomendo sim esse produto",Positivo
"Não estraguem o sonho das suas pequenas, este produto é falso.",Negativo
"Comprei esse celular não fiquei muito satisfeita com a câmera, há alguns dias tirei todas as minhas dúvidas e fiquei MUITO decepcionada, me sentindo enganada, como se tivesse comprado um celular falso, então comparei ele com outros 2  celulares j7 primer e realmente a câmera Do meu celular não veio Boa. As dos outros j7 primer são mais coloridas, são mais vivas as cores, o meu é bem inferior , mostra menos cor do realmente é.",Negativo
Até o momento está funcionando perfeitamente! Só tive que buscar nos correios!,Neutro
"Este livro eu dei de presente, para uma amiga que gosta deste tipo de história, ela amou, um texto bem escrito, que prende o leitor. Porém , um produto muito caro, também o frete. A compra, foi muito boa, rápida e com ótimo atendimento. O prazo de entrega chegou antes do previsto. Eu recomendo as compras no site das Americanas.",Positivo
"Muito prático, para aquecer a comida sem usar microondas , mas a ventosa sai com muita facilidade, por isso não achei seguro para quando a criança já come sozinha.",Neutro
"Móvel bonito e de ótimo material, valoriza o ambiente e o valor é muito atrativo. Recomendo",Positivo
"Comprei duas unidades deste relógio. A entrega foi demorada e os produtos vieram trocados. Comprei 2 relógios pretos e chegaram 2 relógios de outro modelo na cor  dourada. Um detalhe que me chamou atenção é que a embalagem não era dos produtos, ou seja, era de um terceiro produto, que não era nem o que eu pedi, nem o que foi entregue. Compro há muitos anos nas Americanas.com e nunca tive problemas. Recomendo cautela ao fazer compras deste parceiro.",Negativo
"Só não fiquei mais feliz pois a ficha técnica não indica nada sobre o idioma... NÃO ESTA DUBLADO EM PORTUGUÊS, pra mim legenda não tem problema, adoro ler, mas os demais membros da família ficaram decepcionados.",Positivo
"Um bom aparelho, comprei para dar de presente para meu filho ele ficou muito satisfeito.",Neutro
nem recebi. Só entraram em contato comigo quando o produto ja tinha voltado pra distribuidora e não tinha mais o que fazer a não ser cancelar o produto.,Neutro
Parou de funcionar com menos de 15 dias de uso. Nada mais a dizer.,Negativo
"celular ruin,o meu veio faltando carregado .alem deles venderem um aparelho na cor na azul mas eles entrega na cor preta.propaganda enganosa.",Negativo
Eu achei excelente obrigado Pode comprar por aque e bom mesmo,Positivo
Esse Xing ling não funciona solicitei bônus em outro produto quero devolver estou enviando e-mails a séculos me ajudem senão irei colocar está reclamação no site reclame Aqui e procon,Negativo
"A boneca Barbie é linda e seus acessórios estão de acordo com o produto, parabéns!!",Positivo
"O produto em si é excelente, sendo que recebi com um carregador que não consigo ligar na tomada pois não vem com os pinos no padrão brasileiro. A Americanas apenas vende e são os seus fornecedores que nos enviam. Quando após uma tarde inteira com inúmeras tentativas ao telefone para não perder o prazo para reclamação/devolução, sendo transferido de opção em opção, de menu em menu, para tentar fazer a devolução fui informado que iam repassar para o fornecedor e este sugeriu que eu comprasse um carregador que eles fariam o ressarcimento do valor. Vejam só, comprei um aparelho que não foi barato pra eu ainda ter que ir atrás de um carregador para fazê-lo pegar carga e funcionar. Então ele cancelou minha devolução 2 vezes dizendo que faria contato  diretamente comigo e até agora nada. Já paguei a primeira prestação no cartão de crédito e simplesmente até hoje não recebi contato nem das Americanas que não está nem um pouco preocupada com isso (a preocupação dela é vender) e muito menos do bendito fornecedor. E a Americanas.com ainda quer ser indicada como a loja mais querida da net... A minha conclusão é a seguinte: ESTE FOI O ÚLTIMO PRODUTO QUE COMPREI NAS AMERICANAS.COM",Positivo
"Usei dois desse copo no meu novo clipe de ostentação, beijão, é pra poucos",Positivo
"gostaria realmente de elogiar mais. Kit muito bonito, apesar de não possuir ótimo acabamento como prometido. Porém, o que realmente me desagradou foram os problemas na entrega. Resolvido isto, veio o problema com o produto. Já no primeiro cozimento  duas da panela descascou no fundo. outra a tampa grudou na panela, quando saiu, estava com parte do revestimento cerâmico na tampa. Situação muito chata, pois dei de presente para minha esposa. Estou no prazo de troca, o que devo fazer?",Negativo
"Amo esse marca , já é o terceiro que compro , além do atendimento das Lojas Americanas que é excelente !",Positivo
"Comprei pela marca. Gosto muito de Pioneer. Queria um com DVD, pena que a qualidade do som é horrivel, olha que tive varias marcas (sony, JVC, muitos pioneers). Demora a ligar, botão de memória ruim. Não recomendo.",Negativo
"não tem como avaliar,não recebi meu produto ainda.",Negativo
"Quero saber se posso cancelar o meu pedido, não recebi meu produto!",Negativo
"muito apertada para gordinhos e gordinhas. Parece que no mundo só tem magrelos. Eu consegui sentar nela esprimidinho. me incomoda PODERIA SER PELO MENOS UNS DEZ CENTÍMETROS MAIS LARGA. A cadeira veio com um pequeno probleminha, Soltando uma beirinha do tecido no acento, que se não tomar cuidado solta com o tempo. O teciodo poderia ser uns 15 milímetros pelo menos mais largo para prender melhor quando montar. Muito Obrigada.",Neutro
"Eu não dei muita sorte a minha veio desregulada tenho que pesar três vezes p conseguir o peso correto, balança bonita boa qualidade ,entrega surpreendente muito rápida.",Negativo
Bom produto e bonito. Mas as vezes trava. E fica difícil de voltar as funções. Tem dificuldade de conexão com a internet. A bateria carrega rápido e dura bem.,Neutro
"♡ Apaixonada nesse celular!!! Excelente a câmera, bateria, etc...",Positivo
"Comprei faz mais de 30 dias; Não recebi o produto, e a AMERICANAS.COM informa que não tem previsão de entrega!!!! Não comprem nada utilizando essa plataforma!",Negativo
Ótimo aparelho da LG... deveria ser comercializado oficialmente no Brasil.,Positivo
por  enquanto otimo  usei  e  gostei muito  bom  muito  util,Positivo
O problema é q o androide está desatualizado vou ter q pagar um técnico p atualizar e isso eu não sabia.,Neutro
"O aparelho faz o que promete. Pipoca sequinha, sem óleo. Depois de pronto não prega sal de jeito nenhum. E não pode colocar nada junto com o milho na hora de fazer. Comi pipoca sem sal.",Neutro
otimo produto e recomendo sua utilizacao . escrevo o que achar conveniente. nao gostei de escrever do tamanho que voces querem. da proxima nao avalio.,Positivo
"É FABRICADO EM SÉRIE, E SÓ POR MANUSEIO OU ESTOCAGEM IMPRÓPRIA ALTERARIA SUAS CARACTERÍSTICAS. RECEBI O PRODUTO EM PERFEITO ESTADO. O RESTO É BLA BLA BLA...",Positivo
"Comprei o kit acreditando que seriam iguais a da imagem divulgada na foto. Me atentei ao local onde se conecta o plug do carregador na bateria e na foto o plug é na parte de baixo. Recebi hj a encomenda e vi que o plug é no meio da bateria... O problema é que tenho um suporte pra carregar as baterias só que só dá pra colocar se o plug fosse na parte de baixo da bateria, não no meio dela !!!!! Só por isso comprei !! Achando que era igual da foto... Me sinto enganada !!!!! Só não vou devolver pq não quero me estressar mais com isso... Mas desse fornecedor (Paizão) não compro mais nada ! Espero que pelo menos preste as baterias...",Negativo
"O produto foi postado mas está parado nos correios, não consigo falar com o site da Americanas, porque se isenta da compra dizendo que tenho que falar com a loja Miracurl Pro, a loja não responde as mensagens enviadas, o correios diz que já existe uma reclamação aberta e não posso abrir outra, o que eu faço?? Era para ter chegado no dia 23/04 (14 dias úteis) e hoje 08/05 ainda se encontra no mesmo lugar nos correios, desde o dia 17/04, quem vai resolver o meu problema????",Negativo
Muito bom e a entrega foi rápida pode comprar sem medo não vão se arrepender,Positivo
O pneu foram entregues perfeitamente antes da data combinada Mas em compensação os tapete comprado até hoje não chegaram,Positivo
O filtro veio com vazamento e agora vamos ter de nos virar com a assistência técnica.,Negativo
"nao recomendo a ninguem, porque se agente quizer trocar nao conceque. des de quando o meu chego estou tentando trocar porque fico apertado nao concigo, gasto com ligaçao nimguem mi da retorno.",Neutro
"Nao tem como pegar na aspirador, vc se enrrosca com a mangueira, o fio, ja cai.",Negativo
"O guarda roupa chegou com vários riscos e pequenos amassados nos cantos. Isso mostra o quanto o produto foi transportado de forma irregular ou mal embalado. O entregador teve a ousadia de dizer que se tiver sorte o espelho não estará quebrado.  Além disso, um corte da madeira esta com o desenho na diagonal, esteticamente fica muito feio.  Segundo o montador, o manual possui varias falhas e erros na instrução o que dificulta a montagem ou induz a montar errado. Outro ponto fraco esteticamente são os parafusos ficam a amostra, como o guarda roupa é branco eles ficam em evidência. O material aparenta ser de qualidade e ter uma boa durabilidade. Esperava uma qualidade melhor no acabamento e no cuidado que a empresa tem com o transporte do produto.",Negativo
"Não sei se é bom pois até agora não recebi o produto, então fica difícil. Estou há um mês e alguns dias aguardando alguma resposta sobre o assunto. Obrigada",Negativo
Comprei o jogo no dia 28/12/17 até agora não chegou tá na minha região mais já faz dois dias que esta parado no msm lugar,Negativo
O processador do anuncio e diferente do que acompanha o computador,Negativo
não recebi o produto ..............................................................................,Negativo
"Ótima marca e com um excelente preço, eu indico este produto",Positivo
Livro de alta qualidade para que quer prestar o Exame do CFC,Positivo
"Gostei da Fritadeira sem óleo Britânia, porém pode melhorar...há alguns produtos q não estão relacionados que ficamos sem sabe como fazer.Acho que poderia vir um livro de receitas ou dicas...acessei um site com dicas de terceiros para não errar no ponto do alimento! Mas recomendo é rápida, fácil de limpar e guardar! ;)",Neutro
"Produto atendeu às minhas expectativas, recomendo-o a todos os usuarios das Lojas Americanas.",Positivo
Um dos problemas q percebi  até o momento é que ele esquenta muito.,Neutro
"Boa Noite. Comprei um celular na Americanas e ele foi entregue em 11/12/2017, desde a compra o celular sempre desligava e travava na tela Samsung e não reiniciava e isso aconteceu 3 vezes desde a compra e ele sempre esquentava muito e eu nessas três vezes com muita dificuldade consegui fazer ele funcionar a partir daí na quarta vez ele parou de carregar e quando carregava era com muita dificuldade e do nada ontem quando fui carregar ele esquentou muito e não ligou mais.. e meu celular não tem um mês de uso, e não aconteceu se quer alguma vez de ter caído tanto para provar não a sinais de quedas .. é revoltante que confiei três celulares com a Americanas e um escova alisadora é ela não me atenda neste caso.. aguardo o contato. Lembrando que ainda está na garantia.",Negativo
"tem vestígio de que é usado. mas o produto realmente é bom,ate o momento,sem problemas.",Neutro
"muito bom mesmo , vale bastante a pena gastar esse dinheiro , a bola e a cesta é feita de um material bom ...  (claro , se vc deixar a cesta molhar ela estraga , pq ela é de madeira)",Positivo
"Quando a gente compra alguma coisa e paga por ela, a gente espera que essa coisa seja entregue em nossa residência. Principalmente quando há crianças envolvidas na expectativa que essa coisa gera. Péssimo o que vocês fizeram com o garoto.",Negativo
"está funcionando, veio intacto, só me preocupa o barulhinho que faz quando está funcionando, sendo que tenho outro igual que não faz barulho algum!!",Neutro
Estou satisfeito com o produto entregue.Ele atende a nossa necessidade no dia dia produto de qualidade.,Positivo
Eu gostaria de saber se esse aparelho possui conexão wifi?,Neutro
"O produto é de boa qualidade e a entrega ocorreu dentro do pra. Mais uma vez, parabéns Americanas.",Neutro
empresa seria. entregaram no prazo conforme descrito no site. voltarei a comprar.  obrigado.,Positivo
"Muito bom produto, tamanho bom, exatamente o que eu estava esperando, bom material...",Positivo
Bom dia penso q se tivesse recebido o produto poderia dar uma avaliação positiva. mas nao recebi o protudo ainda. ja vou pagar a segunda parcela.,Negativo
"A buzina é muita alta, e a lanterna é bastante forte, atende as necessidades",Positivo
Belo acabamento e impressão impecável. Indico para quem gosta de colecionar quadrinhos ou para quem quer presentar alguém que gosta na 9ª arte. Recomendadíssimo.,Positivo
"Camera que destroi concorrentes, snapdragon 410 incrível uma coisa que peca um pouco são os 1,5gb de ram pq não 2gb? más tem uma tela de 5,5 polegadas muito boa, flash bem forte más não e dual flash leve, fino belo acabamento sem contar as funções de treino que ele vem melhor celular nessa categoria que você pode ter simplesmente incrível.",Positivo
Comprei para repor um que quebrou. Mantém a boa qualidade.,Positivo
Caixa térmica de ótima qualidade. Tamanho ideial para levar em qualquer lugar que você esteja reunido com poucos amigos. Capacidade de 24 latinhas de 269ml.,Positivo
"Muito bom, recomendo.............................................................................................................................",Neutro
Chegou dentro do prazo.  Não deixa em nada a desejar do de capa dura. Exceto o tamanho mas ao se analisar o preço do.combo super compensa.,Positivo
"Bom produto, bonito e bem eficiente para fazer sucos e vitaminas. Gostei.",Neutro
"Produto superou as minhas expectativas, já usei e recomendo!",Neutro
muito ruim fiquei tão chateado que joguei fora não fociono nem cinco minutos,Negativo
O produto é inútil. Não corta o pelo e ainda machuca a pele. Não adianta nada. Achei horrível.,Negativo
"Barbeador que não corta nem barbeia nada,  mantendo pelos mesmo que curtos no rosto",Negativo
"Gostaria que o prazo de pagamento fosse maior , 5 vezes sem juros é  muito pouco.",Neutro
Ótimo produto. Com algumas dificuldades de manuseio; mas nada que possa impossibilitar o seu uso e aceitação. Design inovador e funcional. Chegou intacto e os prazos de entrega foram devidamente atualizados. Recomendo!,Positivo
bom dia o produto se encontra disponível por que estou precisando de um desse ai ?,Neutro
"pessoal da americanas, só arrumem a descrição do produto que está errada, fui guiado pelo preço e pela descrição, quando comecei a ler as especificações e vi que o processador é um core i5 e não um core i7 como na descrição do produto.",Neutro
"O celular é bom, atende as especificações, porém a bateria tem a sua durabilidade de 01 dia apenas. O S.O. do dispositivo toma a metade do espaço físico de sua memória de armazenamento.",Neutro
"Excelente produto, entrega antes do prazo, depois do purificador ADEUS BOMBONA DE ÁGUA MINERAL. Muito melhor, mais pura e mais gelada.",Positivo
O celular muito bonito excelente a camera. Porem com dois meses de uso deu defeito não liga mais.,Neutro
O livro necessita de revisão. Há muitas perguntas com sentido ambíguo ou com respostas que não estão no texto a que se referem.,Neutro
"produto de som de pessima qualidade o som é pessimo, por isso devolvi , muito caro baixa qualidade....machuca o ouvido...pessimo nota -1...",Negativo
Ótimo brinquedo.................................... .,Positivo
"Aparelho mt bom, processador mt rápido. Recomendo a tds",Positivo
"Recebi o produto descarregado, coloquei para carregar, deu carga completa, coloquei o aparelho no pulso e sair para trabalhar ... minutos depois senti que o relogio estava apertado no braço, fui verificar e vi que a bateria estava estufada ... entrei em contato para devolução do produto e ate agora nenhum retorno, comprei, e ate agora nao fiz uso. NAO GOSTEI, NAO RECOMENDO!",Negativo
Os carrinhos vem sem rodinhas! Estou decepcionada.,Negativo
llllllllllllllllllllllllllllllllllllllllllllllllllllllllllllllllllllllllllllllllllllllllllllllllll,Neutro
"O produto não é original, super falso, dentro da cápsula vem amido de milho!",Negativo
"Excelente material, chegou como prometido, muito útil, era ainda melhor do que imaginei... Muito Satisfeita, obrigada mais uma vez...",Positivo
"Produto de boa qualidade e a entrega foi super rápida, chegou bem antes do prazo.",Positivo
"Não posso avaliar o produto porque nem a nota fiscal foi emitida! Sinceramente, comprei as cadeiras porque achei que seriam entregues bem antes do prazo, mais de 40 dias úteis!!! As Lojas Americanas sempre entregaram muito antes do prazo, confiei nisso. E a cobrança no cartão já foi feita. Agora é continuar confiando nas Americanas e esperar até JULHO, que é a data prevista para entrega.",Negativo
"Produto condiz com o proposito. A princípio de muito boa qualidade e de fácil manuseio. Veio reembalado adequadamente para o transporte afim de evitar vazamentos no trajeto,",Neutro
"presenteei meus pais com a mala, utilizaram apenas uma vez, com muio cuidado e os pés/rodinhas da mala grande quebraram, e da mala média também está prestes a quebrar!",Negativo
"Só durou 13 dias. Com 3 dias de uso a tela começou a falhar (display), ficando com uma tela verde quando o alarme tocava, quando alguns aplicativos funcionavam simultaneamente, por exemplo: notificação do whatsapp e messenger ao mesmo tempo ou na hora de uma chamada... Tela verde por 5min depois voltava... as vezes por 1 segundo. Era aleatório as ocorrências.  E a ultima agora, o turbo charger do carregamento nao estava sendo acionado. Passou o dia inteiro no carregador e nada de acender (loop infinito).  Agora noite ele acendeu, carrega lentamente (descrição na tela) e se mexer no celular ele para de carregar.  Não recomendo, infelizmente.  Um celular desse valor, 1554 reais, deveria durar mais.",Negativo
"Produto bom, cumpre o que promete e vale o preço. Recomendo!",Neutro
O produto e bom mas veio todo riscado eu recomendo o produto mas o q eu comprei veio parecendo q esta usado,Neutro
"Qualidade excelente, super confortável. O frete foi rápido, chegou bem embalado, não tenho do que reclamar.",Positivo
"NÃO FUNCIONA CONFORME ANUNCIADO. SE POSSÍVEL, DEVOLVERIA",Negativo
"Apesar de ser um produto amador, tem as funções necessárias e atende a minha demanda.",Neutro
recomendo o produto;produto confiavel  e pratico...gostei do produto.,Neutro
"Super satisfeito com a compra,super indico as Lojas Americanas!",Positivo
"Escolhi esse modelo pela estética dele, e pelos postes terem as pontas curvadas e ser fixadas por cima dos pés. Veio um bouncepro totalmente diferente com os postes fixados por fora, dos pés, em outra cor, e ainda com defeito na solda, não possibilitando o encaixe perfeito do produto. Estou totalmente arrependida e insatisfeita de ter pago mais caro num produto que não é aquilo que eu comprei.",Negativo
Excelente produto. Amei... minha bebe ficou faceira....Super recomendo.,Positivo
"Pruduto muito bom pelo preço, atende as espectativas.. recomendo.",Neutro
"Visualmente parecem ser boas, ainda não utilizei-as.",Neutro
Gostei muito da tv e recomendaria para amigos. Já recomendei. Veio em 3 dias úteis (maravilhoso) A transportadora muito cuidadosa e eficiente..recomendo a PLIMOR para todos.  Obrigada  Elisabeth Valenti,Positivo
"Gostaria muito de ter adquirido o produto. Mas depois de alguns dias de já ter efetuado a compra, fui informado pela loja parceira que não havia o produto escolhido em estoque. Me ofereceram outros que não atendiam a minha escolha. Não recebi nenhum contato da americanas sobre este episódio que lhes comuniquei.",Negativo
JflhfhststaratxucgiblbkbpnpnnpnibcuyctzfzdSW#-%'  fztstatsdfkgt8t9uobpnph9g7dyzfza4aqeatdgxhcig9tuducigof6s5sigkfYyflvx  chxigdysyfogpvyYfkgl,Neutro
Demora muito grande na entrega. Faltaram as pilhas pois na propaganda dizia que acompanhava as pilhas.,Neutro
Adorei ótimo material Fica lindo na cama  Não desbota na lavagem,Neutro
"Jogo divertido, gráfico muito bonito em 3D, faz o jogador usar a cabeça para desvendar alguns desafios dentro do game.",Positivo
"Produto lindo, supriu minhas necessidades Além da entrega que antes do previsto. Super recomendo esse produto.",Neutro
"Gostaria de saber as medidas da mesa, pois, não tem na descrição do produto.",Negativo
"Não recebi meu produto e ainda vou ter que pagar , pq ninguém se responsabilizou, foi entregue mais não sei onde , não foi no meu endereço !",Negativo
Bom celular. Belo designer atende minhas expectativas,Neutro
"Estou querendo comprar mas, preciso saber se vem com a lente mesmo ou é apenas o corpo. Obrigada!",Neutro
"Na verdade, eu gostaria de saber o que é que esse vade tem, no qual o torna “especial”. E qual a diferença dele pra os demais mais populares. Ele é completo? Ele tem a reforma trabalhista ou tem que baixar banho internet pra atualizar? Vocês que compraram, recomendam ele?",Neutro
Chegou antes do prazo Bem embalado Uma imagem que agrada,Positivo
Alguém que comprou sabe me dizer se o produto chegou certinho e se é original msm? Pq não é vendido pela Américas sim por uma loja parceira,Negativo
Livro da literatura nacional muito importante e minha filha fez bom uso desta letura.,Positivo
"Recebi o produto todo em falso, vidro da prateleira na ponta trincado, quebradiças soltas. Se não fosse por isso, estaria tudo ótimo. O montador que eu paguei particular disse que sem dúvidas a caixa foi derrubada. E as criaturas não se deram não trabalho de retornar para troca. Me enviaram mesmo assim. Fiz contato com a empresa. Onde me deram retorno dia 27/02 E ficaram de me encaminhar um e-mail para que eu pudesse en caminhar as fotos e o vídeo que fiz do produto para que ao menos me dessem o desconto que tive com o gasto com ele,  pois tive que mandar praticar refazer o gabinete para deixa-lo firme para a instalação.  Pois se optasse pela troca, só Deus sabe quanto tempo ficaria aguardando  e o risco seria o mesmo ainda. Bom, estou até agora aguardando o e-mail para então enviar as fotos. Pode ser que ate o fim do ano eu o receba.",Neutro
Chegou em perfeito estado e dentro do prazo. O conteúdo do livro é muito esclarecedor. Super recomendo.,Neutro
"Gostei muito desse tênis, ele é bem leve e confortável para caminhadas e corridas",Positivo
Leve e fácil de usar.  Usei por mais de 2 horas seguidas.,Neutro
Comprei comecinho do mês...até agora não chegou....não sei o que fazer.,Negativo
Meu site oficial: AMERICANAS. COM.BR Compro sem a menor dúvida. Parabéns.,Positivo
"Excelente produto, valeu o custo-benefício. Deveria ter comprado o de um litro",Positivo
me arrependi de ter comprado o acabamento mal feito dos garfos corta a boca. não compre,Negativo
"Bonita e funcional, embora relativamente frágil. Atendeu à expectativa.",Neutro
"Produto tem material bom fechei as gavetas tudo certo e no 2 dia meu filho de 8 meses descobriu como abrir. Se a intenção for colocar em um barco ou treiler para não abrir, ok... Mas a criança vai descobrir rapidamente como abrir.",Negativo
"A entrega foi rápida, porém o jogo é bugado não passa do treinamento de granada.",Negativo
"Comprei especificamente para me barbear , mas com lâmina fica melhor pois a barba não fica rente a pele, para aparar cabelo e barba até que funciona bem!",Neutro
"Ótimo produto. Porém era uma entrega agendada para semana que vem. O entregador me ligou com a maior falta de educaçao falando q estava na porta da casa p entregar sendo q era um presente para uma amiga sendo q seria entregue na casa dela. Como estava agendada para o dia 24 nao tinha ngm na casa dela e o entregador mal educado me disse q ele nao tinha nada com isso e q era p eu ver onde comprei, q ngm avisou ele q era agendada. Deixou a mercadoria na vizinha da minha amiga, pessoa q ela nem conhece direito pq nao podia esperar 30 min p alguem chegar em casa e disse VOU LEVAR EMBORA. Acho q a Americanas devia rever o agendamento de entregar e fazer a transportadora cumprir.",Neutro
Produto de ótima qualidade e entrega muito rápida.,Positivo
"O sinal da wifi depedendo de como posicione o aparelho, mesmo estando ao lado, fica fraco a ponto de desconectar.",Neutro
"Recebi meu produto três dias após o prazo. Achei bonitinho mas aparentemente frágil, e também achei muito pequeno e leve para cobrarem um frete duas vezes mais caro que o produto. Fiquei satisfeita mas não recomendo o produto, se na minha cidade tivesse uma lojinha que o vendesse certamente compraria na loja, recebe na hora, para 12 reais e vai embora.",Neutro
"Uma grande enganação, 180W nem aqui e nem na China.",Negativo
"Quero deixar minha indignação referente a tv que comprei pq?ao abrir a caixa havia uma infestação de barata dentro da caixa,minha mãe quase quebrou a tv por causa disso,quando alguem comprar algo abra dentro da loja a caixa se tiver bixo dentro da caixa fica na loja mesmo.",Neutro
Produto devolvido não funciona. Produto devolvido não funciona. Produto devolvido não funciona.,Negativo
Extremamente rápido e prático para alimentos pequenos,Positivo
"produto  supre   a  necessidade   de aumentar  o  sinal  WIFI porém    tive  muita   dificuldade   nas   confirgurações, principalmente  pelo  manual   não  ser   em  portugues , e  ainda   com  letras  mais  que  minuscula,     tive   que recorrer  a  outras   alternativas   para    tentar configurar, e    ele   não  esta   aceitando   senha,   ou  seja, esta  funcionando,  porém   se  colocar  uma  senha   trava  .",Neutro
Excelente compra e fique satisfeito com o prazo de entrega a qualidade do produto.,Positivo
"Muito bonito mas é pequeno ,p quem tem rosto pequeno fica perfeito ,tive que dar p outra pessoa .",Neutro
Gostei muito do produto. Tenho certeza que o utilizarei muito.,Neutro
"Não posso dar uma avaliação exata,pois comprei o produto e não recebi até hoje.",Negativo
"Produto não é original, fiz a devolução, pois assim que chegou percebi que se tratava de produto que não é original.",Negativo
"Conjunto de facas OK, barato e cumpre o que promete com um bom preço.",Neutro
Horrive quero meu dinheiro de volta. Não vem fone nem cabo.nem cabo USB não presta,Negativo
Gostei muito do produto muito útil para mim que trabalho com artesanato.,Neutro
"produto em si é util, porem sua aparencia chegou muito ruim, cheia de riscos",Negativo
"PRODUTO BOM E ENTREGUE DENTRO DO PRAZO, COM BOM CUSTO BENEFICIO  COMPRARIA NOVAMENTE",Neutro
É um excelente celular recomendo pra todo Brasil é de grande pontecial e perfeitoh pra qualquer tipo de coisa que vc for usar seu aparelho,Positivo
"Bolsa legal, só faltou ser térmica na minha opnião... Mas o desenho e tudo era esperado, até o tamanho ta bom",Neutro
"tem qualidade,bom atendimento chegou no prazo,muito bom",Positivo
Preço bom para as configurações (I7 com placa off board ge-force).,Positivo
"O produto chegou como na especificação. É bom, tem boa imagem. Vale a pena!",Neutro
Gostei do produto. Em cômodos pequenos resolve mesmo,Neutro
"Produto não segura a carga. Em uma semana descarrega 25% da carga sem uso. Não mostra o nível de carga enquanto carrega o celular. Pós venda da Americanas, da loja parceira e do fabricante é um lixo. Não recomendo o produto nem ao meu pior inimigo. LIXO.",Negativo
A matéria prima utilizada no produto é de baixa qualidade!,Negativo
"a entrega, foi  antes do tempo combinado, mas o produto tem pouca potência",Negativo
O carregador veio usado e o pior é pirata foi retirado o celo de identificação do modelo origem fabricação sem nada não da para saber se é o modelo 930 que é bem mais caro ou o 920 na danfe só diz carregador usb? Tudo falso até a caixinha é falsa e tá toda amarelada fui enganado mesmo assim sei que culpa não é das americanas  e sim do fonecedor capa case e pelicula .,Negativo
Bonitinha e leve porém a garrafinha não para no suporte (não encaixa perfeito) e a rodinha é difícil de travar.,Neutro
"minha tv veio com a tela quebrada, eles recolheram ela aqui, so que ate hoje não me mandaram um outra tv.",Negativo
Liquidificador potente. Porem tem alguns pequenos defeitos como a tampa frouxa e o botao que sai as vezes.,Neutro
"Estou muito decepcionada pois comprei esse produto e não recebi, apesar de já ter vindo a segunda parcela na fatura do cartão agora cancelaram. Comprei em fevereiro de presente de aniversário para meu neto, ele chora todo dia porquê ele queria muito e agora vive triste. Confiei na Americanas.com e ela sim, deveria ter resolvido esse problema da entrega já que o pagamento é feito em nome de Americanas.com. Deveria ter mais respeito com os clientes. Muito decepcionada.Muito revoltada.",Negativo
recebi hoje até antes do prazo mais as bloquinhas nao entra no aparelho.quero trocar como voces mesmo diz o dinheiro de volta,Negativo
"NÃO POSSO AVALIAR, POIS O PRODUTO ATÉ AGORA, POR INCRÍVEL QUE PAREÇA NÃO FOI ENTREGUE, INCRÍVEL COMO A AVALIAÇÃO DO PRODUTO CHEGA ANTES DELE....",Neutro
"Ótimo celular e com preço acessível, os celulares motorola de preço baixo possuem recursos só encontrados em versões mais caras de outras marcas, isso é muito bom!!!",Positivo
"É um celular médio, com preço razoável. Não deve ser a primeira escolha de ninguém. Compre só se não tiver dinheiro para algo melhor.",Neutro
O produto é lindo  Só falta a especificado de quantos MCA são necessários para utilização do mesmo.,Neutro
"único inconveniente, tamanho da cuba, muito pequeno,  e mesmo com a proteção ainda vaza. entrando os líquidos nas partes do suporte e ficando muito ruim para a limpeza.",Negativo
cancelei a compra dia 06/12 e até hoje (11 janeiro)  nao reembolsaram o valor pago.,Negativo
"Como a satisfação é dela, e ela achou que poderia ser maior e mais parecido com o do filme, apenas cumpriu com o desejo dela...",Neutro
"Fabricantes enviaram o produto de uma cor que nem tem disponível nas opções, como puderam enviar um sofá da cor preta, sendo que a única opção disponível e escolhida foi a cor turquesa. Já basta a demora da entrega, agora ter que aguardar a troca é desumano.",Negativo
achei caro demais. existe similares no mercado bem mais barato.,Positivo
"chegou antes do prazo,veio junto um sache de hidratação. A embalagem é diferente da original, mais o produto parece ser o mesmo, fiz a progressiva em casa e sozinha e deu certo, alisou bem o cabelo, só o cheiro que é um pouco forte!! Mais recomendo. 5 estrelas .",Neutro
"fico muito feliz com a entrega rápida e imediata... parabéns! muito satisfeito com a compra, com a entrega, mas não com o atendimento por telefone... muito demorado, ruim e com uma total falta de respeito por quem liga em busca de uma informação no SAC da empresa... boa noite",Positivo
"Sabia da limitação dos equipamentos Smart, mas não tinha noção o quanto é ruim digitar num controle remoto. Isto não diminui a qualidade do equipamento. Muito bom. O meu problema é que o sinal wi-fi da minha casa é muito ruim, daí o propósito que tinha de assistir Netflix no meu quarto de dormir ficou adiado até eu melhorar o sinal.",Neutro
"o aroma chama flor de laranjeira, mas não é esse o cheiro que tem. O cheiro é uma mistura tão grande de coisa que se perdeu. Fora que o produto é de plastico, nem pra ser de vidro - o que se espera de um produto de custo elevado e supostamente uma aparência mais glamorosa",Negativo
Achei bom produto oque eu queria pois é fino seca rápido isso que eu queria.,Positivo
"Entregue de acordo com o pedido, corretamente e dentro do prazo.",Neutro
"diminuiu a caspa,e depois de um mês de uso cresceu alguns fios novos.",Neutro
"Cumpre a oferta, simples porem muito útil. recomendo",Positivo
Adorando a eficiência com tela grande e memória boa,Positivo
"Vou comprar, mas eu só quero ver se não vão mandar o bastão de selfie. Espero não ser propaganda enganosa, porque na descrição mostra + bastão de selfie. E nas informações do produto não contem informando sobre ele nos acessórios. Vou esperar!!!",Neutro
excelente produto grande parte das minhas maquinas sao black e decker e nao tenho nada a reclamar da marca eu recomendo,Positivo
"Produto bom para aparar pelos. Recomendo. Agora para a barba, fica rala.",Neutro
O Livro veio com páginas repetidas e faltando páginas.,Neutro
"Gostei do produto, so nao pode bater por muito tempo porque esquenta, mas atende a necessidade",Neutro
"Tenho uma utilização contínua com meu Z2Play, pois o Cell me oferece vários recursos, possibilitando inúmeras atividades, sem esquecer do desing, é um aparelho muito bonito e rápido.",Positivo
Alem da demora na entrega veio um toner Chinamate que é um toner totalmente sem qualidade.,Negativo
O Celular Vem com Fone? Carregador? todos os Acessorios?,Neutro
Produto muito bom parabéns a empresa chegou na hora certa,Positivo
"Produto maravilhoso, indico. Pratico, fácil de lavar .",Positivo
"A bateria dele é ótima, adorei! A camera é boa mas muda um pouco a cor das coisas",Positivo
Muito bom... Recomendo... Chegou no prazo e superou as expectativas!!!!!!!!!!!!!!!!!!!!!!!!!!!!,Positivo
"Ótimo produto, entrega super rápida. Recomendo sempre a americanas.com",Positivo
"O grill é ótimo, não sai fumaça e escorre toda a gordura.",Positivo
"Quando se encosta a lixa na unha, o motor para de funcionar e interrompe a raspagem.",Negativo
"é um bom teclado para quem quer sair do teclado normal, as teclas respondem rápido, a iluminação ajuda bastante a noite, notei que algumas teclas não são iluminadas bem que todas poderiam ser iluminadas.  não tem variação de cor, apenas um botão de ligar e desligar os leds, mais levando em conta o preço acredito que seja uma boa aquisição do tipo custo/beneficio, pois ele cumpre a sua tarefa direitinho.  em resumo gostei do teclado.",Neutro
Pedido chegou dentro do prazo! Recomendo bastante!,Positivo
Tudo correu bem com o produto e entrega. Entrega dentro do prazo e produto conforme descrição e imagem do site,Neutro
Insere a espiga de milho e o sabugo sai em outro lugar na máquina? Tem que ficar girando a espiga?,Negativo
"Ótimo livro, para quem está entrando em um novo momento na vida ou querendo trilhar novos rumo, extremamente recomendado.",Positivo
"Chegou antes do prazo, as banquetas são super resistentes. Adorei :)",Positivo
"comprei esse leitor mas não consigo instalar.... como configuro ele para código de barras?? alguém pode me ajudar conectei no computador ele esta funcionando, porem não faz a leitura.",Neutro
Produto bom. Desenho bem marcado muito bom rodando desenvolve bem na rodovia,Neutro
Por enquanto tá bom. Esperar esquentar mais pra ligar ele mais vezes.,Neutro
Mercadoria chegou em bom estado. nâo gostaria de continuar com este formulario.,Neutro
"Comprei o produto, entrega super rápida.  Porém fui usá-lo a 1a vez , gostei, porém na 2a vez ele travou, não ligava, pensei que tinha estragado, depois voltou. Então estou insegura se vai estragar ou não",Negativo
"Diz que é fumê, mas a capa é brilhosa, horrível e não correspondeu às expectativas!",Negativo
"O produto já estou tomando por um tempo, conforme bula e não teve efeito nenhum.",Negativo
Excelente livro para auxiliar na formação pedagógica do seu filho.,Neutro
"Qualidade boa, mas nada demais. Entrega super rápida.",Neutro
"Muito bom, cheio rápido, antes do tempo previsto de entrega.",Positivo
"Controle remoto com botão duro. Configuração fácil, porém, nem todos arquivos de usg são lidos bem. Gostei do produto.",Neutro
"Perfume de péssima qualidade, sem fixação até mesmo em locais fechados e com ar condicionado o perfume não fixa, não acredito que este produto ''original'' da Ferrari seja desta qualidade, não recomendo.",Negativo
"O PRODUTO É ENGANAÇÃO, PROPAGANDA FALSA, POIS COMPREI UM COMO ESSE ANO PASSADO, E LEVEI NA ASSISTENCIA TECNICA RECENTIMENTE, ´POIS O SORTWRE LINUX NÃO RECONHECIA A IMPRESSORA, NÃO RECONHECIA O WIRELESS, NÃO ENTRAVA NA INTERNET, PARA PIORA O SISTEMA LINUX, VOCÊ TEM QUE CONHECER PROGRAMAÇÃO PARA MECHE NELE, PARA PIORA AINDA MAIS A FONTE DE ALIMENTAÇÃO E SEU CABO DE ALIMENTAÇÃO SÃO DIFERENTES DOS PCs COMUNS, A PLACA MÃE TEM 15 CM, DUAS ENTRADAS SATAS NELA, NÃO DA PARA TURBINA A MAQUINA.",Negativo
Bateria ruim... estufou com menos de 1 mes de uso e o celular desliga com 90% de bateria. Infelizmente não adiantou nada a troca da mesma.,Negativo
"Fácil aquisição. A lavadora é boa,  prática e fácil de mexer. Bom preço,bom produto.",Positivo
Ideal para limpeza do dia a dia. Para limpeza mais profunda acho que não seria ideal. Outro porem nao encontrei refilão para futura troca do tecido.,Neutro
"PRODUTO EXCELENTE, FOI UMA SURPRESA POSITIVA. RECOMENDO A TODOS.",Positivo
se eu compra esse kit voces podem troca os bcaa por creatina?,Positivo
"Parece ser bom irei saber se é bom mesmo quando perder peso , mas ainda não tenho nada a reclamar faz uma semana que comprei .",Neutro
Gostaria de saber se o aparelho é desbloqueado????????????????????????????,Neutro
"Otimo produto, compraria de novo. Chegou  antes do prazo, parabéns americanas.",Positivo
"Tive 2 problemas com a montagem. Faltou parafuso e o encaixe da tampa plástica do encosto ficou com folga em relação ao tecido. A regulagem de altura do encosto é muito sensível ao toque , baixou algumas vezes não intencionalmente. Este podia ser fixo e mais cumprido. Acredito q o pano camursado possa gastar a região do acento a longo prazo. Ponto forte em relação resistência, pois aguentou bem meus 130kg.",Negativo
"Tem todas os aplicativos que necessito, Netflix, YouTube, popcorn entre outros.",Positivo
a batedeira planetária e Boa mas achei grava a potência.,Neutro
"A PELÍCULA NÃO ADERIU A TELA TODA, AS BORDAS DA MESMA FICAM COM UM ASPECTO DE QUE NÃO DE ADERIU COMPLETAMENTE NA TELA, SEM FALAR QUE TIROU UM POUCO DA SENSIBILIDADE DO TOUCHSCREEN. A CAPA POR SUA VEZ SERIA ATÉ BOA, SE NÃO FOSSE POR ALGUMAS IRREGULARIDADES NOS RECORTES DOS ESPAÇOS PRA CÂMERA E MICROFONE, QUE NÃO SE AJUSTARAM TÃO BEM QUANTO O DESEJADO PARA UM PRODUTO PREMIUM.",Negativo
O produto e eficaz se for usado por poucas pessoas...a agua sai bem gelada ate uns 5..6 copos seguidos...depous fica quase natural..,Negativo
Telefone veio com problema na chamada. O áudio era transmitido ao receptor com baixa qualidade. O receptor não compreendia nenhuma fala.,Negativo
"Bonita, charmosa, fácil de transportar, não entendi como gravar , manual deixa a desejar",Neutro
O prazo expirou e o vendedor simplesmente não enviou o produto. Ficamos mais de 1 mês aguardando e nada de darem algum retorno. Fujam dessa roubada!,Negativo
Produto não é do LG G5. Adquiri o produto mas não é com conector do G5. Também não parece ser original. Não recomendo,Negativo
"Ótimo produto, de boa qualidade. E agora no frio é melhor ainda que não precisamos colocar a mão na água. Super recomendo",Positivo
"Ainda não testei o produto pois aguardo a HD chegar. Montei uma outra igual uns dias atrás e funciona muito bem, a unica coisa que acho ruim é o cabo que utiliza para comunicação que é usb macho - usb macho, fora de padrão que seria miniusb-usbmacho e o padrão novo de usb 3.0. Fora esse detalhe, vai de boa.",Neutro
"COMPREI ESTE PRODUTO PELO DIFERENCIAL DAS LAMINAS DE AÇO E O PRODUTO ENTREGUE VEM COM DISCOS DE PLÁSTICO E APENAS PEDAÇOS DE ENCAIXE EM AÇO. HORRÍVEL E DE PÉSSIMA QUALIDADE NAS LAMINAS, ALEM DE DESENCAIXAR E NÃO CORTAR DIREITO. FORA A PROPAGANDA ENGANOSA",Negativo
FALTARAM O KIT ABECEDÁRIO DE A a Z e o KIT NUMERAL DE 0 a 9.,Negativo
"Fiz a compra, deu o prazo de entrega mas não chegou o produto, tentei contato com a loja me disseram que iriam verificar, mas nada foi feito, tentei contato novamente e o telefone dava fora de área, empresa séria não deixa de dar pelo menos uma explicação do produto, agora estou com um crédito na Americanas que não tenho o que fazer com ele.",Negativo
"Ele funciona perfeitamente. No ato de funcionabilidade eu não tenho nada a reclamar. Mas nã entendo o motivo da sua bateria ser tão fraca. Não consegue suportar nem 1 mim direito fora da tomada. Você o recarrega, mas mesmo assim, não adianta muita coisa e ele volta a desligar novamente. ALém do brilho que vai caindo a medida que eu vou usando, mesmo ele estando ligado direto na tomada.  Ele é bom, mas decepcionante.",Neutro
Atendeu complemente as minhas expectativas sobre o produto. Recomendo tanto para uso profissional como para uso doméstico em reparos elétricos.,Positivo
"Já tinha comprado antes e o mesmo no segundo dia de uso já estava quebrado, muito frágil. Não recomendo, talvez pra quem usa pouco o produto seja eficaz.",Negativo
É justo frente ao absurdo cobrado nos cartuchos originais.,Neutro
"comprei já tem 1 semana, funcionando perfeitamente... atende mais que minhas necessidades diarias... rápido.. bonito e tela grande.",Positivo
"Estava a procura de um celular com tela grande principalmente para navegação e redes sociais para minha mãe. Ela adorou. É  grande e cabe bem na mão, com boa resolução, e uma câmera que digamos perde para os celulares moto, mas faz fotos bem boas diga-se de passagem. A bateria aguenta bem, e pelo preço para o fim que comprei não me arrependo nem um pouco. compraria de novo.",Positivo
Não recebi o produto. Estou chateada com a falta  de comprometimento da transportadora.  Não tenho como recomendar um produto que não recebi.,Negativo
Estava tendo problemas com o amplificador da minha guitarra então retirei a potência e coloquei esse motor. ficou um ótimo! meu tio agora ouve guns n' roses o dia todo.. Meu tio mora na Polônia...,Positivo
"Produto é bom, mas microondas foi entregue amassado.",Neutro
"Sem detalhes, apenas excelente aquisição e pelo melhor preço.",Positivo
"Chegou bem antes do prazo,veio bem embalado e intacto. Ainda não li,mas pela experiência com outros títulos da autora devo amar esse também.",Positivo
"A tela nem parece de 16 pol , parece menor e o son to  deixa a desejar , mas custo-benefício bom ... é razoavelmente boa.",Neutro
"Lamentavelmente na descrição do produto não informa que precisa utilizar o cabo USB e o vga, sendo assim, quando comprei o monitor tive que fazer um outro investimento do conversor de vga para Hdmi, pois meu notebook não tem entrada vga.  A americanas deveria informar no descritivo do produto essa questão, pois o cliente não tem ciência do problema informado acima.",Negativo
"NÃO RECOMENDO comprar celular nas lojas Americanas, pois comprei um equipamento sem selo da Anatel, importado e sem garantia da motorola. Produtos importados podem oferecer sérios riscos à saúde do usuário, pois não temos o controle de quais materiais foram utilizados na fabricação - Pior é a bateria de um celular deste explodir no rosto do usuário. FUJA!!!",Negativo
"Pelo preço, o custo beneficio é bom, porém deixou a desejar o estrado que é frágil, como eu tinha um estrado usado guardado, eu utilizei apenas as tabuas para reforçar, e preguei as novas junto com as antigas. recomendo, agora sim estou em segurança.",Neutro
produto muito bom.... recomendo. Atendeu minhas expectativas.,Positivo
"Muito bom o produto, chegou antes do prazo, fizemos uma adaptação para colocar o conversor digital, e ficou ótimo!",Neutro
"Ótimo produto. Atende o que promete. Potente, leve e fácil manuseio.",Positivo
"Respostas rapidas,tamanho ideal,imagem maravilhosa adorei.",Positivo
"Achei a imagem muito boa. O tempo para ligar, e o tempo de navegação entre os aplicativos até que é rápido. E é uma TV bem mais barata que as de outras marcas.  O problema é que ela liga sozinha ao conectar na tomada. Reclamei logo após a compra e e loja me enviou uma nova TV, mas com o mesmo problema. Não reclamei novamente, pois provavelmente eu iria ficar mais 20 dias sem TV e ia ser enviada uma nova TV com o mesmo problema.  Outro problema é que as vezes ela liga do nada no meio da madrugada. Só estou esperando aparecer novos problemas para enviar para a garantia.",Neutro
"Gostei do produto, preciso usar mais tempo pra ter uma opinião mais precisa",Neutro
Essa torradeira é exclusiva pra pão de forma. Os vocais são estreitos para colocar meio pão francês. Para mim atendeu às expectativas.,Neutro
Eu amei o meu produto é ótimo celular pode comprar,Neutro
Eu não posso avaliar se ainda não recebi o produto,Neutro
custo beneficio muito bem dosado para esse produto. Excelente,Positivo
"Celular com problema não funciona, foi enviado pra Lg pra conserto e voltou pior, não recomendo!",Negativo
"Como vcs são ruins !!! Não recebi nada e ainda pedem para eu avaliar ????  Vcs são patéticos !!!  Quero uma posição sobre meu produto !!!! Caso contrário , tomarei providências judiciais !!",Negativo
Produto atendeu todas as expectativas sem contras . Americanas é  questionar excelente negociação e compra,Positivo
Comprei esse livro para  o meu filho e ele adorou.,Neutro
"Estou muito satisfeito com o roteador,supriu todas as minhas necessidades. sem dizer que chegou antes do prazo de entrega,super indico!",Positivo
"Aparelho é bom , supre a necessidade. Gostei muito da câmera .",Neutro
Entrega pontual. Produto atendeu às expectativas. Compra sem nenhuma intercorrência. Tudo certo.,Positivo
"O produto nao funciona, precisei pedir reembolso e comprar um conversor porque esse nao funciona",Negativo
Este produto não correspondeu com as minhas expetativas pois não fiquei satisfeito e pede a troca por um outro.,Negativo
Excelente funcionamento e não faz tanto barulho. O fio é bem comprido e facilita bastante.,Positivo
O produto descascou com menos de três meses. Ele tem um adesivo que imita madeira.,Negativo
DVD Player Pioneer Avh-X7880Tv 1-Din Com Tv Digital Bluetooth USB 7 Polegadas e Mixtrax deu defeito com 6 meses deu uso.Pioneer ja foi melhor,Negativo
"Por enquanto estou achando bom, volto a opinar mais pra frente porque o uso é mais demorado, tipo tratamento pra manchas na pele. Demanda tempo e tipo de pele.",Neutro
Após dias aguardando cancelaram minha compra do nada....,Negativo
Excelente qualidade e funcionalidade.. correspondeu às expectativas !!,Positivo
"Apesar de retratar história verídica, isso foi interessante, mas a produção do filme deixou a desejar...... existem filmes de guerra mais antigos com melhor produção.",Negativo
"Eu só acho que os recipientes individuais tinha que ter a capacidade para 1 litro que normalmente é a receita, eles são menores aí sempre sobra um pouco. Mas tirando isso gostei muito",Positivo
"Compramos o produto para utilizar no camping, porém ficamos na mão, pois, o produto não funciona, nunca conseguimos carregar nada nele. Peguei o produto ontem para testar novamente, para a minha surpresa, o produto estava aberto, a bateria expandiu e abriu o produto. Estou extremamente arrependida de ter feito essa compra.",Negativo
adorei muito bom chegou muitoooo rapidooooooo mas doque eu esperava. so fiquei chatiada porque o rapaz veio trazendo arrastando  pelo chao. mas fora isso adorei completamente.,Positivo
"Foi o produto que escolhi, correspondeu plenamente a minha expectativa. Fiquei satisfeito.",Neutro
O produto é excelente e a entrega foi dentro do prazo.,Positivo
"bom produto,ainda que faltam algumas opções pra agilizar as operações.....",Neutro
O cartucho preto venho com problema não estou conseguindo imprimir estou precisando fazer a trocar como posso solicitar a trocar? Mais o produto em si e excelente. Sempre usei este tipo de cartucho nunca tiver problema este pode ser algum defeito de fábrica.,Negativo
produto muito legal alem de ter as luzes de led ainda toca a musica do celular.,Positivo
"O caderno para colorir tem os desenhos bem grandes, ótimo para crianças de 2 a 4 anos, porém precisava de mais páginas pois 8 são poucas e acaba rápido.",Neutro
"O produto é bom, mas pela pro vez eu não fiquei totalmente satisfeito com a compra, pois a entrega não aconteceu no prazo. Isa nunca tinga acontecido no meu relacionamento com AMERICANAS.",Neutro
"A inovação é boa, mas deveria ter mais qualidade. É justamente do adaptador que eu preciso.",Negativo
"Em relação ao preço e a potencia, achei bom. O ponto negativo é o fio que deve ter no máximo 1,50m... sem extensão não tem como usar! Rsrs",Neutro
Feliz com o atendimento. Produto entregue conforme contato do fornecedor.,Neutro
"Problemas no carregamento da bateria, super aquece e carga acaba rápido, apresentou problema antes de 30 dias, e a loja não trocou, tenho que mandar para a assistência e ficar sem...",Negativo
"Eu comprei dois Toners e não tive sorte. Ambos estão sujando demais a folha. A impressão fica horrível e se você vai usando mesmo assim, o cilindro do Toner fica cada vez mais preto e a impressão vai ficando ilegível. Não recomendo.",Negativo
Não gostei da demora na entrega e ainda chegou com risco na pintura e adesivos. Deixaram a desejar.,Neutro
"O produto é muito bom, vale super a pena efetuar a compra. O site também é maravilhoso e o produto ainda chegou antes do esperado. Maravilhosoo!",Positivo
"É cedo pra avaliar mas por enquanto tá atendendo, instalei na impressora e aguardando pra ver se vai durar",Neutro
"bonito, porem fragil, entrega atrasou cgegou bem depois do prazo",Neutro
"Meu uso é o pacote de escritório (editor de texto, planilha e apresentação), IDE, navegação pela Web, e filmes. Estou plenamente satisfeito.",Positivo
Comprei a philco 20 polegada o controle vem c smart mas nao funciona o smart o q faço?qr aproveitar o YouTube.,Neutro
"Boa tarde,  Por enquanto não tem como avaliar, porque infelizmente veio com defeito.  Ainda tive que gastar com o táxi pra levar no correio para devolução do produto, porque tem que ser no correio credenciado.  Mas espero ansiosa que receba o mesmo com a qualidade prometida.   No aguardo, Mariléa",Neutro
"A compra foi mto boa, fiquei satisfeito com vendedor, tbm c a entrega, certamente recomendo e voltarei a comprar.",Positivo
"Pouco espaço de memória, é lento ao toque e trava.",Negativo
"Gostei. Achei ideal para famílias de até 3 pessoas. Senão, precisa fazer em etapas. Mas, valeu! Saudável!",Neutro
"Como posso avaliar um produto que eu ainda nem recebi, e que já a está a 1 mês atrasado a entrega ? Fica difícil avaliar assim!",Negativo
aaaaaaaaa a a a a a a a a aaaaaaaaaaaaaaaaaaaaaaaaaa,Neutro
"Botar pra funcionar, ás informações em uma folha de papel com tudo junto,fica difícil de entender.Deveria ter um manual passo á passo em separado.",Neutro
"pra quem gosta de perfumes marcantes e fortes e que não tenham aquele cheiro comum de O Boticario e Natura, ele tem aquela presença requintada que não nega bom gosto.",Positivo
"O efeito do produto no pneu é sensacional, dura mais de mês cada aplicação. Recomendo!",Positivo
"O produto é excelente, superou minhas expectativas. Entrega super rápida.",Positivo
Foi vendido produto sem estoque. O produto não foi entregue.,Negativo
Ótimo produto chegou dentro do prazo. Gostei  Parabéns.,Positivo
"Não gostamos foi do som, é meio fraco, não tem acústico. Os altos falantes são fracos.",Neutro
não comporta a precao da água pois a minha guando chegou fui testar e a mesma acabou rasgando e estourando e uma porcaria propaganda enganosa,Negativo
Superou minha expectativa...compraria de novo .chegou dentro do prazo...nem embalado.,Neutro
Chegou antes da data prevista. produto de boa qualidade e funcionando bem.,Neutro
"Superou minhas expectativas, o tecido e  o acabamento muito bom...",Positivo
"Fiquei muito satisfeita com o produto! Lindo e eficaz! Ponto positivo também no barulho, muito baixo. Nada escandaloso.",Positivo
"Ainda não usei, mas a marca é muito boa e recomendo",Positivo
"vale a pena a compra., entrega antes do prazo. celular top..",Positivo
"Ótima impressora, fácil de instalar, funciona bem no computador e celular sem precisar de fio.",Positivo
"O café não sai fervendo mas sai quente ao ponto de ser tomado. Fica um pouco de borra no final do café, bem pouco. Não tem um corta pingos e as vezes faz sujeira. Mas pelo custo/benefício eu recomendo.",Neutro
Infelizmente  só  tem BELEZA NÃO compraria novamente o produto tipo o barro saio caro....,Negativo
Nunca recebi o produto como devo proceder para ser reembolsada?,Negativo
"gostei do produto, mas achoque poderia ser mais confortável de usar",Positivo
"Ótimos produtos, preço e entrega superou as expectativas... parabéns Americanas",Positivo
"Como o preço é mais acessível que o de outros modelos e marcas, acaba sendo uma boa opção. É fácil de montar e bastante funcional. Barulho moderado e boa circulação de ar, produzindo bastante vento nas velocidades altas. O ponto negativo é a visível fragilidade dos materiais. Tanto as partes plásticas quanto as metálicas visivelmente irão quebrar no primeiro esbarrao mais forte, o que se torna um problema visto que um objeto tão grande certamente sofrerá com encontrões. Ou seja: não conte que o produto vai durar ou se manter em condições ideais de uso por muito tempo. Visivelmente ele tem prazo de validade curto.",Neutro
"O produto ainda não chegou. A entrega estava prevista para o dia 28/12, mas até hoje, dia 04/01, não sei nem qual é o cheiro do perfume.",Negativo
Embora seja um pouco pequena é muito bonita e bem legal,Neutro
Produto excelente e entrega rápida! Recomendo!!!!!,Positivo
Recomendo este produto pela qualidade e praticidade de uso.,Positivo
"Adorei o cavaquinho, leve e com um som perfeito, super recomendo",Neutro
Produto bom! Meu filho adorou! Só acho que poderia ser um material mais resistente (plastico).,Neutro
Precisa melhorar o filtro pq passa muito pó de café,Neutro
Previsto para dia 06/03 e até agora não recebi  E nem está que saiu para entrega nos pedidos,Negativo
"Por esse preço se compra algo melhor, não indicaria.",Negativo
"A entrega era prevista até o dia 23, aguardo resposta",Negativo
Os travisseiros são bons. Atendeu bem minha necessidade do momento. São macios e parecem ser duráveis. Recomento,Neutro
"Tinha uma outra fritadeira sem óleo de outra marca e troquei por essa. Resumindo, excelente troca.",Positivo
"O produto atende as especificações do fabricante é bonito pratico e tem um ótimo custo beneficio, valeu a pena  compra",Neutro
Meu filho adorou o presente  ; ótimo custo beneficio !!,Positivo
"Não comprem do parceiro Madeira Madeira, vocês fazem o pedido de um produto paga mais caro e eles te enviam outro totalmente diferente do que foi comprado. Não confiem no parceiro Madeira Madeira.",Negativo
"É o meu primeiro no break e, até o momento, está funcionando perfeitamente.",Positivo
Quando estava quase na data de entrega me avisaram que não tinha mais o produto e que minha compra foi cancelada. Não fiquei contente pq já estava contando.,Negativo
Sou bem satisfeita com minhas compras efetuadas pelo site.,Positivo
"Funcionou bem na impressora, sem problemas aparentes de entupimento.",Positivo
QUAL É A VOLTAGEM DESSE PRODUTO????????? QUAL É A VOLTAGEM DESSE PRODUTO????????? QUAL É A VOLTAGEM DESSE PRODUTO????????? QUAL É A VOLTAGEM DESSE PRODUTO?????????,Negativo
"Não recomendo, o cabo é bom porque ele é comprido, porém  em um mês de uso o ceto de inox caiu.",Negativo
Otimo produto entrega rápida. Satisfeitissima  Recomendo,Neutro
"Estou comunicando que até a presente o fornecedor não entregou o produto, irei cancelar a compra, pois,  houve a cobrança no valor de R$ 160 como frete,  aguardo de breve resposta",Negativo
Não tenho como avaliar o produto porque nunca recebi... PAGUEI e não recebi.... Partiu reclame aqui....,Negativo
"É bom ter boas ofertas com produtos de primeira qualidade. Não ofertas com produtos de baixa qualidade. Aí ""o barato sai caro"".",Neutro
foi indicado por uma enfermeira da vascular do hospital dos servidores do rj pela gravidade do meu curativo e foi muito bom se precisar usarei outras vezes.,Positivo
"Prazo de entrega deram 1 mês foi entregue em 12 dias, unico problema que no aplicativo data de entre está 09/02 mas foi entregue dia 12/02. Sobre produto. TV muito bonita gostei, só que no terceiro dia depois de uma atualização que aparelho solicitou do software mas recente começou da problema no you tube congelava a TV apertava todos botões do controle e botão que tem atras da TV e não funcionava, quando desligava no controle as vezes não queria ligar mas no controle a tinha que desligar a tomada, ligava tomada perecia imagem da Philips mas tela ficava toda preta ai tinha que faze mesmo processo, muitas vezes tava vendo you tube quando rodava a Tv desligava e ligava sozinha. Ja entrei em contato com SAC da loja americanas fui bem atendido, atendente perguntou se quero realizar a troca falei que sim a mesma falou que direcionou um e-mail para Philips que até em dois dias eles vão entrar em contato para me da uma solução então estou no aguardo. Dependendo da solução que me derem mudo minha visão sobre o produto.",Negativo
"O produto é excelente, não tenho o que reclamar.  demorou bastante mas chegou no prazo.",Positivo
Não recebi o produto não recebi o produto não recebi o produto,Negativo
Eu recomendo esse jogo de panelas. Tem bom preço e qualidade.,Neutro
"O produto é exatamente o que eu esperava, e a entrega foi rápida.",Positivo
"Infelizmente não tive sorte, em 20 minutos de funcionamento a mesma veio a queimar, já estou entrando com pedido de troca.",Negativo
Produto superou as expectativas. Bom acabamento do  material.,Neutro
"Produto de boa qualidade, fácil instalação, som alto. Funcionou perfeitamente. Satisfeita.",Positivo
"Muito delicado,tem uma cor viva e muito fofo.Adorei minha compra.",Positivo
"Já fiz várias compras pela americanas.com, porém, de uns tempo para cá, depois que alguns produtos passaram a ser fornecidos por parceiros, a qualidade pelos serviços vem caindo muito... O frete é muuuuuuito alto!!! Antes, comprávamos vários produtos e pagávamos um unico frete. Agora, por ser de parceiros diferentes, temos que arcar com vários fretes altíssimos, o que muitas vezes não compensa!!! Outras vezes, o tal parceiro  não faz entrega para o meu endereço solicitado. Estou deixando de comprar por causa disso...",Neutro
"Super recomendo, a entrega dentro do prazo previsto.",Positivo
Achei muito linda e grande so o som da tv deixa desejar.,Neutro
"Produto útil, bom custo-benefício. A avaliação exige que eu escreva um texto maior, mas não é necessário pois se trata de um utensilio compacto Peço que reconsiderem a obrigação de um texto maior.",Neutro
"Uma boa ferramenta para se obter , para execução de vários trabalhos , e de longa durabilidade",Neutro
"Bom produto. Das seis que comprei, uma veio com um pequeno rasgo.",Neutro
Poderia ser melhor se ñ começasse a dar problema em menos de um mês.segindo dia de uso ñ reconheceu minha digital...agora o teclado entra sozinho em outros aplicativos e é uma confusão só .,Negativo
"Fiquei totalmente decepcionada, pois após efetivar o pedido, inclusive já havia sido debitado no cartão de crédito, para dois dias após a compra, a loja informa que o produto não seria entregue e que o pedido seria cancelado.",Negativo
"Não sei se o livro é bom. Comprei o livro e já passou o prazo de entrega e até agora não chegou. Faz mais de um mês que comprei e paguei no boleto, mas não chegou. Tentei entrar em contato com as Lojas Americanas, mas não consegui. Mandei diversos emails, porém não obtive resposta. A falta de compromisso das Lojas Americanas é lamentável.",Negativo
"O relógio é lindo, seus aplicativos maravilhosos, mas a bateria... Acabo de deixá-lo na assistência técnica... A relação da Samsung com as baterias precisa ser resolvida!",Neutro
"Chegou antes do prazo, o produto é bem resistente, fácil de montar.",Neutro
"compra realizada com sucesso, entrega rápida e com certeza comprarei mais vezes.",Positivo
"Exceto o fato da bateria durar menos que três horas, os demais atenderam as minhas expectativas. Aja vista o custo benefício!!",Neutro
"Comprei um tablet Multilaser de 10 polegadas, pensei que sendo a capa para o de 10.1 da mesma marca seria mínima a diferença. GRANDE ERRO!  E para completar o conector do cabo que ligaria o tal teclado não entra e muito menos fica. BIZARRO!",Negativo
GOSTEI MUITO DO PRODUTO. A MINHA FILHA GOSTOU MUITO.,Neutro
A empresa demora para enviar os produtos  e não comprarei no site novamente.,Neutro
"celular bom bonito e barato, para quem gosta de facilidades do dia a dia eu  recomendo esse aparelho.",Neutro
Bem lacrado e sem defeitos............................................,Positivo
"Lamento informar , mas não recebi, ainda , o produto.",Negativo
"Não tenho como avaliar, ainda não recebi o produto! Só recebi o código dos correios pela Americanas.com",Negativo
otimo recomendo pode confiar xxxxxxxxxxxxxxxxxxxxxxxxxxxxxxxxxxxxxxxxxxxxxxxxxxx,Positivo
Recomendo a todos aos compradores das Lojas Americanas.,Neutro
"Um produto que atende as expectativas, recomendo! Bom, bonito e barato",Neutro
"Eu recomendo um excelente produto !!! É um aparelho muito bom para se usar,e o melhor q já comprei.",Positivo
"O produto chegou no prazo correto, mas não passa de água com cheiro que  sai em 30 minutos.",Negativo
"olha estava querendo um pc para rodar especialmente outlast1,csgo,lol esse pc pode rodar esses jogos ?",Neutro
Sinceramente não conhecia esses baralhos e me surpreendi com a qualidade,Positivo
"Satisfaz minhas necessidades, mas veio com um problema que conforme você mexe o fio o som falha.",Neutro
"bom o produto até o momento parece bom, só a entrega dele que ficou de desejar. pois a mercadoria demorou muito chegar e o óleo de coco que disse que é grátis não veio.",Neutro
"Falta instrução de como usar, essa parte ficou a desejar.",Neutro
"Pra quem precisa de um smartphone com um preço mais acessível, esta é uma boa escolha que existe no mercado levando em conta o custo x benefício. O estranho é que o produto não vem com manual de instruções e sim apenas com um guia rápido; daí veio a dificuldade pra mim editar os grupos de contatos, que até agora não obtive êxito. Pra poder ouvir músicas, apenas o Play Música instalado, mas este player não é fácil de usar. Baixei o mídia player VLC para ter mais autonomia no uso e para montar minhas listas de reprodução com mais facilidade. Pra quem usa o smartphone durante o dia, leve o carregador consigo, pois a bateria não passa de 1 dia; portanto, não é de longa duração. A câmera por ser de 8MP, poderia ter uma qualidade melhor, mas não deixa a desejar. O foco parece tirar as fotos mais de perto, porém tem muitos recursos e boas a ótimas configurações; a câmera de 5MP da frente, também tem a mesma característica. Pontos positivos: Tela grande de 5"", Android 5.0.2 lollipop eficiente, muitos recursos da câmera e filmadora, aparelho fino e leve (mas mau cabe no bolso devido ao tamanho por causa da tela grande), já vem capa, película e cabo USB; QuadCore 1.3GHz, 1GB RAM e memória expansível até 32GB, aceita duas opções de chip no mesmo aparelho, tanto o chip normal ou micro chip. Pontos negativos: Memória interna limitada de 8GB; não vem com manual de instruções, apenas um guia rápido; bateria dura apenas 1 dia; player complexo para ouvir e organizar músicas; o som é regular e o viva voz também não tem uma potência razoável como nos Nokia Lumia por exemplo; a memória interna de 8GB é insuficiente por causa do aplicativos que exigem espaço interno do aparelho - logo de cara, mais da metade da memória interna já vem ocupada. Resumindo: Se você está precisando de um smartphone e não quer gastar muito, fique com o modelo Mirage 41S; tem poucas configurações a menos que o Mirage 61S, mas vale o custo X benefício.﻿ Se você necessita usar vários aplicativos, este modelo 61S NÃO é recomendável. Pesquise por um smartphone com memória interna de 32GB pra não ficar na mão.",Neutro
"não se pode chamar de colchonete o produto oferecido, o tamanho não se aproxima de nada...muito baixo para travesseiro e é uma vergonha chamar aquilo de colchonete....não cabe as nem ao menos as costas na largura, muito mesmo o corpo no comprimento.",Negativo
o produto é excelente . e a rapidez na entrega me surpreendeu agradavelmente.,Positivo
"A tela veio protegida, mas com um pequeno rasgo na lateral do quadro, onde ficam presos os grampos, ficando visível.  Para pintura é ótima.",Neutro
"Está anunciado ""série 1"" e foi enviado produto da ""série 2"", diferente do anúncio",Negativo
"Minha geladeira tem 2 semanas de uso, espaço interno excelente, porém tem um erro grave de design: a lâmpada fica muito perto da porta e ilumina mais o rosto de quem abre a geladeira do que o produto, as prateleiras inferiores ficam no escuro... além disso é uma lâmpada de ledge que não pode ser trocada pelo consumidor, se pifar, está escrito no manual que tem que chamar a autorizada. Bola fora da Brastemp!",Neutro
"Produto muito bom superou as expectativas , chegou antes do prazo!",Positivo
"Material muito frágil, tenho dúvidas se vou conseguir usar mais de uma ou duas vezes.",Negativo
"Não fez efeito nenhum. Parece que colocaram qualquer coisa dentro da capsula, menor um inibidor de apetite.",Negativo
"O tapete chegou antes do prazo, ele é lindo e muito fofinho. Tem antiderrapante e a qualidade em geral é ótima. Recomendo.",Positivo
"O aparelho em si é bonitinho. Ainda não o testei. Mas, pesa muuuito...",Neutro
"Interessante, mas muito simples. Acredito atrairia mais as crianças se tivessem mais itens",Neutro
"produto veio aberto,com outra cor e marca diferente.",Negativo
"firma sem nenhum respeito ao consumidor, já foi adiado duas vezes o prazo de entrega",Negativo
O produto veio com defeito e estou há dias tentando trocar. Vaza água para todo lado. Sem qualquer retorno da Americanas. Decepcionada!,Negativo
"Estes produto precisam ser avaliados por um tempo maior, para se ter uma opinião mais correta.",Neutro
rapidez na entrega com 7 dias uteis o celular chegou.,Positivo
"Não recebi o produto ainda, parece uma piada manda a avaliçao se nao recebi.",Negativo
"A cuba chegou em pouco tempo e em perfeito estado. No entanto, no site, o comprador informava que os acessórios estavam incluídos., mas os mesmos não vieram com o produto.",Negativo
Dois conto e meio num martelinho??? Isso é o Mjolnir???,Negativo
"material bom recomendo,chegou até antes da data combinada",Neutro
Satisfez toda a expectativa. Minha filha não sai de cima da bicicleta.,Positivo
entrega rápida. super recomendo  Carregador ótimo. conforme especificado,Positivo
"Não recomendo, muito mal costurado. Primeiro produto q eu negativo aqui. Jah Americanas entregou MT rápido.",Negativo
O produto é bom. A entrega é péssima! Realizei a compra no dia 16/03 e até agora não recebi o produto e nenhuma providência efetiva foi tomada.,Neutro
Bom produto porem poderia vim com a jara pra bater a vitaminas,Neutro
Tem muito a melhorar comprei essa cadeira presidente e recebi a executiva  com a variação de 100 reais,Negativo
"Somente na questão de layout acho que ficaria melhor exibir a data no formato dd/mm/aaaa, com as barras, sem espaços, e a temperatura com o símbolo de grau [°]",Neutro
Cumpre muito bem com a finalidade do produto. Adorei!!!!,Positivo
O frete deixa o produto muito caro  Tem que ter frete grátis aí eu compro  Minha avaliação é porque o frete é muito caro,Negativo
"O produto veio com defeito. O botão do timer não funcionava.  Pedi à Lojas Americanas que trocasse o produto. Eu queria outro produto. Me informaram que não tinha o mesmo produto no estoque, então fizeram o estorno no meu cartão;  Mentiram para mim. No site o mesmo produto estava disponível, não quiseram trocar porque o produto porque no site ele estava com um preço minimamente mais caro.  Fiquei muito insatisfeita com o atendimento da Americanas.",Negativo
"As cordas vieram bem embaladas, funcionamento dentro do esperado. Bem antes do prazo previsto. Muito satisfeita.",Neutro
"chegou completo, e 8 dias antes do prazo sempre compro no site das americanas e nunca tive problema com nada",Positivo
Ué não entendi! Estava procurando recomendações a respeito da pipoqueira da Cadence vi esses comentários . Agora fui ver a da Britânia: os mesmos comentários!!!?? Como assim???,Neutro
"Produto falsificado, não é o original, os ingredientes são diferentes, lamentável a americanas se sujeitar a isso... Decepcionada, vou lutar por meu dinheiro de volta!",Negativo
Não há como avaliar o produto uma vez que não foi entregue e não há retorno da loja sobre o assunto.,Negativo
"Tenho dúvidas sobre a originalidade pois o mêsmo anuncia este mêsmo relógio por um preço bem mais em conta, fica a pergunta será que um é falso e o outro não?",Negativo
"favor revisar valores dos para-choque dianteiro e traseiro, 10.000,00 cada? acho que há alguma coisa errada!!",Negativo
"comprei por achar ser um cel mais simples,mas nao foi isso que aconteceu. Quando esta recebendo uma ligação a tela apaga, ele desliga e é um cel muito fragil.Decepcionada com o cel.",Negativo
Produto de excelente qualidade.Atendeu as minhas expectativas.,Positivo
A LOJA ENTREGOU UM FOLHETO DE DESCONTO NO LUGAR DO PRODUTO E COLOCARAM COMO PRODUTO ENTREGUE NO STATUS DO PEDIDO. NAO RECOMENDO A LOJA.,Negativo
"O produto é bom e sua utilização é simples. Porém o controle tem curto alcance e seus botões são meio chatinhos, falhando algumas vezes. O som é bom, não é muito alto, mas a potência de iluminação branca da lâmpada não é das melhores. Para utilizar como a lâmpada de um cômodo é fraco, apesar das especificações técnicas dizerem que a potência é equivalente a uma lâmpada de LED de 3W (ou uma incandescente de 60W). A parte colorida é bem legal!  Garante boa diversão para a criançada!",Neutro
"O aparelho apresentou defeito com poucos dias de uso e foi trocado por outro que funcionou apenas dois dias, e agora nem se quer liga mais. Produto de péssima qualidade.",Negativo
"Comprei um, mas o relogio nao funciona. Entrei em contato com fornecedor e o mesmo solicitou que eu envie para troca",Neutro
"Faltou itens no meu pedido e recebi retorno no mesmo dia , produtos bons",Neutro
O teclado é macio porém não obedece a ABNT2. O til e o acento circunflexo tem que fazer a maior manobra pra funcionar. Eles existem mas são difíceis de utilizar. Uma pena... pois o teclado é bem macio.,Negativo
"Produto está conforme minhas expectativas, demorou um pouco mais que o esperado para chegar, porém chegou bem.",Neutro
"Gostei do produto, indico este produto, a câmera poderia ser um pouco melhor, mas no mais o produto é excelente.",Neutro
Além do belo design tem também ótima resistência. Muito versátil pois fica bem na área interna e externa.,Neutro
"No começo até que achei um excelente aparelho mas, depois de quatro meses de uso, o mesmo começou a travar a tela e acender e apagar seguidas vezes. Estou com um pé e meio atrás com os smartphones da "" LENOVOROLA"".",Neutro
"Joia, muito legal, fiquei satisfeitíssimo - parabéns! Recomendo a todos. Tudo ok",Positivo
"O produto é bacana e foi entregue no prazo. Minha presenteada de 5a não se interessou mt, mas td bem, kkk, acho q é direcionado para uma faixa maior.",Neutro
ele veio sem tampa e o seu aroma não dura nada uma imitação péssima,Negativo
"A Apple à cada vez se superando,câmera fantástica celular maravilhoso super recomendo.",Positivo
"Gostei bastante, boa qualidade pelo preço... recomendo!",Positivo
Compacto e bonito. Veio em perfeitas condições. Recomendo.,Positivo
"Estou devolvendo o produto, chegou com botão danificado e se quer pega, essa porcaria é cara e se quer fica 5 minutos sem desconectar",Negativo
"Um smartphone que não é top de linha mas atende com folga às necessidades do dia a dia de um usuário conectado. Boas fotos, armazenamento interno razoável, expansível via de cartão de memória, por um preço bem acessível. Super recomendo o produto.",Positivo
"impossível avaliar pois ainda não recebi o produto,comprado a quase um mês.Quando vi  a data da entrega, 03/01 quase não acreditei,pois em geral a entrega é no máximo de 7 dias .",Negativo
Ate agora tudo ok.. bateria esta surpreendendo por ser um samsung.. ate agora nada doq reclamar,Neutro
Bastou q dia de treino e ja começou a sair a parte que mostra a marca da luva,Negativo
So acho que estar demorando muito a entrega do pedido. Ainda foi mudada a data de entrega e não consigo acompanhar o andamento do pedido,Neutro
O produto correspondeu  às expectativas e por isso eu recomendo a outras pessoas e continuarei comprando da empresa.,Positivo
Comprei dois pares um veio correto. O outro veio caixa 40 e produto número 39 e sem as palmilhas.vou tentar trocar. Mas vai ser um parto,Neutro
"Todos os outros produtos pedidos junto já recebi, mas o jogo de lençol não chegou. No aplicativo mostra ""aguardando nota fiscal"" e a data de entrega dia 10/01/2018, mas hoje já é 29/01/20018.",Negativo
"Tem grande espaço, grande roda agitadora só que não lava a roupa. Não tem nenhum cando para ""quebra a corrente"" o que faz com que a roupa só fique girando, sem mudar a posição. Se vc quer um carrocel para suas roupas, compre. Mas se estiver procurando um produto que lave suas roupas, essa não será a maquina. Comprei essa mrda* por que o meu tanquinho Arno, lavet maxx,  estragou uma pecinha e, a assistência queria cobrar 350,00 pratas para tirar 4 parafusos trocar uma pecinha que custa 18 reais na net + 21,45 de frete.   Estou muito feliz em não pagar essa empresa esse valor abusivo e, muito triste com o pessoal da Colormaq. Vou jogar essa bsta* fora. e eu mesmo vou arrumar meu tanquinho antigo.  Não recomendo a compra desse carrocel.",Negativo
"Eu gostei sim, porém não sabia que ele tinha um efeito brilhoso, achei meio cheguei, mas o material é bom e facil de limpar!",Neutro
"Comprei o Sony por pensar ser o melhor, me enganei",Negativo
ALGEUM SABE SE ESTE PC RODA PUBG?POIS ESTOU QUERENDO COMPRAR ELE MAIS NAO ENTENDO NADA,Neutro
"Melhor preço, bonito e eficiente. Chegou rápido e tudo bem.",Positivo
"Finalmente após 11 dias de atraso recebi meus cartuchos, fiz a instalação na impressora e pude perceber que apesar de paralelo, a qualidade "" inicial "" e de teste é boa ,vamos ver agora conforme passar do tempo e uso.",Neutro
"COMO PRETENDEM VENDER UM PRODUTO SEM NENHUMA ESPECIFICAÇÃO A RESPEITO DO MESMO? TAMANHO , MATERIAL, NADAAAA COMO PODE??",Negativo
"Produto fácil de instalar,  Não ocupa muito espaço. A filtragem satisfatória, água sem cheiro e sem gosto  tb. As conexões são de engate rápido, Tornando a instalação fácil e rápido.",Neutro
O produto é bom mas o atendimento é regular. As empresas de e-commerce no Brasil ainda precisam melhorar muito no que tange à eficiência.,Neutro
O produto ate q é bom. So a entrega q atrasou.. Ms  fora isso ta tudo ok,Neutro
"O produto e bom apenas a embalagem chegou bem amassada, não foi dado um cuidado no manuseio do transporta para o produto;",Positivo
"O faqueiro achei fraco, eles amassavam com facilidade.  Porém o restante dos produtos em ótima qualidade.",Positivo
"O produto atendeu minhas necessidades, o copo do liquidificador é bem resistente, silencioso comparado com alguns liquididicadores que já vi...  Ótimo custo benefício.  Aprovado!",Positivo
"Otimo para estimular a criatividade das crianças.Bom produto, chegou dentro do prazo",Neutro
Boa qualidade malha de algodão veste bem! Entrega rápida!,Neutro
Gostei muito do kit mas a única coisa que não gostei foi que na descrição do produto e na foto aparece pincel para gel e no meu veio pincel para decoração.,Neutro
Faz mto tempo que eu quero comprar mas o frete e mto caro....pque a loja americanas não tem pra vender esse conjunto de panelas?,Positivo
O meu produto foi cancelado não poderei avaliar. Fiquei aborrecido com essa situação,Negativo
atendimento péssimo da loja Marabraz. Não recomendo.,Negativo
O produto ate e bom pois conheço o fabricante mas fico indignada com o frete ser a metade do valoe da mercadoria isso fica inviável a compra,Neutro
"Só imprime, nem cópia ela tira! Tão simples que poderia pelo menos vir com o cabo para o PC. Ela é branca, mas o fio de luz é preto. Impressora quebra galho, apenas compre como último recurso!",Negativo
"Galera, este produto é bom, prático e econômico para quem tem uma família grande.. Faça a pipoca em cada e leve para as diversões na rua..",Neutro
Adoro Emmerson Nogueira oerirorsowlelkjrkrjtoto klskdieieiei nenenrjhrh kakajsj,Positivo
"O produto é ótimo, só acho que devera ser padronizado, pois comprei acreditando que viria com a bandeja deslizante pela qual me apaixonei, e ao receber, fui  informada que só no modelo CRM 43 vinha com a referida peça, fiquei frustrada, mas.....",Positivo
Produto compatível com o valor. Na minha opinião o elástico do óculos é pequeno. E o capacete não tem elástico então não para na cabeça.,Neutro
"Não recebi o produto, empresa envia envelope com mensagem que logo será entregue, sem o produto, somente para constar como entregue, após isso não dão mais um posicionamento. Já tentei entrar em contato com a empresa mas sem sucesso.",Negativo
Excelente produto ! Otima qualidade de imagem e som.   Recomendado,Positivo
"É um ótimo aspirador, super potente, mas o som dele aspirando é bem alto. Eu gostei muito dele por ele aspirador até pó fino.",Positivo
"Prezados. As panelas são lindas, infelizmente não esperava que com tão pouco tempo já começasse descascar.",Negativo
Violão de qualidade tanto de som quanto material top sem reclamação nenhuma prazo  antes da hora 6 dias top mesmo,Neutro
Gostaria de saber qual estado do aparelho se há algum defeito,Negativo
"Produto excelente. Entrega rápida, antes do prazo determinado.",Positivo
"Pode até ser muito bom, mais não explicação de como usar , até então não encontrei a inteligência dela não encontrei um manual para ela",Negativo
O ventilador e bom só que ele faz um pouco de barulho que as vezes encomoda mais fora isso excelente o ventilador,Positivo
"Americanas entregou antes do prazo, atendimento maravilhoso tudo rapidinho agradeço!",Positivo
"Sempre prezo pela qualidade do produto huggies  me garante essa satisfação, super recomendo.",Positivo
"Gostei da imagem, do som, da conectividade, funções, enfim atendeu as minhas espectativas",Positivo
"Recomendo , chegou antes do prazo, em perfeito estado, Americanas mais uma vez respondendo com as minhas expectativas.",Positivo
Produto excelente e original. Já quero comprar mais! Super recomendo!,Positivo
não gostei comprei e tá guardado  foi o maior arrependimento de compra q fiz não recomendo,Negativo
"após carregar o aparelho por 10 horas por duas vezes, ele nao pisca o led para avisar que está carregado e no manual diz que pisca quando está com a carga completa. isso nao aconteceu por duas vezes que carreguei, mais alguém teve esse problema?",Neutro
"Efetuei a compra do referido tapete. Recebi um tapete bastante fino, com costuras nas laterais. Não condiz com o tapete apresentado do qual efetuei a compra. Totalmente insatisfeito.",Negativo
"A saida de arvjoga para baixo não é regulável para cima, então o ar pega direto nas pessoas, o sansung é melhor joga o ar para cima. A porta de ar deste produto LG abre de baixo para cima, deveria ser ao contrário.",Neutro
recomendo a xerox saia perfeita porem só no canto da impressora se coloca no meio ela se divide e provável q possa ser a configuração.,Positivo
Entregaram em 4 dias! Achei super rápido e a principio parece suprir as necessidades que esperávamos.,Neutro
"Muito boa, meu filho está com 1 ano e 7 meses, e ficou super confortável. A inclinação também gostei.",Positivo
"tudo ok  com duas tampas trazeiras , uma fechada e outra que aparece atela , espero que segure a vedaçao tbm pq parece bem fina",Neutro
"ele e ótimo macio os acabamento da maquiagem fica bem esfumado, excelente.",Positivo
"Muito sensacional! Já comprei mais! Muito bom mesmo, meu cabelo Strava super ressecado e agora está ótimo! Uso todos os dias",Positivo
você aperta e nao sai agua para dar descarga se vc deixa mais solto e a agua vaza,Negativo
O produto nao funconabbai carrega nenhum tipo de motorola .;ele $implismente nao funciona!,Negativo
"na descrição os pés são antiderrapantes, porém ela escorrega muito",Neutro
Entregar super rápida.Produto perfeita condições !!!!!,Positivo
"Comprei esse radio automotivo, e me mandaram o radio totalmente inferior ao que comprei, tento estrar em contato e fazer diversas ligações, e infelizmente não me dão prazo para poder solucionar meu problema, apenas dizem que não vão poder enviar o produto que eu solicitei! Não indico a ninguém !!!!!!!!",Negativo
"A entrega foi boa, bem embalado e dentro do prazo.  A estampa é bonita e bem feita, mas pelo valor pago, achei que seria algo de maior qualidade.  Os pratos, tanto os fundos quanto os rasos, tem irregularidades, algumas bolhas e furinhos, o que me chateou.  As xícaras e pires estavam perfeitos, sem irregularidades.  A marca não é Oxford, é Biona.",Neutro
"É muito forte, mas fica agradável e cheiroso com o passar do tempo. Boa fixação e projeção. Para quem gosta de perfume forte, super-indico.",Neutro
Entrega rápida e produto entregue conforme o que foi descrito.,Positivo
"Bonita e potente, cumpre muito bem o que promete. Recomendada!",Positivo
"Produto muito bom, lâminas de qualidade, entrega dentro do prazo.",Positivo
"Um excelente box, com luxuoso acabamento. Aprenda sobre quem foi, independente dos julgamentos, sobre este icônico líder que mudou a história da humanidade a partir de suas peripécias mentais.",Positivo
"Já conhecia o produto. Apesar de existirem panelas de pressão mais sofisticadas, esta é de simples manuseio e bom custo-benefício. Até disso, é aprovada pelo inmetro",Neutro
"Poderia vir com o cabo ... por que não especifica que ele não vem ... Se eu soubesse teria comprado outra , por que tive que sair pra comprar o cabo.",Neutro
Quero saber se pode parafusar a câmera na parede e qual alcance de distância?,Negativo
"DISSERAM QUE ENTREGARAM O PRODUTO E NÃO ENTREGARAM, QUERO VER O COMPROVANTE COM A ASSINATURA POR QUEM FOI RECEBIDO, POIS NO DIA QUE FALARAM Q ESTREGARAM EU ESTAVA VIAJANDO !!",Negativo
"Em comparação com a tv de 32 ela é minúscula, só por isso que não gostei, mas não é culpa do produto e sim minha.",Neutro
Não sei pra quem reclamar... Paguei caro por um produto que não funciona.,Negativo
"Comprei faz uns 15 dias, usei uma vez apenas 1 vez e já deu problema no sistema interno. Repito, eu usei 1 vez apenas e inguiçou...não recomendo pra ninguém!",Negativo
Muito bom... Tem um ótimo custo benefício ;-) Funcionou super bem até agora...,Positivo
"Já tenho um, e este foi para presente de minha filha",Positivo
"Comprei esse carregador, paguei por um veicular e recebi um CARREGADOR SIMPLES. Estou há 4dias tentando obter uma resposta sobre a troca e ninguém responde aos meus emails. Nota zero para o ecommerce das Americanas.com. Se não vão enviar o carregador correto, por favor, devolvam meu dinheiro.",Negativo
"Comprei um Ducha Digital Star Music Turbo faz um bom tempo, mas usei pouco. O controle quebrou em pouco tempo e a empresa queria que eu paga-se o conserto. Agora ela quebrou de vez e a empresa não atendeu minha reclamação. O produto é tão ruim como o atendimento.",Negativo
Ótimo produto. Muito eficiente. Tela de bom tamanho.,Neutro
Pessimo... Ainda não recebi meu produto.. E a Americanas não me deu retorno sobre isso. Aguardo um trabalho mais serio por parte de uma empresa tao grande.,Negativo
"O produto é bom, porém a bateria do visor não dura nada, tem que ficar na tomada direto. O som é bom, porém fica o tempo todo com chiado, mas não atrapalha tanto assim a transmissão. Pensando no custo benefício vale bem a pena.",Neutro
"Maravilhoso, recomendo pra todos. Produto muito bem feito sem defeito algum, super prático e ajuda muito.",Positivo
Pela foto o produto parece de bia qualidade. Produto muito fraco e mal acabado. NÃO RECOMENDO!,Negativo
"Produto de péssima qualidade de áudio. Um fone mais alto que outro. Não fixa na orelha. Tem 3 tamanhos de borracha, porém nenhum fixa na orelha durante uma leva caminhada, imagine numa corrida! HORRÍVEL! PERDA DE DINHEIRO!",Negativo
Olá bom dia. Gostei muito do produto ms como posso comprar se não vem dizendo nada na descrição dele. Falta informações do produto só pq ele não vem com jogos pq os outros com jogos vem falando tudo. Gostaria das informações dele ficha técnica oque vem nele. Obg,Negativo
"Atendeu minhas expectativas, meu filho adorou. Não trava, a memória é razoavelmente boa, meu filho já baixou vários jogos, uso da Internet satisfatório, câmera boa, entrega rápida. Avaliação feita no próprio rsrs.",Neutro
"O sistema de instalação pwlo wi-fi não é amigável, levei muito tempo para configurar. O  scanner não consegue digitalizar doc grossos, livros carteiras, etc., apenas folhas e isso é uma desvantagem grande com relação aos tradicionais.",Neutro
Dizem que é o filho de Mjolnir  Por isso é tão bom,Positivo
"Infelizmente, eu não posso opinar sobre o produto porque a americnas.com CANCELOU A COMPRA DO KINECT mas enviou o SUPORTE. E como a entrega do suporte foi feita muito antes da data do cancelamento do kinect, eu nem pude devolver. ESTÁ HORRÍVEL O ATENDIMENTO DA AMERICANAS.COM.",Negativo
Nada a declarar. Nada a declarar. Nada a declarar. Nada a declarar. Nada a declarar. Nada a declarar. Nada a declarar. Nada a declarar.,Neutro
Está tv diz ser smart mais quando vc vai ligar ela ela não tem o aplicativo da Netflix e não tem formas de colocar por isso não indico a nenhuma pessoa este produto. Minha revolta é do produto e não da empresa americanas.com.,Negativo
"corpo do produto de boa qualidade, metal, porém a tampa para fechar é de plástico, bem comum, fácil de quebrar, derreter com água quente...",Negativo
"Não recebi dentro do prazo estimado.. Atrasou muito, só chegou depois de muito tempo porque pedi o cancelamento da compra!!!!!",Negativo
"Alem de ser enorme, juro que pensei que fosse pequeno, é extremamente difícil de ralar e fatiar seja qualquer coisa, esse é o produto que eu me arrependo amargamente de ter comprado. Tramontina me decepcionou.",Negativo
"Quero relatar aqui que o aparelho é excelente, mas infelizmente não sei que houve o aparelho chegou aberto e com o phone de ouvido quebrado.",Neutro
"O aspirador tem uma boa sucção porém o fio tem que ser enrolado manualmente, e o saco coletor é daqueles que usa depois tem que ficar comprando outro mais funciona bem. Em relação  a loja a entrega foi rápida.",Neutro
O produto chegou em tempo hábil e em excelentes condições.,Positivo
"Trabalho com livros do professor há tempos. Esperava que esse fosse como outros, que tem os exercícios e as respostas... porém só vem as respostas. Em sala de aula sigo usando o do aluno... esse acabei deixando em casa, só para o planejamento de aula, caso tenha alguma dúvida na resposta de um exercício.",Neutro
Ótimo custo benefício.Jogos no estilo dos antigos Atari,Neutro
Péssimo pois não recebi esse produto e veio pra mim pagar no cartão e o produto não foi entregue e ñ mim avisaram o motivo estou muito triste com a americana   pois sempre gostei de compra.,Negativo
"Produto de excelente qualidade, ótimo custo benefício!!",Positivo
"Troquei as lâmpadas anteriores de 9w da Philips por essas de 12w para ter mais iluminação. No entanto as duas de 9w e 12 e iluminam igual. Como as antigas são Philips, a deficiência está nas novas.",Negativo
"Boa altura, material de qualidade, suporta boa temperatura.",Neutro
"Não conhecia a marca, gostei do custo benefício....,...",Positivo
Chegou antes do prazo ..produto de qualidade .. Recomendo,Positivo
"Recebi o produto errado, não foi esse produto que pedi.",Negativo
"bom, porem demora um pouco para medir mas cumpre bem o seu proposito. bom, porem demora um pouco para medir mas cumpre bem o seu proposito. bom, porem demora um pouco para medir mas cumpre bem o seu proposito. bom, porem demora um pouco para medir mas cumpre bem o seu proposito.",Neutro
"muito bom atendeu as minhas necessidades gostei,alem de bonito é muito prático e realmente foi uma ótima compra.",Positivo
"Ainda não tenho o que revindicar, pois esta me suprindo e cumprindo como na descrição.",Neutro
"Comprei duas baterias, as duas apresentaram defeito. Uma sequer recebe carga a outra super aquece. Perdi meu dinheiro.",Negativo
"o produto é bom, porém tive problemas com outro pedido do mesmo vendedor(lojas fascina) e eles dificultam o máximo a troca, não recomendo a loja, pois, se tiver defeito ou envio errado de produto terá dor de cabeça para solucionar.",Neutro
"K-9 é sem dúvida um dos companions mais marcantes do doutor , e não pode faltar na estante rsrs , ótima miniatura com detalhes muito bonitos que emite som , porém acho que poderia ter um botão para que a luz ficasse acesa , ou mais sons , ele somente emite a frase ''afirmative , master !'' , mesmo assim , vale muito a pena !",Positivo
Fiquei muito satisfeito com este produto pois atendeu minhas expectativas e qualifico como produto de excelente qualidade de imagem e de recursos,Positivo
Perfeito na qualidade e no acabamento. Entregue rapidamente.,Positivo
Amei !!! Super prático e muito fácil de utilizar  Todas minhas irmãs amaram...kkk Tive que dar de presente para duas .,Positivo
Não gostei o produto veio com defeito a bateria não carrega.  No site  não estou conseguindo trocar nem devolver.,Negativo
Produto de qualidade ruim ja quebrou menos de um mês quero saber como recebo o meu dinheiro de volta ou troco por outco produto,Negativo
"Cumpre o prometido, é funcional. bom custo benefício.",Positivo
Gostei bastonete.Porem a caixa veio destruída Td mal fechada como se tivesse sido rembalada.E o pé da banheira um dos calcinhos veio quebrado .A banheira e ótima porém veio com essas avarias .Chato receber um produto mal organizado assim .,Neutro
"BOM PRODUTO, RAPIDO E BOA QUALIDADE, ENTREGA FEITA RAPIDA, TEVE APENAS UM ERRO NA HORA DA ENTREGA POR NÃO CHAMAR NA CASA CORRETA",Neutro
"Tem uma boa pressão na água, com uma ótima purificação. Recomendo!",Positivo
Adquiri dois produtos e nenhum deles funcionou no primeiro uso. Percebemos que o problema era a pilha que veio neles e tivemos que providenciar pilhas novas.   A enrega foi pontual.,Positivo
pode comprar gfjhfjhxgfjfjgdngfjdgfmhgdjkgdhjfvhjmhgdjfd,Positivo
"Gostei muito da fragancia, me supreendeu , pois comprei no escuro sem saber o que esperar. Muito bom",Neutro
todos deveriam se cadastrar e comprar são de ótimas qualidade.,Positivo
Incrivel voces pedirem avaliação de um produto que não recebi. Pior é que isso indica o pouco caso e despreparo em acompanhar o pedido feito. Quero uma solução imediata ou me entregam o produto ou me creditem o valor pago pelo mesmo. Ainda por cima seu parceiro que me cobrar outra taxa de entrega. O ATENDIMENTO NÃO PODIA SER PIOR,Negativo
"Compra boa, entrega rápida, porém, o material é bem fraco, mas o custo benefício compensa.",Negativo
Recomendo o produto. Demorou muito para atualizaçao.,Neutro
"TV excelente. Ótimo som, função Smart, imagem, tudo!!!       Maravilhosa!",Positivo
COMPREI O PRODUTO PARA DAR DE PRESENTE DE CASAMENTO PARA MINHA AFILHADA E ELA AMOU ...,Positivo
Perfeito tanto o produto como Atendimento !!! Obrigada!!,Positivo
"produto chegou super rapido, em perfeitas condições e é excelente como produto em si",Positivo
O produto não como eu pensei fabricante não conhecido acontece engano.mas ta bom eu não gostei.ate a proxima compra,Negativo
"Gostaria de fazer a devolução do produto, como faço?",Neutro
gostei muito do produto emuito bonito e bom estou amando e recomendo .,Positivo
O produto que adquiri é muito bom e eu recomendo sim,Neutro
"Chego muito antes do prazo, embaladinha bonitinha, foi presente pra mamãe e ela amooo!!! super recomendo! Fritamos Kibe e fico maravilhoso, parecia que nos fizemos no óleo! No começo ficamos atrapalhados pra mecher mas pegamos o jeito!!!",Positivo
"Gostei do aparelho, simples de usar. Ainda não testei para alguns exercícios, O ponto que acho que pode melhorar são as gomas, parecem que não vão durar muito tempo quando o rítimo de exercícios aumentar.",Neutro
O produto é muito bom e o preço justo. atende as especificações,Neutro
"americana s esta de parabens pela entrega pois nao perde tempo e muito rapida, custo em comparação a outras lojas muita diferença, meu filho esta esperimentando e esta gostando.",Positivo
"PRODUTO COM ÓTIMA ILUMINAÇÃO, SUPER RECOMENDO. É COMPATÍVEL COM O PREÇO.",Positivo
COMO COMPRAR UM PRODUTO ONDE O FRETE É MAIS CARO QUE O ITEM É CHAMAR O COMPRADOR DE IDIOTA.,Negativo
"péssimo, deu defeito no primeiro uso, solicitei a troca e não fui atendido, não recomendo o produto e nem a loja que vendeu.",Negativo
"a compra foi uma boa aquisição, porem o tratamento da Americanas junto a mim foi pessimo paguei frete para receber o produto em 1 dia recebi em 4 dias, nao existe central de reclamacao  os atendente do televendas sao arrogantes e nao obtive resposta alguma do meu e-mail de reclamacao, porem informo que colocarei um processo referente ao pessimo atendimento e ao frete cobrado e nao cumprido na data combinada",Neutro
"Estava procurando um controle compativel com windows 10 e me surpreendi com a qualidade desse controle, acabamento muito lindo e botões super macios. A entrega super rápida e atendimento Americanas excelente.",Positivo
Qual a Vantagem nisso ????? todos jogando e o meu nem a nota fiscal emitiram ainda vão emitir em ate 6 dias depois mais trocentos dia pra embalar depois mais trocentos dias pra chegar que furada que me meti,Neutro
"Ainda não recebe o produto, por isso não posso avaliar o produto",Negativo
Imagem perfeita adorei uma TV de excelente qualidade.,Positivo
"Produto sofisticado, preço satisfatório, muito útil e prático para o dia a dia, de fácil manuseio, pontualidade na entrega fantástica recebi antes do prazo.",Neutro
"o mapa da terra média foi impresso em um tecido de baixa qualidade, quem procura o brinde como algo para sua coleção não vale a pena. mesmo assim é um ótimo game.",Neutro
Produto funciona perfeitamente. Chegou muito antes do prazo. Recomendo.,Positivo
"Gostei de comprar nas lojas americanas.   Uma loja séria , responsável com  atendimento rápido e prático . Já  comprei vários produtos desta loja e a atenção é  muito cordial. Muito obrigada. Bom trabalho.",Positivo
"Chegou rápido é o produto é maravilhoso. Ele não esfrega, é mesmo como um pano de chão mas q faz tudo sozinho, só molhar, torcer deixa tudo limpinho e cheiroso. Satisfeita!",Positivo
"O smartphone é ainda mais bonito pessoalmente, rápido, não trava, a camera durante o dia é perfeita, chegou muito rápido bem antes do prazo, tive nenhum problema. Americanas está de parabéns",Positivo
"Custo benefício bom, a marca é renomada, mas demora um pouco o acesso de internet e o retorno dos comandos do controle também. Mas a imagem é linda, o som é ótimo, as entradas pra USB e HDMI funcionam bem ... Como disse antes , pelo preço está de bom tamanho :) estou contente !",Neutro
"Produto bom facil de usar,facilita bastante o trabalho na cozinha.muito pratico.",Neutro
Já tinha efetuado várias pesquisas e na Americanas encontrei o melhor preço e a entrega foi feita antes do prazo. Sobre o jogo estou contente.,Positivo
único problema por assim dizer é que máquina menor é a pilha e o aparador de pelo do naris tbm se fosse a bateria seria melhor,Neutro
"A peça solucionou o meu problema, a trepidação do motor acabou, porém não tenho certeza da originalidade do produto.",Neutro
"comprei na pre venda e ate hoje não esta na transportadora, serviço lixo prestado pela loja",Negativo
"a entrega foi super rápida, a escova alisa bem o cabelo, porém se o cabelo estiver muito molhado não dá conta de secar, é preciso secar com um secador antes e só finalizar com a escova. Porém quando o cabelo está quase seco o resultado fica ótimo e muito prática, no geral gostei e recomendo.",Neutro
"Fiquei com receio em comprar a camisa, decidi comprar assim mesmo, me surpreendi, ótima qualidade, tamanho perfeito, recomendo.",Positivo
"Câmera boa, sinal sem ruídos. Produto leve e fio de bom alcance. Bateria dura pouco tempo fora da tomada, mas nada que negative o produto.",Positivo
"O produto deveria ter no anúncio que o tamanho não corresponde ao número, quem quiser comprar  peça dois tamanhos  acima do seu número pq comprei 35 e a pessoa não pode usar , passou pra outra que calça 33. Falar a verdade no anúncio é sempre o melhor !!!",Negativo
"ferro ficou na assistência técnica por quase 20 dias, retornou para casa e pegou fogo. Já se passaram 30 dias, irei exigir meu dinheiro de volta, não recomendo.",Negativo
meu aparelho esquenta moitor se nao sei sie normal,Negativo
"A caixinha entrega som de qualidade para a faixa de preço, além de ser realmente potente. Contudo, poderiam melhorar a conexão bluetooth: existe um atraso na reprodução do som.",Neutro
"Em geral atendeu às expectativas, porém um dos pratos veio com um pequeno defeito.",Neutro
"Péssimo produto, não aderi como deveria a tela do relógio assim soltando as beiradas até sair por inteiro, durou menos de um mês e olha que não esbarrei em nada !!! Péssima compra !!!",Negativo
Produto bom e de boa qualidade...A unica coisa que eu não gostei foi a música que é muito baixo...por se tratar de um brinquedo musical deveria ser mais alto...mas gostei mesmo assim.,Neutro
"Faz pouco tempo que comprei, mas a principio meu filho gostou muito",Neutro
Ótimo celular. O tamanho é um pouco grande o que gera um certo desconforto mas no geral muito bom.,Positivo
Atendeu a expectativa e valeu o investimento. Fotos boas. Maravilhoso o produto.,Positivo
Anuncio falso.. existem 2 fotos de produtos distintos. Um makita outro Ching ling. Quase comprei enganado. Ate na americanas não podemos mais confiar.,Negativo
Gostei muito do produto!  E outros conhecidos também gostaram!,Neutro
"Lenço umedecido da melhor qualidade,  aqui na minha família só usamos esse.",Positivo
"Silenciosa, econômica. uma boa compra. Recomendaria aoutra pessoa. Entrega muito rápida. Só compro nas americanas.com",Positivo
NÃO RECEBI O FREEZER ATÉ HOJE... E SOLICITEI O CANCELAMENTO DA COMPRA DESDE O DIA 03/01 POR VALE-COMPRAS E ATÉ AGORA OS VALES NÃO ENTRARAM. JÁ PAGUEI A PRIMEIRA PARCELA DESTA COMPRA E O MEU PROBLEMA NÃO FOI RESOLVIDO.,Negativo
"O produto atendeu as expectativas, recomendaria para outras pessoas.",Positivo
"Bom ,,porém n venho n embalagem da EURO ,,VENHO NUM PACOTE DE PAPELÃO (CAIXA)..",Neutro
"Eu gostei do headset, o microfone dele é regular, seria melhor se ele não estragasse com um mês de uso",Neutro
"Jogo muito divertido. Entrega dentro do prazo, como sempre!",Positivo
poly kallo Gostei muito do produto!............................,Positivo
PRODUTO ERA PRA SER ENTREGUE DIA 29 DE DEZEMBRO  SE OS CORREIOS INFORMAM QUE O PRODUTO NAO CHEGOU É PORQUE NÃO VOU ENVIADO!!!!  NOTA ZERO PARA VOCES  DEPOIS QUE EU RECEBER MEU PRODUTO VOU EVITAR COMPRAR COM VOCES E COM SEUS PARCEIROS!!!!  NOTE QUE O PRODUTO AINDA CONTINUA A VENDA NO SITE AMERICANAS  ENGANO!!!!!,Negativo
O produto chegou bem antes do prazo. Produto de excelente qualidade!,Positivo
Muito bom o produto e chegou bem antes do prazo que combinamos.,Neutro
Chegou dentro do prazo.  Veio certo e sem violação de lacre.,Neutro
fui enganado nao e o que mostra no anucio  nao faz a depilacao do geito que mostra no anuncio,Negativo
"Suporte bem bacana, alem de articular para as laterais, ele deixa a Tv inclinada. Suporte para o conversor  perfeito, otimizou o espaço no meu quarto. Recomendo o produto e a loja.",Positivo
"O produto é ótimo , não tenho nada a reclamar , porém a entrega é péssima . O status da entrega não foi atualizado e nem sequer o meu produto apareceu na tal ''transportadora'' , o produto chegou sem eu nem saber onde ele estava . Se eu não estivesse em casa não teria recebido",Neutro
"Entrega rápida , caixa um pouco danificada mais o relógio em perfeito estado",Neutro
"Parabéns,ótimo produto ,eu recomendo,chegou antes da data prevista.",Positivo
"Obrigado, mais uma compra que ocorreu tudo bem, a empresa enviou o Cabo conector faltante.",Positivo
Comprei pra meu corsa hath ficar mais bonito.e ele parece pesado mas o outro tanbem deve ser só que eu ainda não troquei.,Positivo
"Exelente produto,chegou antes do prazo. Parabéns pela pontualidade ...",Neutro
Amei os livros tem frases maravilhosas eu recomendo,Positivo
"Comprei essa tesoura e é uma mentira, ruim demais, não funciona direito, não corta tecidos,não tem força, péssimo enganação pura!!! Aperta o gatilho e tem que ficar tocando nas pilhas pra funcionar e muito mal!!!",Negativo
"O celular é bom tem um ótimo custo benefício,a câmera poderia ser melhor mas da pra tirar umas fotos básicas,responde ligeiramente a uso dos aplicativos até agora não travou estou gostando,Indico!",Neutro
"Me surpreendi, achei que fosse apenas alinhar os fios, mas pra mim fez um efeito de progressiva.",Positivo
"Meus dois relógios vieram com defeitos, é pra piorar são chinês. Já devolvi e estou esperando o estorno. Comprei confiando na marca Americanas mas pelo visto a loja já está apelando para produtos de má qualidade.",Negativo
"A prancha alisa o cabelo já na primeira passada e você já percebe que o cabelo ficou bem hidratado. Ela demorou um pouco até atingir a temperatura, acho que até um pouco mais de 30 segundos, mas vale a pena comprar.Amei o resultado.",Positivo
Celular ruim trava direto a fabricado na China você vai se arrepender se comprar .,Negativo
"Bonito, design perfeito e funciona super bem. Sistema operacional intuitivo e fácil. Adorei.",Positivo
"O perfume entregue está bem aquém das minhas expectativas. Tanto a fixação, quanto a projeção são baixíssimas, o que coloca em dúvida, a originalidade do produto.",Negativo
Não recomendo o produto.  Apesar de muito bonito as peças são tortas e a montagem de dificil entendimento. depois de montado fica balançando bastante. Não transmiti confiança de colocar uma tv de 60 polegadas. Poderia (e deveria) ser bem melhor).,Negativo
"Excelente produto, preço justo e chegou rápido misto quente fica delicioso",Positivo
"ótimo produto ,preço bom e frete baratinho! com certeza comprarei novamente na próxima promoção!!",Positivo
O som é muito alto... incomoda o bebê. Deveria ter controle de volume.  Para usar no modo sem som é bom.,Negativo
"o produto ainda nao foi entregue, esta ha mais de 3 dias atrasado, parece que ninguem esta providenciando a entrega, os debitos do pagamento no meu cartao de credito, estes chegam no dia e hora marcada, nao falha nunca, agora competencia do vendedor para entregar o produto, esta muito falha, ficando sem credibilidade",Negativo
Preço da cápsulas mais em conta.. Sempre falta o cappuccino,Positivo
Não me entregou no prazo previsto.estou aguardando até agora!!pagar 220$ de frete e não chegar no prazo..,Negativo
produto bom e chegou direito no prazo! recomendo! podem comprar!,Neutro
"O notebook veio com defeito, não ligava, acessando direto a BIOS. Desse modo, tive que devolvê-lo e comprei um novo da marca Dell, esse sim de ótima qualidade.",Negativo
"Muito bom, me ajudou no dia a dia, pena que faz muito barulho mais como nem tudo é perfeito, mais mesmo assim estou satisfeito.",Positivo
Produto atende minhas necessidades do dia a dia. Entrega no prazo. Recomendo meus amigos.,Neutro
a loja nunca entregou o produto. Não recomendaria a ninguém a compra,Negativo
não faz a função proposta e quando se coloca de 220v para 110v além de não passar a tensão correta ferve.  queimou minha extensão e por pouco não pegou fogo. não comprem é uma porcaria,Negativo
Excelente produto.... enxuga muito bem.... recomendo.....,Positivo
"Produto muito bom, cabelo fica natural. não troco por outra, deixa o cabelo macio, liso e com brilho. quem comprar vai gostar.",Positivo
"Muito bom produto , leve e fácil de usar , recomendo",Positivo
"Lindíssimo, elegante, muito bem feito e de altíssima qualidade!!",Positivo
"Apesar de ser uma boa impressora, deixa a desejar em alguns pontos.",Neutro
"Não é possível fazer uma avaliação do produto, pois chegou quebrado e não funciona, estou tentando fazer contato via e-mail e por telefone na central da loja americanas, mas impossível de falar com um atendente, espero que alguém vejo essa avaliação e entre em contato.",Negativo
Os bowls tem excelente tamanho e a porcelana é de qualidade. Recomendo!,Positivo
QUERIA COMPRAR MAS ESTOU INCERTO QUANTO AO PRODUTO ALGUÉM AÍ PRA AVALIAR?,Neutro
"Muito bom,  a entrega ocorreu antes do prazo e foi tudo muito esclarecido, além da qualidade  melhor do que eu esperava.",Positivo
Ate o momento um Bom produto. Nada a reclamar.................................,Neutro
"Adorei o produto, recomendo! Material excelente  e a entrega foi rapida, antes do previsto.",Positivo
"Fiz o pedido de duas unidades, e só recebi uma, Paguei por duas unidades e a NF veio constando as duas unidades, mas dentro da embalagem só havia uma unidade.",Negativo
"Um absurdo demorar 25 dias pra entregar algo numa capital da região Sudeste, primeira compra que faço e também a ultima, melhor pagar mais caro em outro site.",Neutro
Produto bom aguardar um tempo de uso para ver se não apresenta falhas,Neutro
"Não tenho opinião a respeito desse produto no momento pois ainda não possuo, queria saber a marca dele primeiro.",Neutro
Produto de excelente qualidade e entrega rápida. Era como o esperado! Agora só colocar para funcionar.,Positivo
comprei um zaas e recebi um mtx  duro mas o vendedor fez o extorno  de maneira abil rápida nada a reclamar pelo equivo,Negativo
"Adquiri e desde novo nunca teve um alcance razoável não oferecendo continuidade no áudio nem com o celular no bolso, há falhas inclusive com o celular ha 40 cm do fone.  Antes que falem que o problema é do celular, fiz o teste com 3 computadores diferentes e mais 4 modelos de celular diferentes e de diferentes marcas.",Negativo
"Estou adorando esse smartphone! Recomendo. Aparelho grande , ótima resolução de câmera e vídeo.",Positivo
"NO MEU USO DIÁRIO é bastante econômico com relação a bateria, já consegui quase 5 horas. Teclado é excelente, a tela antirreflexo é ótima mas tive que me acostumar pq não tem ""aquele"" brilho, entretanto, não troco mais pq na hora do clarão ela salva. <3 Não travou nada, nem jogo e nem programas pesados. Vou de celular Lenovo Motorola e agora Notebook também. Super indico! obs.: não vá atrás de quem diz que a bateria é ruim (isso serve pra qualquer notebook) pois depende muito de como o aparelho será usado, caso vc compre um aparelho e não lhe agrade, tem alguns dias pra trocar. obs.: minha compra foi feita no guichê da Americanas no shopping, adorei a rapidez da entrega e a maneira como foi possível acompanhar o pedido no aplicativo.",Positivo
Produto ótimo lindo vem as 5 toalhas do jeito da descrição ótima,Positivo
"Não caia neste golpe, comprei esse ""computador"", chegou com a caixa toda avariada. Quando chegou não ligava, pedi para recolherem, não foram! Quando abri o PC o HD estava fora da garantia. Resumindo: PREJUÍZO TOTAL. NÃO GASTE SEU DINHEIRO COM ESSE PC.",Negativo
"Excelente produto, recomendo. É ainda melhor do que vem descrito nas especificações. Entrega rápida. Muito bom ?",Positivo
"Comprei uma câmera, e me enviaram outra! Já solicitei a câmera que eu comprei, tenho todos os comprovantes e fotos de tudo essa loja parceira da amaricanas é uma porcaria! Não comprem com a MAGAZINE JG",Negativo
Na foto foto não aparece mais fotos para saber se viria a parte traseira da capa...achei que sim...mas não veio. Mas em relação ao que veio ajudou-me no que precisava. Recomendo.,Neutro
"Não conhecia o produto, comprei meio que com medo, mas confesso que gostei muito do custo x benefício. Isso sem contar com a rapidez e a eficiência na entrega, agregadas à uma atenção sem igual que eu recebi do Mercado Leal. Parabéns, Americanas !!! Parabéns, Mercado Leal !!! Adorei a Parceria !!!",Positivo
O MEU PRODUTO FOI COMPRADO DIA 26/12 /2017 ATE HOJE NÃO CHEGOU QUERO UMA POSIÇAO ESTOU TOTALMENTE INSATISFEITA JA MANDEI VARIOS RECADOS AGORA CHEGANDO PESQUISA DE SATISFAÇAÕ PRA AVALIAR ENTREGA ... COMO SE NÃO CHEGOU,Negativo
"Esperava muito mais de uma Ultra HD 4k, a imagem por muitas vezes apresenta sombra, não tem boa definição. Não recomendo.",Negativo
"É UM PRODUTO QUE ATENDEU ÀS EXPECTATIVAS. POR ISSO, O RECOMENDO.",Neutro
"Adorei o produto, na minha opinião não tem nada pra mudar nele ela é exatamente perfeito. Amei",Positivo
Entrega super rápida.... Chegou bem antes do previsto. Produto é ótimo,Positivo
Muito bem acabadas e com ótimo corte. material muito bom. Atendeu expectativa e prazo entrega bem rapido.,Positivo
Produto de qualidade e o tecido é super macio. Recomendo!,Positivo
"Produto de ótima qualidade e designer, porém não gela muito.",Neutro
pelúcia muito bonita porem veio com um furo de descosturando mas nada que uns pontinhos não resolvam,Neutro
"Aspira tão bem quanto aos aspiradores tradicionais, com a vantagem da portabilidade. Gostei muito do aparelho. Ruído que não atrapalha e facilidade para limpeza. O único ponto negativo é aspiração embaixo dos móveis, pois ele não dobra o suficiente para manter o bocal dente ao piso. Recomendo !!!",Positivo
O aparelho é excelente. Gostei muito dos acessórios que vem junto. Facilita muito. Recomendo sem dúvidas.,Positivo
"Comprei esta TV há alguns dias, o prazo para entrega era 26/2, ontem, e até agora não recebi. Ontem não saí de casa, adiei um compromisso, porque imaginava que o produto chegaria, e nada. Pelo jeito hoje também não chega. Isso é um descaso com o cliente, Nunca mais compro nas Americanas.",Negativo
"Ao contrário da descrição, o material do produto é bastante fraco, por isso a peça montada não possui estabilidade e tem   pouquíssima resistência. Dá até medo de esbarrar e ela cair.",Negativo
Minha avaliação aqui é pelo péssimo atendimento da loja Total Filtros que até hoje não me retornou com o Protocolo de troca da mercadoria que veio errada,Negativo
"Produto prático e muito fácil de utilizar. As verduras, frutas etc. saem praticamente seco!!!",Positivo
Ainda nao recebi o produto então nao tenho como avaliar,Negativo
"Atrasaram a entrega, não entraram em contato para agendar nova data e agora tive que entrar em contato com meu banco para realizar o desacordo comercial! Muito ruim o atendimento ao cliente.",Negativo
nao recebi ate agora por isso nao posso avaliar no aguardo de minha troca to esperando ja postei o aparelho que mandaram errado dia 26/02/2018 iiiiii,Positivo
Produto chegou bem antes do prazo em ótimo estado.,Positivo
"O produto é simplesmente maravilhoso, exatamente o que eu desejava, é bonito, os nichos laterais são ótimos, é forte, e super fácil de montar. Atendeu as minhas expectativas. E a entrega foi realizada bem antes do prazo. Recomendo.",Positivo
comprei o celular dia 08-03-2018 i ate hoje dia 08-03-2018 ainda nao  chegou i nei sei se vai chegar,Negativo
Ainda não comecei a utilizá-lo. Não posso falar muita coisa do produto.,Neutro
"No início comprei 1 para minha esposa e ela gostou. Emprestei para minha mãe, que também gostou e também comprou. Depois emprestei para minha sogra, que também gostou e também comprou. Ou seja, comprei 3 unidades. Até o momento não tenho do que reclamar, funciona bem e tem boa potência. Pelo preço oferecido é um bom produto.",Positivo
Chegou antes do esperado.. Mercadoria bem embalada.,Positivo
Aparelho de desempenho muito bom.. unico problema é que aquece demais !!,Positivo
"O produto confere as descrições do vendedor, foi entregue sem inconveniências.",Positivo
"a exatos 20 dias da compra e ainda não recebi, muito demorada a entrega",Neutro
Despretencioso. Poderia vir com mais controles  e uma qualidade melhor de som.,Neutro
Produto bom e uso simples; nada além do que eh descrito na apresentação.,Neutro
"Comprei este produto em 13/03 e chegou em 15/03. Parece ser embalagem original. A única coisa que não gostei na progressiva da Salvatore é por se tratar de progressiva sem formol, seu efeito acaba bem rápido.",Neutro
Produto bom o preço estava acessivel e a entrega tudo dentro do combinado.,Neutro
"Entrega excelente bem antes do previsto, só que em um deles a pintura estava descascada... e com sinais de tinta escorrendo. Mas no mais gostei muito...",Positivo
"Acabei devolvendo todo o aparelho de jantar!!  Veio todo desbotado, com manchas escuras em volta das peças.    E por fim, estão me reembolsando apenas R$ 415,00, sendo que o valor do  aparelho é R$ 429,99 !!!",Negativo
"O produto chegou rápido, o Silver Scent tem uma excelente fixação, já o Ferrari Black ficou devendo neste quesito.",Positivo
"Muito bom, apenas não gostei do material da bico dele.",Positivo
"A película e a capa não eram do celular comprado. Foram comprados juntos, num combo. São maiores que o celular MOTO G 5. Já entrei em contato e pediram para cortar o produto com uma tesoura e enviar fotos. Espero que seja cancelada a compra e tudo se resolva.",Negativo
Poderia ter optado por modelos melhores. Comprei com base apenas na foto do produto e não foi muito do meu agrado! Na próxima compra serei mais rigoroso na escolha do tipo de produto.,Neutro
"Ainda nem recebi o produto. Duas semanas de atraso e nenhuma informação do vendedor Itotal, parceira das Lojas Americanas,",Negativo
"O produto não foi entregue até hoje é agora depois de muito esperar e partir de mim a procura pra saber o que estaria acontecendo , recebi retorno que não conseguiram achar endereço... impossível pois acabei de receber a geladeira. E querem cancelar a minha compra sem que eu tenha pedido. Já passaram mais de 15 dias da compra e não aceito o cancelamento pois não é um ato legal.",Negativo
Gostei do CUSTO/BENEFÍCIO ref. ao consumo de tintas para impressões e da rapidez no processo de CANCELAMENTO de um pedido (tinha escolhido uma impressora tanque de tinta EPSON) e da utilização de um vale para a compra de uma outra impressora tanque de tinta CANON).,Neutro
"Produtos simples mas muito bom para ler código de barras de mercadorias, para ler DANFE/XML.",Neutro
"Produto muito bom, entrega antes do prazo, eu recomendo.",Positivo
Infelizmente tem 1 mês que não chega esse produto.,Negativo
"O ovo é bom, mas o preço é propaganda enganosa, aq nas Americanas da minha cidade é 29,99,na propaganda ficam dizendo q é 15,99?",Negativo
Não recomendo a compra!!! Levaram praticamente um mês para entrega !!!! Reclamei e até comprei outro produto pelo atraso !!! Não compro mais neste site !!!! Péssimo!!!!!,Neutro
"Adorei o produto, e a entrega foi bem antes do prazo, super recomendo. Minha primeira compra nesse site e com certeza vou comprar mais vezes",Positivo
Bom Esse celular tem uma câmera excelente. E seu espaço interno e grande do jeito que necessito.,Positivo
"O celular além de lindo, não trava mesmo com muitas coisas abertas. Chegou super rápido! Estou muito satisfeita com o produto, sempre usei android e a partir de hoje não troco mais por nada meu Iphone. Super recomendo!",Positivo
Adoramos a cafeteira. É prática e na medida certa para duas pessoas e um cafezinho.,Positivo
"É muito bom, mas não compensa comprar o kit completo, comprem apenas o depilador mesmo. Eu nem uso as capas, elas não servem pra nada na minha opinião. E fica mais caro com as capas. Sobre o produto, a primeira vez doeu MUITO, na terceira vez já foi tranquilo, agora nem dói mais, e o pele cresce mais fino e demora mais pra crescer. O que mais doeu foi a axila, só na 3 vez que já foi tranquilo, mas agora está bem melhor, a axila clareou e dói bem menos. A perna a primeira vez doeu, mas é uma dor bem menor comparada a da axila. E demora bem mais para crescer os pelos além de ir afinando. É isso pessoal, para quem quer se ver livre da gilete podem comprar, dói nas primeiras vezes mas compensa!",Neutro
"O produto sem dúvidas nenhuma é bom. Pelo preço, atende bem às expectativas. O design também é bacana e a usabilidade é muito boa. Só acho que deveria vir com mais itens: por exemplo, uma escovinha para ajudar na limpeza após o uso e principalmente uma bisnaga com a graxa lubrificante. Usei apenas 4 vezes e já não há graxa na engrenagem de funcionamento. Vou procurar essa graxa e comprar para manter o aparelho em boas condições. Se viesse com esse itens mencionados, seria perfeito.",Neutro
"Gostei muito do produto ,a entrega foi bem antes da data que o site falava.... Não tenho nada a me queixar ...ótimo produto.",Positivo
"Esta boneca foi o presente de aniversário ideal, atendeu todas as expectativas quanto ao material utilizado no produto quanto ao produto em sim.",Positivo
"Muito bom o produto, encaixou com perfeição no carro",Positivo
"Produto bom, porém não me atentei ao tamanho das chamas. Tem duas que são muito grandes, e para mim que uso mais panelas pequenas, não será muito bom, mas para panelas maiores é excelente",Neutro
"Otimo de camera e funcionalidade, porém estraga a bateria muito rapido e para em um looping de se ligar toda hora.",Neutro
"O Valor do frete, é um absurdo!!!!!!! Mesmo vc.comprando um ou dois/tres conjuntos.",Neutro
"Gostei muito do produto super indico, é a minha primeira de muitas compras que pretendo fazer em plataformas eletrônicas, é cômodo e quando voce acerta no fornecedor é show !!!",Positivo
"Excelente produto, preço acessível, super recomendo",Positivo
"Ainda devo utiliza-la por um tempo, para uma avaliação mais segura.",Neutro
"Produto barato porém péssimo, não tem uma cola boa. Foi dinheiro jogado fora, propaganda enganosa.",Negativo
Livro que ajuda entender o estado que se encontra nossa cultura e intelecto.,Positivo
"Cuscuzeira Hércules veio com vários pontos de ferrugem nos locais que faz a fixação dos pegadores e na peneira na parte interna, além disso a peneira ñ encaixa bem. Enfim,  produto bonito mas de péssima qualidade.",Negativo
É um produto paralelo bastante inferior ele desliza nas mão por se uma borracha não apropiada para esse tipo de situação corre o risco de escorrega e o motorista perde o controle do veiculo e o acionamento da buzina não funciona é lamentável por ser um valor tão baixo eu deixa de fazer compra nessa loja,Negativo
"veio com um trinco, e eu pedi a troca ou o reembolso do cartao, e nao foi feito",Negativo
A fonte veio queimada não está gravando imagem no HD. A qualidade das imagens das câmaras são ruins.,Negativo
Produto trava e não executa função prometida. Não emparelha com o smartphone  !,Negativo
"Minha filha ficou satisfeita com a boneca e indicaria para outras crianças. Excelente entrega, chegou bem antes da data prevista.",Neutro
Recebi brinquedos de borracha para banho. Totalmente diferente do que havia comprado. Um absurdo!,Negativo
Ótimo produto e a entrega foi feita no prazo. Recomendo,Positivo
"O produto é muito bom, porém deu defeito em 20 dias de uso",Negativo
"Progressiva  muita boa !passo único  não  ardeu meus olhos , não  fique  com dor de cabeça , o cheiro é de coco muito suave,o único  incomodo que senti foi que ela pinica um pouco mais depois  passa ,só vou compra essa amei!❤",Positivo
"Bom dia, o produto é mto bom, porém o pedido q realizei foi na cor Dourado e veio cor branca, mas para não ter mas grandes problemas achei melhor não trocar, para não ter dor de cabeça,  não pensei q teria problemas com a americanas.com, mesmo sabendo q é outra distribuidora q comprei o aparelho, mas por ser o site das lojas americanas, imaginei q a americanas.com teria a preocupação com o cliente, d procurar saber com o distribuidor se o produto estava ok para entrega, estou com um produto bom, porém não como escolhi...",Neutro
Não tenho como avaliar o produto pois não recebi! Houve um problema na entrega e o fornecedor cancelou a entrega,Negativo
Bastante eficiente e fácil de limpar.  xxxxxxxxxxxxxxxxxxxxxxxxxxxxxxxxxxxx,Positivo
"Minha cidade (Miranda do Norte-MA), ainda não tem sinal digital. Por isso tiver que devolver o produto. Pra minha surpresa essa empresa que vende dentro das Americanas, não pagar as despesas dos correios da devolução.  Se você por algum motivo precisar devolver ou trocar o produto. Você terá que pagar as despesas de correio. Produto veio todo completo.Muito fácil de instalar. Obrigado.",Neutro
Pedi outro modelo..... pois tenho faca eletrica e batedeira que também não estão podendo ser usadas por ter estragado o motor e na autorizada alegam que a peça de reposição fica mais cara que um novo aparelho..... então....,Neutro
Produto agradável e cumpre o que propõe. Não se deve esperar muito de um produto tão acessível.,Neutro
A Tesoura é boa para aparar a grama que não está muito alta.,Neutro
Bom Material. entrega antes do prazo. Recomendo. Ainda vou testar.,Neutro
"Chegou dois dias antes do prazo, e em perfeito estado! Recomendo muito!",Positivo
"Produto excelente, muito bom para um café da tarde e no dia a dia.",Positivo
"Espero que não seja uma droga, como é o J5 que incha a bateria.",Neutro
"O Headset é bom, ele tem um bom áudio e bem confortável. Porém o microfone dele deixa muito a desejar, ele é abafado e ruim. Se você procura um produto apenas para utilizar o áudio então eu recomendo, agora se você utiliza o microfone com muita frequência , ou necessita dele para alguma coisa, não recomendo tanto.  Resumo: 7/10: Áudio bom e bem confortável, porém o microfone é ruim.",Neutro
"bom produto, o fato de não poder colocar bebida quente pelo risco de trincar me decepcionou um pouco. deveria ter esse detalhe nas informações do produto",Neutro
"Não tem falando geração de processador , tipo de memoria e etc... como vou saber essas coisas? :(",Negativo
O celular cumpre com a descrição. Mas é novo e já travou duas vezes,Positivo
Muito ruim Fraca e com pouca resistência Má qualidade,Negativo
A memória esta com valor 60% mais caro que o valor atual no mercado eletrônico.,Neutro
"malha um pouco fina, mais ainda assim gostei. Porém a entrega é péssima um mês para me entregarem!",Neutro
O produto atendeu as minhas expectativas.  O custo benefício é bom e a qualidade do produto também.,Neutro
Preço bom. Apenas a resolução das fotos não me agradou.,Neutro
Fiquei  satisfeito preço e custo beneficio ótimo bem completo eu recomendo e rápido .  Adorei !,Positivo
O produto veio com defeito e nada dessa loja me responder sobre a troca. Não comprem.,Negativo
"Excelente som, atendeu as mhas expectativas, entrega antes do prazo. realmente, nao meu arrependo... adorei!",Positivo
"Não posso opinar, pois o produto chegou na minha casa quebrado e isso ja faz uns 20 dias , essa semana chegou a peça para repor , mas já enviei dois e-mail para o representante e até agora nada de responder  qual será os próximos passos.",Negativo
muito fofo ....fans de Harry Potter como eu vão amar,Positivo
Todos os alunos de administração deveria adquirir este livro.,Positivo
"já fiz reclamação sobre o produto com defeito mas não estou tendo resposta, não estou tendo retorno para troca",Neutro
"produtos vieram com defeito, a cinta não funcionou desde inicio, e aparelho fisioterapia só funcionou alguns minutos, depois já deu defeito também",Negativo
O liquidificador é muito bom tem uma potência mais do que eu esperava e é muito bonito.,Positivo
"Na foto mostra todas estampas iguais, com a flor maior centralizada, porém fisicamente é desigual, algumas imagens pela metade...nem tenho coragem de colocar... decepcionada",Negativo
Fogao com um designer muito bonito...acendimento prático...super recomendo,Positivo
"Comprei a cadeira por causa do meu excesso de peso. Só que a cadeira é muito baixa, e quando me sento preciso de ajuda pra levantar.",Negativo
"Não são perfeitos, um veio riscado e um com um pequeno amassado, mas decidi ficar com os quatro que comprei, dá pra usar sem ficar tão evidente.  A entrega foi rápida e o produto estava bem embalado",Neutro
é sempre bom comprar nas lojas AMERICANAS só vende produtos da mais alta qualidade o.k.,Positivo
"Muito bom. Recomendo. Jogo é mt divertido, comprei para o meu sobrinho de 6 anos, ele adorou. Vem 3 cds e a capa é mt bonita.",Positivo
Comprei este produto no dia 19/12/17 e até hoje não recebi. Não recomendo pois não cumprem o prazo de entrega.,Negativo
Produto veio quebrado dentro da cx e vimos ao abrir. Ainda sem resposta sobre a troca ou devolução do dinheiro.,Negativo
Destestei Nao foi enviado o que esta na foto do produto.,Negativo
Guarda roupa com design muito bonito. parece pequeno porém cabe bastante coisa sabendo organizar direitinho.,Neutro
"O produto é de ótima qualidade,  mas peca no tamanho. Ainda não usei pois não sei o que fazer para caber em formas tão pequenas.",Neutro
"Embora fiz uma compra de dois itens e a entrega veio parcelada, no momento 4/05/2018 a loja esta no credito por não ter vencido a data de entrega.",Neutro
"Vlw Americanas , mais uma compra com satisfação total . Entrega antes do prazo . Excelente produto .",Positivo
"Veio com defeito, não recomendo de modo algum. Comprem em outra loja, não na americanas",Negativo
"Sobre a entrega! nossa... chegou muito antes do prazo,O tapete é bonito, grande e a qualidade é compatível com o valor , não é 5 estrelas mas é 3 estrelas sabe? fofinho, leve fácil de lavara e deixa o ambiente sofisticado. eu gostei e recomendo! produto similar a foto.",Neutro
"O necessário pra quem busca o que proucura, pois sabia antes o que queria e comprei sempre assim não fui simplesmente atrás de qualquer aparelho mas sim atrás deste",Neutro
Era o que eu esperava Supriu as minhas necessidades,Neutro
O produto atende aquilo que foi prometido... pena que a entrega foi tão complexa. Mas o produto é bom...,Neutro
"Produto chegou quando eu não estava em cada, ou seja não veio no prazo! MEU FILHO FICOU SEM O PRESENTE DE NATAL! NUNCA MAIS COMPRO PELA LOJA!",Negativo
"Fiquei decepcionada, entregaram o Xbox on e S. Mas para evitar maior frustação do meu filho resolvi ficar! O console do Xbox one dele foi roubado! Queria o mesmo que ele tinha!  Mas não recomendo compras na Americana com os parceiros!",Negativo
"Já solicitei a devolução, estou aguardando a retirada do produto, bem como a devolução do dinheiro. muito obrigado. Boa noite.",Negativo
"Esse processador não tem vídeo integrado, então precisa adicionar. Se não, nem vai ligar.",Neutro
"Meu produto chegou aparentemente tudo certinho , só q ao abrir a caixa a panela de dentro estava com um pequeno amassado e o fundo com uma manchinha de queimado como se ja tivesse usado ... e como ja tenho costume de comprar pela internet sei o quanto é chato esse negócio de trocar , então ficamos com ela assim mesmo .",Neutro
"Apresenta um bom custo benefício. Atendeu às expectativas, pois cumpre o anunciado em suas especificações.",Neutro
"Decepcionante,o nao me avisou que a tv nao tem controle de contraste,brilho,cor,nitidez como as tvs que ja tive,quando assisto os dvds de show que filmo,a imagem fica escura,nao tem regulagem de brilho e nitidez, fica impossivel assistir tal a escuridao,vou me livrar disso e comprar uma que tenha essa regulagem,nao recomendo.",Negativo
"Ainda nao posso comentar sobre o produto,  meu produto nao chegou ainda. nao posso dar minha opiniao !!! estou aguardando o produto chegar !",Neutro
"É um produto que para pequenos serviços domésticos serve, alça muito baixa para ser manipulado. Pelo preço consegue algo melhor.",Neutro
"O produto nao vem com bateria, precisa ficar ligado na tomada pra funcionar. Algo basico nos dias de hj",Negativo
Penso que faltou vir com dispositivo para limpar o filtro antes da instalação.,Neutro
"Produto corresponde ao que se propõe , porém faz muito barulho e só funciona por 5 minutos contínuo.  Após esse tempo tem que desligar por 15 minutos para usá-la novamente. Nota 6",Neutro
Eu gostei mais quebra muito o cabelo e o cabelo fica volumoso.,Neutro
"Ótimo e bem resistente chegou bem embalado, faz parte da lista de material da escola.",Positivo
Fiz o pedido em fevereiro e até hoje não chegou.  O prazo máximo era dia 20 de abril. Ligo na empresa desde segunda e eles só me informam que estão sem sistema e que não podem me dar nenhuma resposta.  Um descaso total. Completamente insatisfeita.,Negativo
Eu não recebi o produto. Constou no sistema que o produto foi entregue e não recebi ainda.,Negativo
Fios desconectados e peças soltas por dentro.  Tive que levar numa eletrônica para consertar.,Neutro
"Só achei que a bateria está acabando muito rápido, mesmo eu não usando.",Neutro
Produto pirata copia das caixas JBL porem com uma qualidade infinitamente inferior. Mas tamanha sua similaridade engana facilmente os mais desapercebidos.  Uma vergonha uma empresa como a Lojas Americanas vendendo esse tipo de produto.,Negativo
"Atendeu minhas expectativas, bonito, tamanho excelente, cameras excelentes e memória suficiente para muiiiitos aplicativos",Positivo
"melhor mouse que eu já tive.. já joguei com o novo Zowie Ec2-A, Abyssus, Imperator, etc.. o dA elite está acima de todos, produto chegou em 2 dias. TOP!",Positivo
Realmente funciona!! Resultado é praticamente igual a lâmina de barbear! Não machuca a pele!!,Positivo
"Muito bom o produto, entrega dentro do prazo em perfeitas consições",Positivo
"gostei do produto, porém notei que a cafeteira não apresenta a mesma performance em se tratando de pequenas quantidades ou seja, para até 4 xícaras. Ainda que utilizando as proporções de água e de café sugeridas pelo próprio fabricante, como resultado por vezes o café sai fraco, acredito que devido ao tempo de passagem e má distribuição do fluxo de água quente sobre o pó do café.",Neutro
"Não marca em lugar nenhum do pneu que ele é da marca pirelli, comprei aro 13 /175 e veio 13/165. . AGORA PASSAR POR TODO UM PROCESSO DE DEVOLUÇÃO .  TEMPO PERDIDO , decepção.",Negativo
produto tudo certo encaixou perfeito e preço super acessível,Positivo
"Produto intermediário, depende muito do uso. Cartucho tem bloqueio é ruim de recarregar, o que deixa o custo alto",Negativo
"O produto vem descrito como ""Saco Sofá Inflável Laybag Praia Camping Piscina Flutuante"" e vale lembrar que Laybag é uma marca registrada, logo não deveria ser usada em produtos similares, apenas nos originais. E esse item está longe de ser original!",Negativo
"Marca excelente. Utilizo uma vez por semana e esse modelo apesar de ser básico atende bem as expectativas, ainda mais pelo baixo custo.",Neutro
"Muito bom o produto e entrega, recomendo americanas.com Abraços",Positivo
"O produto é claramente falsificado. Sinceramente, 80 reais em um produto que não é original? Só pode ser piada. Não recomendo. Pedi a devolução para a loja e estou tendo problemas com a segunda via da nota fiscal. A Americanas não me atende pelo telefone (já liguei 4x, fico 40minutos na linha e nenhum atendente fica disponível). Péssimo produto e atendimento.",Negativo
Ela não vem com o msm nome que comprei veio com outro nome não esquentou tanto e precisa de várias passadas para ter um liso e não gostei do liso,Negativo
"O celular superou minhas expectativas, ótimo aparelho!",Positivo
Foi fácil de montar. Meu marido foi montador de móveis e nosso filho  de 4 anos e 9 meses o ajudou montar. Ficou lindo no quarto do meu filho.,Positivo
"Aparelho porcaria , comprei e quando recebo o produto vem com defeito de fábrica , não carregava e desligava sozinho  , mandei o aparelho de volta e não recebi ainda nenhuma providência por parte da loja . Muito insatisfeito com o site ! Aparelho muito ruim não comprem",Negativo
"Times desatualizados,e  encontra-se com jogadores q nunca jogarão  no time,exemplo atlético mineiro,só jogadoes estrangeiros ,nunca vistos!!",Negativo
"Computador muito bonito, agradável de utilizar, pesa pouco, resolução da tela ótimo. Mas achei ele lento para as configurações dele.",Neutro
"produto muito bom mesmo, muito contente com o tamanho interno",Positivo
"O produto tem as peças pra fazer regulagem, porém não funciona",Negativo
O produto é TOP. Como sempre copag fazendo oq a d melhor,Positivo
"O Notebook é bom, não esquenta, a velocidade é aceitável pra fazer trabalhos acadêmicos e navegação, porém não tem muito espaço para armazenamento, as atualizações do Windows tomam todo espaço.",Neutro
Eu recomendo produto otimo  Amei  Chegou antes do prazo,Positivo
"A poltrona é linda. A cor é cinza, mas lembra um jeans bem claro, do jeito que eu queria. Só achei que o tecido deixou a desejar, porque não é macio nem lisinho como eu esperava. Sugiro que a loja indique o tecido usado na confecção do produto.",Positivo
Era o que eu precisava alem de ser leve e ótimo para transportar.,Neutro
"Entrega bem antes do prazo, em 9 dias, excelente!  O pneu é muito bom, além de bonito, e exatamente como o anúncio!",Positivo
"Já fiz duas reclamações e de nada adiantou! A Americanas terceirizou a venda para a Fire Games, que ""quarteirizou"" a entrega para a Mandaê Transportes, que ""quinteirizou"" a entrega para a Total Express, que não entregou o produto... E agora recebo pesquisa para avaliar o produto que nem chegou???? Estão de sacanagem???????",Negativo
Já tive vários câmeras digitais e este é bom porque é mais moderno e fácil de usar.,Positivo
Uma pena que descarrega rápido e o manual ñ é em português.,Neutro
"Recebimento no prazo, especificação conforme anuncio e aparentemente funcionando conforme esperado.",Neutro
"Ótima duração da bateria , dura o dia todo , gostei muito , bom celular",Neutro
"RECEBI A PANIFICADORA COM DEFEITO NO AQUECIMENTO. NÃO ASSOU O PÃO, JÁ NA PRIMEIRA VEZ DE USO. PÉSSIMO",Negativo
Obra Maravilhosa. Todo pai deveria ler para seus filhos. Otimo preço e a entrega antes do prazo é melhor ainda.,Positivo
Comprado para minha namorada. Excelente. Recomendado,Positivo
Devia ter comprado dois conjuntos p aproveitar o frete. Muito bom!,Positivo
"Comprei este aparelho em 24/11/2017, ele chegou em 04/12/2017, estamos no dia 24/01/2018 e ele está com defeitos na parte de carregar.  Sempre usei o carregador original, e ele simplesmente não carrega, tenho um tablet Samsung, tentei com o carregador original do tablet também, que é samsung, não carrega.  Testei com outro carregador e também não carrega.   Ou seja, em um mês já deu defeito no aparelho.",Negativo
"Muito bom. Celular conforme o desejado, dentro das especificações técnicas e de fácil manuseio.  Excelente prazo de entrega da empresa.",Positivo
"Produto chegou em perfeita ordem,antes mesmo do prazo.",Positivo
Cores muito vivas. Rápida em seus processamentos. Menu prático.,Positivo
Excelente produto valor acessível o melhor que encontrei na internet.,Positivo
Produto de uso complicado é caro e consome muita energia,Neutro
"Ainda não usei, essa avaliação é da qualidade estrutural do produto.  Veio com quase todas as porcas e parafusos enferrujados, muito enferrujados.",Neutro
Sandália muito bonita e charmosa..ficou ótima...recomendo ...,Neutro
"nao recomendo , sit fez sacanagem fez 2 compra no meu cartao",Negativo
"Muito Bom o produto, ótima entrega, como sempre otimo",Positivo
"Comprei este perfume Animale de 100ml para dar de presente para meu filho, que já usa o mesmo perfume.  Ao receber o produto, é óbvio que a pessoa abre a embalagem (para usar e ver o produto). Só que ao abrir, constatou que se tratava de um perfume muito diferente do original, primeiro pelo forte cheiro de alcool e depois por outras características secundárias.  Entrei em contato para fazer a devolução e a loja Glamor disse que o perfume é original e que se eu quisesse iria me enviar mais de 200 emails de clientes satisfeitos (nem quis devido ao fato do desgaste perante um produto que cheira a álcool""). Solicitei, via site das Americanas a devolução do produto e a loja Glamor se dispôs a fazer a devolução, enviando o produto com a embalagem inviolada.  Como???? A embalagem do perfume foi aberta, e foi aí que detectamos que o produto não condizia com o original, pelo forte odor de álcool e diferença na fragrância. Além de vários outros detalhes presentes no frasco. Só pude concluir que não condiz com o original, depois de abrir e perceber que não parece com o Animale. Não teria como saber sem antes abrir o produto. Não tenho nada a reclamar das Lojas Americanas, muito pelo contrário, é uma empresa idônea. Sempre compramos produtos e vamos continuar a ser clientes da mesma.  peço que avaliem as parcerias que fazem com as lojas, onde as mesmas alegam vender produtos originais, quando na verdade não são. Outro detalhe que não mencionei, foi a ausência do comprovante fiscal, que não veio junto com o pacote. O que veio foi só uma descrição do produto. Finalizando, dei o caso como perdido....",Negativo
"Olá boa tarde,    Entrei no site e reclamei que foi entregue um produto fora das especificações, estou aguardando até o momento para que seja orientado a forma de devolver o produto e ter meu dinheiro de volta.    AMERICANAS onde está o registro da minha reclamação, vcs não enviam poe e-mail e depois que entramos no site não consigo ver o histórico.    Que dor de cabeça estou tendo com essa compra.     Só quero devolver o produto e ter meu dinheiro de volta.",Negativo
"Estou precisando do produto para trabalhar, comprei há quase 2 meses e ainda não chegou, sendo que o prazo de entrega era de 20 dias. Entro em contato e não obtenho resposta nenhuma.",Negativo
"Estou accionando no juizado especial, paguei a vista em dinheiro até a presente data não fizeram o estorno, procurei um defensor no Méier .",Negativo
"Recebi a mercadoria, mais no mesmo dia com pouca pressão duas das 4 peças quebram.",Negativo
Ótimo produto atendeu minha expectativa estou muito satisfeito.,Positivo
"O vendedor não tem controle de estoque, nem de gestão de vendas e muito menos vontade de honrar o compromisso com o cliente. Após 2 semanas de espera me enviaram um e-mail dizendo que não havia mais o item no estoque e que estava dando por cancelada a minha compra. Só me resta agora tentar encontrar algum outro produto para eu não perder completamente o dinheiro que depositei, já que não devolvem o dinheiro que foi pago. Um esculacho. Nunca mais compro neste site.",Negativo
Muito bom! Excelente custo-benefício. Recomendo para quem quer um bom celular sem gastar muito.,Neutro
"Produto  otimo, atendeu minha expectativa,  a entrega foi maravilhosa, bem  antes do prazo",Positivo
"Estou muito satisfeita com o produto, inclusive é o 3º  que eu compro, as crianças adoraram.",Positivo
"Bonito e confortável. Se a durabilidade também corresponder às expectativas, a avaliação mudará para excelente! a Americanas é a melhor Loja Virtual, Parabéns!",Positivo
"Gostei da batata, amo picles, mas o cheiro dela é melhor que o gosto. Mas vale a pena experimentar.",Neutro
"Ao instalar na minha impressora, ela apontou que o cartucho é falsificado ou já estava usado. Já encaminhei duas solicitações de devolução do dinheiro e, até agora, não obtive retorno.",Negativo
Bom....muito bom...........................Bom....muito bom...........................Bom....muito bom...........................,Neutro
"Produto excelente, chegou antes do prazo, vale a pena comprar.",Positivo
"Panelas ótimas, e o melhor chegou bem antes do prazo.",Positivo
"O Testodrol-gh 60 Cápsulas - Profit é muito muito ruim, o produto é uma enganação.",Negativo
O produto é bom porém as panelas são muito pequenas.,Neutro
"Comprei pra colocar na minha lavanderia, ficou muito bom.",Neutro
"Produto atende pelo valo dele. Só parace frágil, a entrega foi rápida.",Negativo
"Meu produto veio com defeito. Quero trocar por outro,pois nem terminei de pagar e nem.usei ainda. Negociando troca",Negativo
Infelizmente as tampas garam arranhadas cpmo foi presente fiquuei sabendo agora o prazo da tregs foi dentro  prazo os pptes são bonitos mas as tampas com riscos,Negativo
não recebi o produto! não recebi o produto!   não recebi o produto! não recebi o produto  não recebi o produto não recebi o produto,Negativo
"Aparelho é bom , só não gostei do cabo auxiliar , poderia ter só o USB",Neutro
"Ainda não posso avaliar a eficácia do produto, pois não houve tempo hábil para tal, o que requer que a indicação almejada seja feita por especialista.",Neutro
"gente essa maquina é pra canhoto...todo mundo que usa essa maquina sabe que tem que ver o que está cortando e a visão é tampada pelo motor, não compro de jeito nenhum",Negativo
O produto de boa qualidade e mais silenciosa e econômica tanto no aspecto água como energia.,Positivo
"Recebi o produto com defeitos, quebrado em vários locais. Fiz a reclamação pelos canais oferecidos pela americanas, mas não fui atendido.",Negativo
"A garrafa chegou quebrada não pude tentar obpriduto, mas fiquei muito insatisfeita porque paguei o não pude usar",Negativo
"Sempre comprei na Americanas.com de olhos fechados e sempre indiquei para amigos meus. De uns tempos pra cá percebi que a Americanas passou a fazer parcerias e infelizmente aconteceu esse problema comigo pela primeira vez, muita coincidência... Meu aparelho está descarregando muito rápido, inclusive desligado. Levei na Samsung e disseram que está bom. Aff... Mesmo assim recomendo ele, porque minha esposa tem um igual e é muito bom, dei azar. Espero que resolvam e troquem o meu aparelho, mas vou passar a pensar mil vezes antes de comprar algo na Americanas.com, infelizmente. E aconselho às pessoas fazerem o mesmo quando vier indicando ""vendido por..."" Meu aparelho é o J2 com TV, normal, não é o prime, mas estou relatando aqui só para ficar de alerta para as pessoas.",Negativo
Produto nao informa a garantia a Americanas so dar de 7 dias e loja 90   quando dar 91 dias comecam a estragar e vc fica na mao,Negativo
"Produto aparentemente de boa qualidade. Bonito, agradável ao toque e no sentar. Porém, teve 2 pontos negativos: - A cor não é viva como na foto do anúncio. Escolhi vinho para combinar com outros itens da sala, mas não ficou como eu queria. É mais escura, está mais para berinjela do que para vinho. - A medida não é correta. 40 x 40 deve ser a medida só do tecido. Com o enchimento, ela tem, na realidade, 35 x 35. Ficou pequena para as cadeiras em que eu queria usar. Tirando esses 2 senões, eu recomendo o produto.",Neutro
"É de boa qualidade, e fizemos ótimo uso.  Utilizamos em nosso lazer com a família e amigos.",Positivo
"Anunciaram os amortecedores da marca Monroe, na descrição do produto dizem que é Nakata. Liguei e insistem no erro. Fica difícil comprar desta forma. Afinal, qual a marca? Também não diz se é indicado para Ecosport 4x2 ou 4x4, ou faz referência a qualquer outro modelo, apenas o ano, Assim fica difícil. Vamos melhorar este anúncio Americanas.com",Negativo
Ajudaria se a informação de uso fosse em português,Positivo
"Cadê a  marca da   qualidade que tinha a Buddemeyer? Não existe nesse produto!!! Cadê a gramadura  que a tornava diferente as toalhas?Porcaria !! Cadê as toalhas felpudas, macias e que enxugavam muito bem? Sumiram !!! O que parece  é que essa uma segunda linha da Buddemeyer! Tenho 3 jogos comprados juntos,não recomendo. Compre toalhas de outras marcas pq essas nâo valem o custo",Negativo
Recebi o produto com a tampa do fone de ouvido que não trava e no ajuste da data ela não aceita o ano de 2018. Ainda estou aguardando o código de postagem para devolução do produto.,Negativo
Entrega rápida.  TV excelente. Imagem e conexão com Internet excelentes,Positivo
Comprei pois na descrição costa a cor branca mais quando chegou tinha varias cores menos a branca perdi meu dinheiro,Negativo
Não funciona em todos os galões. Funciona somente em alguns galões.,Negativo
"Super recomendo este produto. Ele é firme na mão e confortável, ótimo para quem passa muito tempo no computador igual a mim.",Positivo
Na minha opinião deixa muito a desejar. Péssimo distribuidora.,Negativo
"Não gostei, pois comprei o modelo que está no anúncio e veio outro diferente, que a minha mãe não fica muito segura, além de ter chegado torta.",Negativo
"O Tamanho é perfeito, porém o revestimento é de plástico, fica muito abafado dentro.",Neutro
"O relógio é bom, ideal para quem faz esportes, porém a bateria não dura nem 12 horas, isso porque nem mechi nele",Neutro
Aí comprei por insistência de meu afilhado.  Não recomendado brinquedo imitando armas,Neutro
Produto chegou bem antes do prazo.  Muito gostoso o cheiro liberado. Comprem!!,Positivo
"o produto e bom,tem um bom espaço,mas veio sem o espelho,no quqal a loja disse que o mandaria e ate agora nada",Neutro
"As espumas soltam muito fácil do velcro, precisa parar roda jora para arrumar e o trabalho não rende.",Neutro
PORCARIA DE LOJA .... COMPREI NA PRE- VENDA E NADA... NUNCA MAS COMPRO JOGO PELO SITE DA AMERICANAS...COMPREI DIA 07/04 HOJE DIA 03/05 E NADA... TALVEZ ANO QUE VEM CHEGA ESSE JOGO NA MINHA RESIDENCIA KKKKKK LIXO DE LOJA,Negativo
Muita mola e pouca espuma não é um colchão confortável não posso indicar.,Negativo
"O lado esquerdo do fone de ouvido veio estragado,será que é possivel me enviarem um outro?",Neutro
"A qualidade do material da camisa é péssimo, bem diferente de outra camisa Tommy que tenho.",Negativo
a melhor invenção de´pois da roda e do fósforo. pois o aparelho feito pra suprir a necessidade das donas de casas.,Positivo
"Super indico. Fácil, prático e os pães ficam saborosos.",Positivo
"Vcs deveriam tirar esse anúncio, pois além da gente comprar um produto HOMEPLAY na descrição diz q vem 5 bonecos(família), e chegou aqui uma marca do Paraguai que nunca ouvi falar e com apenas 2 bonequinhas nada a ver com a do anúncio..",Negativo
"Adorei a Tv porém a entrega da loja americanas é horrível. Demorou quase dois meses para chegar, pois meu produto foi extraviado. Directlong péssima transportadora, tem recorde de reclamações. Não é a primeira vez que compro com a americanas e me atrasam na entrega. Acho que deveriam mudar de transportadora.",Neutro
"A película de vidro é menor que a tela do celular, essa película NÃO É DO SAMSUNG A9 uma vergonha vender este produto como do A9 .",Negativo
"Americanas tem que rever seu parceiros, conprei o aparelho de jantar para o dia das mães e não recebi, reagendaram para mais 7 dias e não cumpriram o prazo, então depois de tanta palhaçada, cancelei a compra. Uma pena, queria muito o produto.",Negativo
"O produto é exatamente como descrito, todos os prazos foram cumpridos dentro do especificado.",Positivo
"Tudo certo, produto bom e entrega dentro do prazo, recomendo a todos!",Neutro
"Na minha opinião, fiz a compra certa para a minha necessidade. O produto é bom e espaçoso, bonito e muito bem embalado.. Muito facil de operar. Só achei um defeito de projeto: falta iluminação no freezer que, por ficar embaixo, se torna escuro no uso do dia a dia. Agradeço pela oportunidade de poder opinar.",Neutro
PRODUTO MARAVILHOSO ENTREGA SUPER RAPIDA E O NAMORADO AMOOOOOOO O PRESENTE,Positivo
"Para oq o aparelho se propõe eh bom, veio tudo conforme o combinado em perfeito estado e as capinhas são mt massa",Positivo
"Oi gostaria de fazer devolução do Aparelho que chegou hoje 31/01. A propaganda dele não é o que eu esperava, não tem conector de cartão de memória, e poderia vir informando que não tem. Não informam!  Sendo também que diz 8gb e quando fui ver na configuração só me disponibiliza 4gb . Nem informa no próprio aparelho se é 8g mesmo e não detalha em quê está sendo consumido os outros 4gb. Enfim, aparelho é bom, acessórios também, prazos de entrega, tudo ok. Espero que consigam ser ótimos na devolução também. Quero informações de como e quando efetuo a devolução e saber detalhes sobre compra que foi efetuada no cartão de crédito. E se o frete da devolução é realmente por conta de vocês. Entrem em contato comigo o mais breve. Obrigada",Neutro
Adorei ótimo produto meu pedido chegou  Rapidinho bem antes do prazo amei Eu recomendo.,Positivo
"Atende as expectativas, minha filha quem usa.  Obrigada.",Neutro
Como vou avaliar meu produto se ele nem chegou ainda .,Negativo
O fone é bom e tem uma sonoridade ótima. O fone é bom e tem uma sonoridade ótima. O fone é bom e tem uma sonoridade ótima.,Neutro
Véio produto correto. Ótimo conjunto.a entrega foi antes do prazo.,Neutro
Este livro bem escrito e muito importante com fatos e ideas sobre o nosso história do mundo.,Positivo
"Qualidade boa, porém simples mais para uso doméstico é válido, sem contar que é leve.",Neutro
"Achei o produto com uma boa qualidade em geral, mas por se tratar de um rolo de 2,20 m de altura, os suportes de fixação aparentemente são muito frágeis. Quando ergo a cortina tenho até medo.",Neutro
"o produto foi entregue errado, recebi uma balança de cozinha haha palhaçada",Negativo
"Recomendo, excelente produto, de fácil manuseio e ideal para quem tem pouco tempo!",Positivo
"Muito prática e charmosa! Rápida e a pipoca fica uma delícia. E o que é melhor, sem adicionar óleo. Super recomendo, vale muito a pena.",Positivo
"Eu não aceitaria esse produto nem de graça. Ele solta MUITOS pelos, não só na roupa, mas na casa toda! Já lavei o produto 2 vezes e é impossível de usar sem precisar lavar sua roupa e toda a casa. Já separei para doar para algum sem teto que esteja precisando.",Negativo
Meu foi filho de 10 meses ficou encantado. Ele adora música... super interativo e educativo.,Positivo
"Comprei no dia 9/01 chegou no dia 11/01 muito bem embalado dentro da caixinha, Americana está de parabéns.",Negativo
O produto atendeu ao esperado. Se necessário comprarei novamente.,Neutro
"Quando eu comprei os espetos, eu pensei que eles fossem mais largos, iguais os que eu já tenho da tramontina  ( inclusive já possuo os espetos à 10 anos e estão em perfeito estado de conservação. Somente os cabos de madeira que estão um pouco gasto . E trabalho com os espetos quase todos os fins de semana).",Neutro
Eu recomendo rápida entrega e de ótima qualidade  E igual os ilustrado Estou muito satisfeita,Positivo
"Esperava mais potência, mas, atendeu minhas necessidades.",Neutro
"PÉSSIMA COMPRA, NÃO RECEBI NADA ATÉ HOJE. MAS AS PARCELAS ESTÃO SENDO COBRADAS NA MINHA FATURA MENSALMENTE, SIMPLES ASSIM.",Negativo
chegou rápido... e bem embalado. gostaria de mais promoção assim. rs,Positivo
"Produto otimo e bonito,atendeu muito bem minhas precisoes ,super recomendo....",Positivo
"saudaçoes O meu produto, ao receber, observei o que veio, faltou vir o cabo 3 RCA, e como tambem um manual em portugues, como no enunciado mensiona.",Negativo
Muito bom.. tudo dentro do esperado e o produto chegou antes do prazo. Recomendo.,Positivo
Tudo de acordo com a descrição. Entrega efetuada também de acordo com o prometido.  Recomendo.,Neutro
"Por enquanto nao tenho nenhuma reclamação a fazer não, dentro do que foi prometido.",Neutro
"Gostei do produto muito bom, ótimo,chegou rápido. Parabéns gente.",Positivo
Produto de ótima qualidade. Muito bom para quem tem pequeno espaço,Positivo
"Gostaria de saber como obter uma melhor imagens  , esperava uma qualidade maior de imagens",Neutro
Não vi diferença alguma sem contar fiquei com aparência de palidez !! Ainda bem q comprei só uma unidade,Negativo
Certos aplicativos não baixam. O aparelho envia mensagem que estão atualizando o aparelho. Alteração das configurações é difícil,Neutro
Não veio com encaixe para colocar pilhas. O produto não funcionou.,Negativo
"Comprei uma Canon t5 nas Americanas.com e + uma vez essa empresa demonstrou o significado de excelência ao consumidor. Entrega perfeita, bem antes do programado. Muitas empresas deveriam estagiar nessa empresa, aprendendo o que é respeitar o consumidor.",Positivo
O produto entregue veio com metragem inferior ao anunciado pela Americanas. O cabo é bem frágil. Para aplicações em sistemas de CFTV não funciona bem.,Negativo
"Chegou bem rápido, a montagem é muito difícil, porém o produto é de acordo com o esperado!",Positivo
"Péssimo produto, nem sei se original é. tudo que gravo nele desaparece depois",Negativo
"Pra quem gosta de camping, é ótimo esse produto.xxxxxxxxxxxxxxxxxxxxxxxxxxxxxxxxxxxxxxxxxxxxxxxxxxxxxxxxxxxxxxxxxxxxxxxxxxxxxxxxxxxxxxxxxxxxxxxxxxxxxxxxxxxxxxxxxxxxxxxxxxxxxxxxxxxxxxxxxxxxxxxxxxxxxxxxxxxx",Neutro
"Água demora para ficar fresca, não gela conforme eu pensava.",Negativo
"Os seis pontos de refrigeração são ótimos, com 6 velocidades e combinações. Ótimo!",Positivo
"Ótimo livro, interessante e que prende a atenção e a ansiedade pelos próximos meses.",Positivo
Existem outros mais caros e de melhor qualidade. Mas acho que esse produto atende as necessidades por um preço justo que não compromete a qualidade.,Neutro
"Boa noite, segue minha indignação mais uma vez com a Americanas.com, comprei o produto no dia 24/12/17 e até o momento o mesmo só como nota emitida o prazo de entrega seria 19/01/18, porém vejo que não vou receber. Essa foi a última vez que compro com a Americanas.com, total insatisfação...",Negativo
Trava muito. Tive um a3 com tela maior que me roubaram. Não era assim . estou decepcionada,Negativo
"Boa tarde, ainda não tenho como avaliar, pois não recebi o produto.",Negativo
"Cartão excelente, com grande capacidade para armazenar dados, fotos, etc. Recomendo.",Positivo
o produto realizou o esperado aspirou a água para realizar o trabalho demorado masrealizou,Positivo
"Òtimo produto,atendeu todas minhas expectativas,recomendo a quem tiver interesse em adquirir o aparelho!!!",Positivo
"Bateria de mau qualidade, já mandei mensagem para que seja trocada mas até agora não me deram resposta.",Negativo
Produto dentro do esperado e a entrega foi super rápida.,Neutro
Super recomendo!!!!!!!!!!!!!!!!!!!!!!!!!!!!!!!!!!!!!!!!!!!!!!!!!,Positivo
"O PRODUTO AINDA NÃO RECEBI, A DEMORA PRA ENTREGA, MEU DEUS.  AINDA NÃO RECEBI MEU PRODUTO COMO QUE PODE FAZ MAIS DE 30 DIAS QUE FOI CONFIRMADO O PAGAMENTO, MAIS DE 15 DIAS UTEIS PARADO NO CORREIO ONDE FOI POSTADO, ACHO QUE DEVERIAM REVER OS CONCEITOS REFERENTE A ENTREGA, NÃO É POR QUE ESTA PARA TAL DIA QUE O PRODUTO FICA ATE UM DIA ANTES DA ENTREGA LA PARADO, É NOME DA EMPRESA QUE ESTA NO MERCADO.",Negativo
AS BANQUETAS ESTAO TODAS MANCAS.. NAO ACONSELHO PARA NINGUEM.,Negativo
"Ainda não utilizei o pinador, mas parece de um bom acabamento e material de qualidade .",Neutro
"Quanto ao vendedor, muito bom, pontual , tudo certo, porém o produto mal acabado solta os fios da costura, das que comprei na segunda lavagem começaram a soltar, controle de qualidade ruim.",Negativo
Demora na entrega 2meses e 24 dias após a compra no site da americanas pela parceiro CIA MOB .Gente não comprem muita dor de cabeça,Negativo
"Achei esse mop spray uma maravilha!  Material de ótima qualidade e perfeito para pisos laminados pois não deixa o piso úmido demais,é a gente que controla a quantidade de liquido. O piso fica brilhando sem contar a economia de produto de limpeza.",Positivo
Nao recebi o produto até  a presente data. 10 dias de atraso da previsão de entrega.  COMO  AVALIAR ALGO QUE NÃO RECEBI?,Negativo
"resposta em compasso de espera. apesar de tê-lo recebido com atraso e, com consentimento, por outra marca (da mesma qualidade),  ainda não foi aberto. Oportunamente farei nova avaliação.Obrigado",Neutro
ADEUS TORCICOLO E DORES NA CERVICAL. ALTURA IDEAL E EXTREMAMENTE CONFORTÁVEL.,Positivo
"Funcional,leve,fácil manuseio,mas poderia ser mais potente",Neutro
"Não tenho condições de avaliar por que o produto não foi enviado. A americanas devolveu o dinheiro mas, nada de produto.   Considero muito ruim porque aguardei quase 3 semanas por um produto, a promessa eram de duas semanas, que não chegou.",Negativo
"O forno é, sem dúvidas,  lindo.  Porém, de pouca utilidade.  Com 1 ano de uso, o led pifou e, com menos de 2 anos, parou de ligar.  Desconheço  marca que  tenha durado tão pouco.  E olha, que só uso para aquecer comidas, imagine se eu.cozinhá -se com ele?  Não duraria seis meses! Não recomendo!",Negativo
"nao entrega, estou passano o maior transtorno pra receber o produto",Negativo
Esse faqueiro veio faltando uma peça (faca) comprei para presentear um casal de amigos,Neutro
O produto pela loja parceira não é original!  A embalagem é super parecida mais quando comparei com a original o selo holográfico não tinha a imagem da epson e os lacres vem cada um diferentes! Além de outras pequenas diferenças!,Negativo
E mais uma visão de uma forma de encarar as dificuldades,Neutro
Produto de boa qualidade e desempenho. Chegou dentro do prazo. Não me arrependo da compra.,Neutro
Meu primeiro aparelho veio com defeito a loja fez a troca. Ate o momento tenho gostado do aparelho.,Neutro
"Bom produto , eu recomendo pelo custo benefício, entrega no prazo",Neutro
Um pote chegou quebrado e pelo incomodo de fazer uma troca resolvi não reclamar,Negativo
"O espaço para tv é de quantas polegadas? no anuncio deveria informar, faltou informação",Neutro
"A fritadeira em si é boa, a decepção foi com a cesta de fritura que após o segundo uso começou a descascar, irei reclamar junto a empresa a péssima qualidade da cesta, espero que a empresa se responsabilize com essa questão não prejudicando outros clientes da marca.",Negativo
"Bacana o jogo, meu filho adora dinossauros e não para de jogar . Recomendado.",Neutro
"Achei uma graça, é exatamente o que eu esperava, super recomendo!!!",Positivo
Não gostei do aparelho e simplesmente péssimo  perdi meu dinheiro não recbomendo,Negativo
A TV tem ótima imagem. O som é um pouco baixo deve ser para forçar a vende de home theater. Muito fácil de instalar. Supimpa.,Positivo
"Surpreendente!!! Maravilhosa!!! Fácil de usar, a lavagem é perfeita, minhas roupas nunca foram tão bem lavadas. Não faz barulho então lava. A roupa sai quase seca. Não precisa chamar um profissional para instalar. Você mesmo faz. Obs: Na foto o cesto parece que as ondulações ""wave"" são altas..mas visivelmente não da para perceber..só a base do toque. Você sente as ondulações sutilmente. SIm, vale muito adquirir esse produto.:>",Positivo
"Recomendo o produto a todos. Chegou rápido, boa embalagem, produto com boa qualidade.",Neutro
bom dia! gostaria de saber se desse produto não tem com a pulseira emborrachado. cordialmente Enoque,Neutro
"Muito bom, gostei bastante e o envio foi super rapido",Positivo
"Comprei essa cadeira há um ano e meio, trincou a madeira do assento, trincou a flange do assento, a alavanca que faz a cadeira deitar tbém está quebrada. Ou seja, uma porcaria !! Sem qualidade !!",Negativo
"Gostei bastante do celular, é exatamente como eu pensava, memória boa, não trava, consegui baixar vários aplicativos e o aparelho continua com um ótimo funcionamento. O único ponto negativo a meu ver é a bateria que não dura tanto, um dia no máximo se utilizar bastante o aparelho. No mais é um excelente aparelho.",Positivo
"O baú até é bonito, e pelo preço está ok. Mas pra quem quer guardar qualquer coisa mais pesada nele - tipo livros, por exemplo - esquece! O fundo do baú é de pano com algumas poucas madeirinhas bem fininhas, não aguenta peso algum. Os pés tbm não tem feltro embaixo, então pode arranhar o chão, dependendo do piso.",Negativo
Perfeito!  Chegou no prazo... Tudo como combinado. Amei comprar no Americanas.com,Positivo
"Eu não vivo mais sem minha chaleira, muito prático e funcional.",Positivo
"Muito bom bonito acabamento em black piano, otima potencia e a loja é show de comprar",Positivo
Estou super satisfeito!!! A luminária e tão charmosa que estou pensando em comprar outra unidade!!!,Positivo
Ja troquei o refil algumas vezes e mesmo assim tem um sabor horrivel a agua!!!,Negativo
"Não tenho como avaliar pois não recebi o produto. Prometeram por duas vezes e não cumpriram. Se indicarei a Americanas, provavelmente não. Minha primeira e ultima experiencia.",Negativo
"Gostei do pendente, porém não chegou no prazo, precisei reclamar, mas fui bem atendida e eles enviaram o produto. Fora isso gostei  e pelo preço é razoável .",Neutro
Achei fraco. Muito leve.  Enquanto usa ele sai do lugar.,Neutro
"Não funciona bem e nem faz o que promete, achei uma propaganda enganosa, inclusive já comprei outro de outra marca muito melhor",Negativo
Até o momento o produto atendeu as expectativas e chegou no prazo estipulado.,Positivo
O travesseiro é muito baixo não fica uma altura boa.,Negativo
Prazo de entrega e estado do produto em perfeitas condições.,Positivo
"Péssimo produto, sinto-me como se tivesse rasgado dinheiro. É usar o produto e ele começa a desfiar. HORROROSO!!!",Negativo
"Os encaixes poderiam ser mais firmes. Mas, no geral gostei.",Neutro
"Logo quando ia fechar a compra, aumentaram o valor. Aff",Negativo
"Me fizeram perder tempo, esperei pelo produto que não foi entregue e pedido cancelada. O Site americanas.com.br vende o que não tem capacidade de entregar.",Negativo
"O anúncio não contém todas as informações, assim fica difícil adquirir o produto. Esse Smartphone possui a versão GLOBAL ou INTERNACIONAL?  Qual o tempo de GARANTIA?",Negativo
Produto parece bom porem comprei pela xgames e o vendedor não mandou a nota fiscal. Pergunto: Se tem garantia  de três anos como faço se precisar da assistência técnica e sem a nota de compra do produto. Mande-me a nota fiscal comprei  e paguei  e tenho direito de receber com NF conforme as normas do consumidor.,Neutro
Correspondeu às expectativas já que uso só para mim no café matinal,Neutro
Lindo o produto de qualidade pena que veio amassado uma das tampas.,Positivo
"Já mandei a avaliação, porém até hoje não tive resposta, a câmera não me da nenhum sinal já testei  vários lugares, não consigo fazer a instalação, espero que vcs possam me ajudar. Obrigado",Negativo
"Comprei e PAGUEI este produto com prazo de entrega para o dia 02/02/18, hoje dia 08/02 e NADA DE ENTREGA DA ANTENA, muito menos uma resposta por parte da AMERICANAS, que alem de ser responsável pelo site, era também responsável pela entrega. INDIGNADA COM O SITE DA AMERICANAS.COM.",Negativo
"Eu ainda nao recebi produto , estou no aguardo para receber ele",Negativo
"O produto veio muito bem embalado, recebimento no prazo, todas as lâmpadas estavam funcionando.",Positivo
"Com 1 ano e 3 meses de uso, meu fogão está enferrujando. Quebrando os botões que giram para ligar a chama. Horrível!  Não comprem, parece bonito mas é  só matéria prima de qualidade péssima.",Negativo
Entrega muito rápida e produto excelente já montei minha cadeirinha mais ainda não usei o bebê nasce na sexta. Tudo perfeito.,Positivo
Boa tarde. Não tenho como avaliar o produto porque ainda não o recebi. Espero que chegue.,Negativo
gostaria de um produto mas silencioso.pois nao posso usar a noite pois faz bastante barulho mas no resto tudo bem,Neutro
"Gostei muito do aparelho celular, atendeu minhas expectativas, e a entrega foi antes do prazo.",Positivo
"O produto atende a necessidade porém apresenta furos na capa, poderia ter a capa sem furos para não contaminar a agua da piscina.",Neutro
"O produto veio avariado e não aceitei o recebimento, ficaram de me mandar outro e até hoje não recebi...",Negativo
"recebi um relógio não original, com a pintura descascando, UM HORROR",Negativo
"A cortina é bonita! O tecido é lindo! Mas o material dos ilhós é plástico e inferior, dando um contraste negativo com o tecido.",Neutro
"A imagem deste produto é uma verdadeira ilusão de ótica, pois qdo vc recebe, vc assusta com o tamanho, apesar de vc sabe o qto mede lendo as características do produto, mas mesmo assim o som é bom, não muito alto, para não ouvir as distorções.",Neutro
Impressora rápida e com ótima qualidade impressão.,Positivo
"Durou pouco menos de um mês, gostaria de outro produto em troca",Negativo
"produto bom, bonito e barato! A única questão é que não cabe um quilo inteiro de açúcar dentro, só no pote maior!",Positivo
"Serve só p secar. Não da p fazer uma super escova, pois tem uma potência moderada. Já é p segundo que compro dessa. Marca. Mto bom. Não quebra.",Neutro
"ELE CHEGOU DIA 24/09/2017 O utilizei normalmente antes de dormir.  O coloquei ao lado da cama, por volta das 23:30 de ontem dia 17/01/2018 e hoje 18/01/2017 as. 2:30 ele simplesmente nao liga. Sempre usei com capinha e pelicula e NUNCA caiu. Estou estremamente chateada.",Negativo
"produto, atendeu 95% das minhas espectativas IMAGEM: 10 IMAGENS HDR: 10 SISTEMA OPERACIONAL: 10 SOM: 10 conectividade: 10 CONTROLE: 6 A TV É MARAVILHOSA EM TODOS OS QUESITOS, QUEM ESTA EM DUVIDA COMO EU ESTIVE, ENTRE SAMSUNG 4K E LG, APOSTE NA LG SEM DUVIDA, A IMAGEM NAO PERDE EM NADA PARA A SAMSUNG. UNICO PONTO QUE DEIXOU DEVENDO FOI O CONTROLE PADRÃO QUE É MEIO RUIM POR NAO SER TAO FACIL RECONHECER OS BOTOES TATILMENTE FALANDO. MAS ISSO SE RESOLVE ADQUIRINDO OUTRO CONTROLE QUE INCLUSIVE TENHO NA MINHA LG FULL HD QUE É BEM MELHOR QUE ESTE.",Positivo
"Uma porcaria! Esquenta assim que acessar um app e muito mais se estiver usando o telefone. Mesmo quando carregando o calor é considerável. Só pra lembrar: o calor prolongado diminui sensivelmente a vida útil da bateria.  Mas o pior é a baixissima duração da carga da bateria, dependendo do uso não chega a completar um dia. Carrega-se a bateria pela manhã e não se tem certeza que vai durar até o fim do dia. Talvez seja bom no inverno para aquecer as orelhas.  NÃO RECOMENDO ESTE CELULAR PARA NINGUÉM.",Negativo
"Comprei o ""martelo"" e através dele conquistei grandes poderes. Hoje vIvo em Asgard e sou conhecido como o Deus do Trovão.   Thor.",Positivo
Porém pouca funcionalidade com o controle e com o Netflix,Neutro
"PIOR CELULAR NAO PODE EXISTIR, COMPREI UM DESSE AQUI MESMO NO SITE AMERICANAS DIA 27-02-18, ELE CHEGOU DIA 09-02-18, PRIMEIRA SEMANA TUDO BELEZA, APARTIR DA SEGUNDA O BICHO PEGOU NAO FUNCIONA MAIS NADA DIREITO. ROTAÇAO DA TELA, SENSOR LUMINOSIDADE, LOCALIZACAO GPS, ELE SE TRAVA E REINICIA VARIAS VEZES SOZINHO DEMORA HORAS PRA LIGAR. UMA VERDADEIRA DROGA. LIGEUI PRA GARANTIA FOI RESETADO 2 VEZES DE ANDA ADIANTOU, AGORA UM CELULAR COM APENAS 20 DIAS DE USO VOU TER QUE LEVAR PARA ASSISTENCIA TECNICA QUE FICA HA 100KG DE ONDE MORO, FICAR SEM TELEFONE POR VARIOS DIAS SABE DEUS QUANTOS. ALEM DO MAIS USO TELEFONE PARA O TRBALHO.  SAMSUNG NUNCA MAIS PRA MIM É LIXO",Negativo
"Leitura que agrega, adequada aos profissionais da educação. Recomendo.",Positivo
"Em relação a tv não tenho do que reclamar, o produto atende as expectativas e está de acordo com o anúncio. Agora em relação a entrega pela primeira vez fiquei decepcionado, pois além da entrega ter sido feita fora do prazo, ainda por cima alteraram a verdadeira data de entrega. Recebi dia 29 já fora do prazo e colocaram que foi entregue no dia 28. Não gostei pois tentaram burlar a data de entrega.",Neutro
"Após algumas pesquisas na internet fiquei desconfiada quanto a originalidade do produto. Por esse motivo, entrei em contato com os telefones disponibilizados e me confirmaram que o produto é original. Mas ainda tenho duvidas. Vou perguntar a um demostrador da mutari.",Neutro
"Como faço para trocar o produto, começou a fazer um barulho estranho e um cheiro de queimado terrível que se eu continuar a usar com certeza vai queimar. Sendo que na caixa não veio os locais de assistência técnica.",Negativo
Gostei muito da panificadora. Atendeu às minhas necessidades!,Positivo
veio com o pedal danificado e enferrujou em 2 meses,Negativo
"Fiquei muito decepcionada com o produto,sem contar o atraso para entrega.",Negativo
Olá!  Gostaria de saber qual o ano da publicação? É importante pôr a ficha técnica do produto... Grato!,Neutro
"Excelente produto, muito fiel ao que se vê antes de comprar e melhor ainda em mãos.",Positivo
"As panelas são lindas, porém o transporte realizado foi horrível. O produto foi entregue por uma empresa chamada ESTRELA 10. As panelas vieram mal embaladas e chegaram até mesmo um pouco arranhadas devido ao péssimo transporte! Verifiquem a empresa que entrega o produto antes de comprar!",Neutro
Aparelho de ótima qualidade e facilidade de manuseio.,Positivo
"O produto ainda não chegou, portanto essa é minha avaliação da empresa quanto a logiatica de entrega, completando um mês e nada do produto.",Negativo
"Não tem sensor de presença e nem alarme,imagem não é totalmente nítida quando puxamos a imagem o programa para a instalação é um pouco complicado para colocar a senha definitiva. Não gostei e não serviu para mim.",Negativo
"gostei muito da entrega, mais voces da americanas falam que vem 4 capas, mais só vem 3, aconselho quem for  comprar o produto compre uma capa, pois o produto é  um pouco fragil ,tipo caiu quebrou, como só tem 2 dias que chegou to avaliando",Neutro
"o produto veio antes do prazo é muito bom, silenciosa , inclusive é a a segunda que compra esta foi para a minha sogra a minha comprei em dezembro. super recomendo",Positivo
"produto muito bom, gostei supriu minha nessecidade e a entrega chegou no prazo expecificado..",Neutro
"Quero trocar o produto pela voltagem 110 porem estou no aguardo do contato de alguem e ate o momento nada , fico com o produto sem poder utilizar infelizmente",Negativo
Bom preço e bom desempenho para quarto pois resfria bem o ambiente,Neutro
Produto de excelente qualidade. Muito bom.Recomendo.,Positivo
"Muito bom, recomendo. Bom custo benefício. Simples para utilizar.",Positivo
"O produto ainda não chegou, portanto não posso avaliá-lo.",Neutro
"Esse produto comprei em 20/04/2018 ate a presente data não foi entregue, fique muito desapontada, o prazo da entrega era ate o dia 09/05/2018,",Negativo
"Comprei e não tinha no estaque e estornaram o pagamento, como avaliar o produto se não recebi",Negativo
"Mais barato que o original e funciona igual, vale a pena.",Positivo
"Produto maravilhoso... excelente imagem, som perfeito, conectividade e aplicativos top. Super recomento. Entrega super rápida!",Positivo
Chego no prazo certo muito bom mesmo recomendo muito bom mesmo agradecido mesmo vale apena compra essa maquina otimo site recomendo mesmo,Positivo
"O produto é bom, potente e bonito, mas o prato giratório desliza com facilidade e além de não rodar, corre o risco de cair e quebrar. Ele também apita de tempos em tempos sem necessidade depois de retirado o alimento de dentro.",Negativo
Quero saber que dia vão mandar produto .sempre comprei com vcs nunca tive problemas na compra com cartão agora comprei a vista boleto só me ferrei por gentileza tem como entrar contato comigo me dar satisfação,Negativo
"Ainda não recebi não, quando foi entregue? Ainda não recebi não, quando foi entregue? Ainda não recebi não, quando foi entregue? Ainda não recebi não, quando foi entregue?",Negativo
ATE AGORA NÃO RECEBI O PRODUTO NÃO TENHO COMO DAR UMA OPINIÃO SOBRE O PRODUTO,Neutro
Muito bom mas p usar a noite p dormir faz barulho não é silencioso como o anúncio diz na velocidade menor faz barulho comprei 2 e os dois fazem barulho tenho um Arno normal e não faz barulho,Neutro
"Produto bom para preparo de alimentos pré-cozidos, recomendo.",Neutro
"Chegou na data e funcionando, recomendo ! Jdduivjoisston bviojvczsSfuujvfuijbopocc",Neutro
"O jogo Mônaco composto com cinco panelas mas a panela de pressão veio com uma tampa de vidro levemente amassada o que dificulta o encaixe perfeito da tampa na panela. A panela de pressão não pertence ao jogo nem de longe. Apesar de ser uma panela de pressão Tramontina a espessura do alumínio é bem mais fina do que a do jogo Mônaco. Porém se vc avaliar o custo beneficio da marca e dependendo do quanto vc utiliza a panela de pressão, vale a pena. Dependendo não vale. Melhor comprar o jogo Mônaco, que é muito bom, e em separado comprar a panela de pressão.",Negativo
Quantos litros são! ? 5 litros? Essa i formacao é importante?  Aliás ja vem com o wisk dentro ? É só a embalagem!,Neutro
"Gostei do produto, porém paguei frete maior para receber o produto em até 5 dias úteis. A compra foi feita em 18/04/2018 e estou recebendo hoje dia 08/05/2018. As Americanas pisou na bola desta vez.",Neutro
Péssima escolha não pelo produto mas por essa loja que não respeita o cliente comprei  e até hoje essa porcaria de loja não entregou o produto no site falou 13 dias e já tem mais de um mês e até agora nada de entregar se Deus quiser não compro mais nada nessa loja falta de respeito por isso não posso avaliar o produto,Negativo
Shampoo cheiroso e dá uma real sensação de cabelo e cabeça limpos e frescos. Não acho mais em farmácias por isso comprei pelo site.,Positivo
O produto atendeu minhas expectativas. As imagens deixou bem claro as características do produto.,Neutro
"Eu adoro os produtos da Avent, meu filho tem várias coisas e elas são maravilhosas, mas esse copo não mantém a temperatura do líquido mesmo q vc não esteja no calor (em casa). Mas como o principal para mim era ter um copo com canudo q não vazasse, está ok.",Negativo
"Por favor..,. produto é 110 Volts ou 220 volts? Achei o erro gravíssimo vira as informações técnicas do produto porém só constam as dimensões e o peso e por se tratar de um produto elétrico não Informa a voltagem",Negativo
Osbtres relógios que comprei todos vieram com defeito e já cancelei e até agora não cancelaram o cartão de crédito  Aff,Negativo
PRECISAM COLOCAR SE TEM GRIL OU NÃO FACILITA MTOPRA COMPRAR,Neutro
Produto dentro da especificação como eu imaginava considerando CUSTO X BENEFICIO.  O que me deixou chateado foi a demora quanto o atraso da entrega do mesmo.,Neutro
"Fui depilar o saco e me cortei, pqp Se você busca também esse objetivo, melhor nem tentar Mas tem o design da hora, peças duras e laváveis - são excelentes Vale a pena, mas ainda espero uma 3 em um (se é que vcs me entendem)",Positivo
Todos os demais cartuchos funcionando normalmente. Todavia o preto possui a tinta tão fraca que serve apenas pra molhar o papel.,Negativo
"O refil de algodão a durabilidade é maior , pois este material sintético é muito ruim e estraga muito rápido.",Neutro
adorei o celular recomendo muito satisfeito chegou no prazo muito satisfeito com a americanas sempre boas vendas obrigado,Positivo
produto totalmente diferente do que vemos uma malha finissima pessima qualidade nao valeu o valor que paguei ..odiei  e nao tem nada a ver com a foto .me arrependi chegou um tamanho muito pequeno tambem .,Negativo
"Vem sem prego, parafusos e manual. Tudo bem que é simples montar, mas metade de uma folha A4 com algumas instruções facilitaria bastante e não custaria praticamente nada. O tampo de fundo poderia ser maior, pois os pregos tem que ser milimetricamente martelados para não danificar as partes de dentro.",Negativo
Achei tecido fraco botão cor diferente Capa pequena de mais..,Negativo
Fácil de encher e muito confortável da para duas pessoas tranquilamente,Positivo
"A entrega da Americanas top top top muito rápida. Agora os produtos são muitos pequenos o que mais me decepcionou foram as assadeiras nossa muito pequenas parecem de boneca, não é a mesma coisa da foto, pois na foto parece maior. Faqueiro bem simples feio. Bem decepcionada com a compra.",Negativo
"Mal deu uma semana após a compra e o botão de liga e desliga se soltou. Já tentei recolocar e ele volta a se soltar automaticamente. Tentei contato para devolução ou troca por defeito e não estou sendo devidamente atendida pela loja. Portanto, não comprem, é fria!",Negativo
"foi presente , mas a pessoa adorou, recomendaria aos amigos. Muito bom o produto",Neutro
"Eu gostei ,mais o coador poderia ser mais fundo , o pó de café cai na água",Neutro
"Acho que quem desenhou e quem aprovou deveriam  pedir para as mulheres deles usarem,...as  grades são finas demais,                 as panelas ao  contacto vão parar  no chão,um risco para a integridade  da(o) cozinheiro,horrível....logo,logo  vai dar incomodação para a fabrica e as Americanas.                  acendedores  fraco.",Negativo
Ótimo custo benefício! Minha esposa gostou muito! E a entrega antes do prazo! Recomendo!,Neutro
Produto vale a pena pelo valor . Recebi completo e sem problemas.,Positivo
"Bom produto, bom custo benefício, chegou rápido. Recomendo.",Positivo
"Produto com excelente qualidade, rapidez na entrega e bem embalado!",Positivo
"Foi presente, mas meu namorado gostou muito, ja pedi duas vezes",Positivo
Meu controle veio com a tampa das pilhas quebrado.. não fixa !!!,Negativo
"Eu adorei, a internet tem q ser boa para ele funcionar bem, ótimo produto a tv vira uma smart um verdadeiro computador, recomendo.",Positivo
"Bom, confortavel. Bom custo-beneficio. Bom, confortavel. Bom custo-beneficio. Bom, confortavel. Bom custo-beneficio.",Neutro
"O aparelho e muito bom, super recomendo! Otima qualidade!",Positivo
"A prateleira é parecida, mas menos rígida que a original. Mas ficou mto parecida.",Neutro
"Eu amei o celular, a bateria dura bastante.  Eu recomendo pode comprar sem medo! Amei",Positivo
"Boas e bonitas para o dia a dia , não é antiaderente portanto, bom usar em fogo moderado. Uso para quatro pessoas.",Neutro
"produto cumpre com a descrição, só poderia ter os cabos dos fios mais longos mas vale a pena. entregue em 14 dias dentro do prazo.",Neutro
Produto bom e o Custo beneficio é ótimo ! Vale a pena !,Neutro
"Gostei muito do produto, inclusive foi entregue muito antes do prazo previsto. Agora é só terminar a montagem.",Positivo
"produto veio com defeito e quebrado, pois naõ recomendo pra ninguem",Negativo
"Mega satisfeita  com a entrega, muito antes do prazo. O secador leve, potente,  atendeu bem minhas expectativas.",Positivo
"Produto bom, entregue dentro do prazo. Não é nada extraordinário.",Neutro
"o meu questionamento é: comprei a tesoura exatamente como a imagem do anúncio e me entregarão uma outra  bem diferente . A jusificativa de voces foi que cadastrarão errado , então  porque ainda continua  à venda?   falta de respeito com o consumidor má  fé não compro mais",Negativo
"Oficial, pode comprar sem medo. Recomendo............................................................................................................................................................................................................................",Positivo
"Atendimento rápido e eficiente. Site em que sinto segurança em comprar, sempre fico satifeita",Positivo
"O PRODUTO NÃO CHEGOU,ONDE FAZER  RECLAMAÇÃO?SITE CONFUSO",Negativo
"Celular ótimo, samsung está de parabéns! Entrega muito demorada das americanas, um absurdo",Positivo
"comprei  o copo anunciado, foi entregue um copo de material muito inferior",Negativo
"Eu gostei do produto que comprei, mas ainda não coloquei no meu travesseiro",Neutro
"O produto é lindo, chegou antes do prazo, não é muito barulhento, fácil instalação, não precisa comprar filtro pois é lavável, fácil de limpar,   preço acessível, porém,  ainda não sei se suga bem a gordura pois a pouco tempo estou usando. Como não uso fazer frituras   atendeu minhas expectativas.",Neutro
"Tvs de LCD possuem light leak - vazamento de luz; num fundo totalmente preto ou branco, isso é notável. Neste aparelho, nas extremidades é possível notar isso, além de uma leve diferença em forma de barras verticais ligeiramente mais escuras/claras ao longo do display. Em fundos com imagens isso não é tão notável, mesmo imperceptível. Pra quem sai de um plasma para um lcd, isso pode ser incômodo, mas um problema comum à tecnologia. Não confie nas imagens ou na descrição dadas pelas Americanas: o aparelho é mais ""gordo"" (2x mais profundidade do que aparenta pelas imagens) apesar do design frontal ser o mesmo. Além disso, no dia da compra, a informação na descrição era de que a taxa de atualização do painel era 120Hz + atualização com software de 120Hz. Isso foi alterado dias depois para a informação correta: 60Hz/120Hz respectivamente. A qualidade das imagens exibidas é muito boa, cores vivas, e o som da tv é excelente, alto, sem distorção. O sistema webOS é fluido e é fácil conectar o aparelho ao pc/smartphone. O wifi da tv não é compatível com redes de 5GHz - mesmo que esta seja capaz de se conectar a elas, não é capaz de atingir velocidades superiores a 1.5Mb - utilize uma conexão 2.5GHz e o problema desaparecerá, permitindo velocidades de aproximadamente 50Mb (mesmo que sua internet tenha mais velocidade que isto). Um painel melhor, sem vazamento de luz, e uma descrição mais fiel do produto (ou que fosse o produto em si apresentado na descrição...) teria garantido uma melhor avaliação.",Neutro
"Os controles são bons, não tive problemas quando testei. Respondeu bem as necessidades.",Neutro
"Atende ao que se propõe. Para prender num livro, é um pouco pesado, mas funciona sendo uma capa dura ou pegando várias páginas.",Neutro
Gostei desta lanterna.É bastante útil para mim. !!!!!!!!!!!!!!!!!!!!!!!!!!!!!!!!!!!!!!!!!!!!!!!!!!!!!!!!!!!!!!!!!!!!!!!!!!!!,Positivo
"PRODUTO BEM RUIM, BEM FINO E DE TECIDO DE BAIXA QUALIDADE, NAO VALE  APENA",Negativo
"O produto veio amassado, e não era novo, A loja Americana fez o reembolso de imediato.",Negativo
"Bom produto, melhora o desempenho da internet pela casa.",Neutro
Eu queria saber se vem TUDO necessário para montar... Incluindo os pregos,Neutro
"Não recomendaria pelo transtorno que me foi para conseguir gerar a nota fiscal e para a empresa enviar o produto a transportadora, tenho certeza que se eu não houvesse enviado os e-mails que enviei reclamando, nem a nota fiscal teria sido gerada.",Negativo
"É uma cadeira boa, mas com o passar do tempo a almofada começa a afundar e isso pode prejudicar seu conforto....",Neutro
O produto apresenta um barulho infernal (semelhante a um curto circuito). Os telefones disponíveis para a assistência técnica sempre estão ocupados (24 horas). A minha garantia de 3 meses está acabando e não encontro solução para o problema,Negativo
Péssima!!!! A vários dias aguardando a entrega e nada do produto chegar em minha residência.,Negativo
As cápsulas são muito grandes. Difíceis de engolir.,Neutro
"A apple continua acertando, iphone depois de iphone.  Apesar de eu não ter notado muitas diferenças do 7 pro 8",Positivo
"Produto não atende o que se espera, o moedor não funciona corretamente",Negativo
"Samsung atendeu todas as minhas expectativas. Otimo aparelho, cumpre o que promete. Bateria muito boa",Neutro
"Ainda que pareça óbvio, por que um player de venda consolidado como a americanas está a comercializar um equipamento de acesso pirata aos canais de tv paga?  Ou estou equivocado e sim, é um equipamento amparado pela lei brasileira?",Negativo
comprei faz um mês e já passou o dia da entrega é nada do quarda roupa chegar!,Negativo
Infelizmente nao posso avaliar pq recebi a máquina em 10/03/2018 e ate hoje nao pude ligar e usar pq veio com a voltagem errada e vcs ainda nao fizeram a troca!!!!!!!!! Péssima empresa!!!!!!@,Negativo
"Há pouco tempo adquiri um smart TV da Samsung, logo após a garantia de 12 meses o painel começo apresentar listas verticais. Assistência técnica orçou em R$ 3.300,00 para trocar o painel, ou seja, valor mais caro que a TV. Produtos Samsung nunca mais.",Negativo
"A obra ajuda-nos a enxergar os princípios do casamento, segundo a vontade de Deus...",Positivo
O vapor é muito fraco dificultando muito para passar. Ontem desisti de uma camisa que estava passando e usei o ferro.,Negativo
Essa tv tem wi-fi?..  ................................,Neutro
"Não posso falar do produto, apenas do péssimo atendimento com relação ao produto, nunca o recebi e não consigo o ressarcimento do valor pago, provavelmente terei que ir ao juizado de pequenas causas pra receber meu dinheiro de volta. Obrigado Lojas Americanas, a concorrência agradece.",Negativo
Toque dontecido é um pouco aspero e seco. não é muito macio.,Neutro
"Me ludibriaram no mercado livre. Não indico, pois a mesma placa GTX 1050Ti WindForce estava no valor de 583 reais, quando efetuei a compra os mesmo congelaram a compra, não me respondem, fora o transtorno que causou pois tenho que espera um mês para me devolverem o dinheiro.",Negativo
"É pura enganação. Este produto não corta como promete e é frágil. Estou muito decepcionada. Eu sei que não é culpa da loja, mas me sinto lesada.  NÃO COMPREM. NÃO SEJAM TROUXAS COMO EU FUI.",Negativo
"Recebi a câmera, instalei, porém fica reiniciando toda hora..",Neutro
"1º Para instalar o Windows é terrivel e dá uma enorme trabalheira pois ele não faz boot em um pendrive bootavel comum,  tem que baixar o RUFUS porque ele é bloq de fabrica só consegue fazer boot UEFI.  2º Nem tente instalar x32 ele so aceita Windows x64, o que não faz nenhuma lógica pois o notebook só vem com 1 slot de RAM e o processador já ão é lá essas coisas.",Negativo
"A caixa é pequena, mas bem bonitinha.Não vi os blocos pois foi pra presente.",Neutro
"As meninas ficam o dia inteiro lavando as roupinhas das bonecas, aprovado. Porém o compartimento das pilhas é maior que o espaço necessário para 2 pilhas AA, então ao colocar elas ficam frouxas e no meio da brincadeira a pilha desencaixa desligando o brinquedo.",Neutro
Comprei um produto e mais de 2 meses depois ainda não recebi pela My Box não compre através da Lojas Americanas,Negativo
Gostei e a entrega foi antecipada ao prazo estipulado.  Parabéns!,Positivo
O produto está aprovado. Atendeu as minhas expectativas e necessidades.,Neutro
"Sem opnião pois ocorreu tudo conforme informado na hora da compra, produto bom, entrega no tempo informado.",Positivo
comprei esta cama com pes de madeira e veio de plástico e ate hoje ninguem resolvel o meu problema estou muito decepcionado com a Américas e a brasil varejos espero que eles resolva o meu problema,Negativo
"Atende as necescidades um pouco fraca, mais muito econômica e com bom valor pode adquirir sem medo",Positivo
"Cuidado, no site não informam a tensão da Lâmpada, como ela vem com soquete acreditei  que a lâmpada era 110v, pra minha surpresa a lâmpada que me mandaram chegou com a seguinte especificação POWER DC12V, essa Lâmpada não pode ser ligada direto no teto.",Negativo
"Minha opinião é sobre o desrespeito da americanas.com com o consumidor Efetuei a compra pela internet: a amerinas.com intermediou a transação para outra empresa; meu produto foi extraviado para outro consumidor, quando retornou para minha residência, solicitei a devolução do produto por dois motivos: 1º avaria na caixa de transporte, faltando acabamento em um dos pés de uma das cadeiras e 2º por desistência do produto,  porém até o momento a mercadoria não foi recolhida em minha residência. Tenho certeza que tenho direito à desistência de um produto comprado pela internet: direito do consumidor",Negativo
"Chegou na caixa do correio e dentro de um saco plástico. Comprei pra dar de presente a minha funcionária pq ela estava sem o whats zap. Enfim...é tão ruim que nem dá pra baixar o aplicativo. Dá forma que chegou na minha casa, pensei estar recebendo UM APARELHO USADO! JAMAIS O RECOMENDARIA E JAMAIS O COMPRARIA DE NOVO! AINDA FICO DESCONFIADA EM COMPRAR UM PRODUTO ANUNCIADO PELAS AMERICANAS, VEZ QUE ACREDITAVA SER UM SITE CONFIÁVEL!!!",Negativo
"A qualidade da porta é boa, mas a espessura da chapa que ela é feita é fina.",Neutro
"Não recomendo , pois o produto sumiu, e ninguém da satisfação.",Negativo
O produto atendeu minhas expectativas e deu certo no carro.,Neutro
Excelente muito bom mesmo. Chegou no Trampo certo . bom mesmo,Neutro
"recebi o produto com defeito, liguei no mesmo dia para a fabrica porque não consegui contato com a loja, não tem 0800, não respondem peço cht nem um numero de tel que eu pudece reclamar pois pasou a datade troca e a asistência é muito longe daquí. tenho o protocolo da fabrica que prontamente me atendeu e pediu que me levace na asistência . pra mim não compença levar e ir buscar poi fica mais de 100km. está desligada, não serve pra nada, que pena,vou comprar outra de marca e loja diferente,",Neutro
Realizei a compra do mesmo e simplesmente eles não tem o produto pra me entregar então eu pergunto por qual motivo o anuncio esta no ar?,Neutro
"Por enquanto, sem queixas. Se surgir algum problema, com certeza voltarei para registrar. Mas por enquanto, atendendo minhas expectativas!",Positivo
O produto realmente é bom mas comprei 2 unidades e só recebi 1! Já reclamei mas até agora nenhuma providência.,Neutro
É mais ou menos. Nada demais. É normalizando. Não compraria mais.,Neutro
"Achei o produto muito pequeno. Tem qualidade, mas poderia ser maior.",Neutro
"Vi esse produto em uma loja durante uma viagem. Pesquisei na internet e vi mais barato no site da americanas.com (loja zona criativa) e não comprei na tal loja. Depois de uns dias, fiz a compra através do site. Infelizmente o produto não chegou. Isso nunca havia acontecido comigo anteriormente. E olha que compro muuuito pela internet, principalmente na americanas.com. Mas desta vez não deu certo. Acho que devem Reavaliar os parceiros.  Ah, até o momento não recebi resposta do meu pedido de cancelamento da compra e nem resposta para a minha reclamação. Estou decepcionado com a americanas. Com a Zona Criativa nem preciso mencionar.",Positivo
Adorei o produto muito prático e a encomenda chegou rapidinho,Positivo
"Eu tenho um carregador turbo que vei com meu celular, e a eficiência do carregador é outra.",Negativo
Aparelho com as melhores configrações para essa faixa de preço.,Neutro
Muito útil e de boa qualidade. Adorei e recomendo!,Neutro
"Gostei muito do produto que comprei,chegou dentro do prazo prometido eu super recomendo!",Positivo
"O fone é caro, mas vale cada centavo. Confortável, noise cancelling excelente e som limpo. Fácil de parear e o app da Bose completa o pacote.",Positivo
"esse produto foi cancelado,cancelei a compra pois o vendedor nao conseguio achar meu endereço",Negativo
Eu pedi o tamanho P  Veio G Mas o produto é  bom de boa qualidade.  Já entrei em contato para fazer a troca.,Neutro
"Muito bom, a maquina é forte cortar certinho, excelente produtor recomendo a todos!!!",Positivo
Pedem 40 dias uteis para entregar e na véspera da entrega depois de tanto tempo esperando simplesmente cancelam o seu pedido!!!!! Não peçam esse produto! Estou aguardando posição das lojas americanas e marabraz até agora!,Negativo
"O produto é bom, não é pesado é relativamente pequeno, mas nada que desabone em relação ao tamanho dele, porém esperava que tivesse uma lâmpada interna sei que na descrição do produto não fala nada sobre isso, mas na imagem dele aparentemente tem iluminação fora isso tudo certo.",Neutro
"Produto bom, bem acabado, do jeito que eu queria mesmo!",Neutro
"Gostei do produto, é bom. No entanto faz muito barulho e fica um pouco dolorido.",Neutro
"Satisfação com o produto, cumpre as minhas necessidades de uso e recomendo sim",Positivo
"Achei o produto péssimo, pois chegou com defeito. Testei o pendrive em vários computadores e em nenhum deles ele funcionou.",Negativo
"Confortável, fácil de montar e de limpar... Além de linda! Super recomendo! E ainda recebi antes do prazo!!!",Positivo
satisfeito com a compra. Exatamente o que me foi oferecido na compra!,Positivo
O material não é ruim mas também não é o melhor. É um bom custo benefício para uso do dia a dia,Neutro
"o conj de assadeiras  perfeito,adorei os tamanhos,entrega antes do prazo previsto fiquei muito satisfeita",Positivo
Está com defeito no gatilho estou aguardando uma troca e até agora não tiver resposta,Negativo
Adorei a mercadoria . Comprarei novamente nas lojas Americanas,Positivo
carrinho bom para a margem de preço que ele foi adquirido !,Neutro
"Fiquei satisfeita com o comprimento do prazo de entrega do produto, ele veio perfeito como já tinha visto em uma loja, porém o botão que aperta para ele falar as frases é muito duro pra uma criança apertar, até eu adulto tenho que fazer esforço para apertar. Essa foi a minha insatisfação. Obrigada.",Neutro
"Na descrição do produto fala-se em puxar liquido de três metros de profundidade e elevar até 18 mts,no meu caso seria 1,5 mts de profundidade elevando até 2 mts de altura a bomba fez esse trabalho com muita dificuldade e lentidão e depois de um tempo parou de funcionar.",Negativo
"produto muito bom,entrega no prazo programado,recomendo!",Positivo
"Achei ele um pouco frágil, porém atendeu minhas necessidades!!",Neutro
"Produto excelente,comprei uma a três anos atrás,nunca deu problema,recomendo,vale a pena,não me arrependo,e até setembro irei comprar outra sem medo!!! Parabéns a AOC.",Positivo
"Gostaria muito de estar com minha chapinha aqui, infelizmente paguei e não recebi o produto está atrasado a 8 dias e nao tem previsão de quandi vai chegar.",Negativo
"1)  o monitor não possui caixa de som interno, restando apenas o uso de headset 2) o screen split não admite o sistema de tela cheia, ou seja, se vc usar tela cheia corta o split, tendo que deixar tudo em modo janela redimensionado, sendo bom para os media players, mas para quem ja tem o aplicativo filme e tv do windows 10 não muda em nada.  O restante, como frame rate por exemplo, é bom.",Neutro
"Não existe comprometimento algum, na hora da entrega, total desrespeito e falta de informação.",Negativo
Produto com um desempenho satisfatório. Cumpre o que promete . e visualmente bonito!,Neutro
"o preço está correto?? R$ 10.000,00 ou 10x de R$ 1.000,00.",Negativo
NAO TENHO COMO AVALIAR UM PRODUTO QUE  CHEGOU COM DEFEITO E JA FAZ 24 DIAS QUE ESTOU ESPERANDO A TROCA DO PRODUTO JA ASSIONEI O PROCON E MEU ADVOGADO,Negativo
"Produto bom, mas a embalagem toda danificada, como era para presentear, fiquei decepcionado",Neutro
"Gostei muito. Leve, fácil de montar, espaçosa. O folheto de instruções poderia ser mais completo. Recomendo. ........ ........................ .........................",Positivo
"MEU PEDIDO ERA PRA TER CHEGADO HOJE, MAIS AINDA NÃO CHEGOU AOS CORREIOS DA MINHA CIDADE. INSATISFEITA!!! :(",Negativo
"Aparelho com problema no touch. O touch tem problema de sensibilidade na parte inferior da tela dificultando a digitação, também fica se piscando todo e só pára quando reinicializado. Se procurar na internet encontrará vária reclamações sobre o mesmo problema nesse aparelho. Samsung diz que ao atualizar o android resolverá pois é um bug, mas até agora nada de atualização. Tenho o aparelho a 8 meses.",Negativo
Ótimo produto com ótimo preço. Vamos ver daqui um ano se o produto ainda vai ser bom pq enquanto é novo tudo é bom.,Positivo
"Não recebi meu pedido ate agora, e no site da americanas não tem como reclamar, atendimento muito ruim, paguei e não veio o meu prduto.",Negativo
"O organizador do livro ... nem se quer fez uma revisão das questões do livro.   Português tem questões repetidas, uma na sequencia da outra. vide a pág10.   Ainda em Português, as questões se referem ao texto enorme, mas o autor do livro não teve nem o capricho de indicar as linhas do texto. Por Exemplo: tal questão se refere a linha tal do texto. Dai temos que ficar lendo o texto inteiro diversas vezes ..... procurando e procurando..... demora maior tempo para achar no texto o assunto de que se trata a questão.   Bem regular o livro.",Negativo
"perfeito bem elaborado com excelentes fotografias, muito melhor do que o esperado",Positivo
Excelente Produto Livro - Almanaque Maluquinho - Pra que Dinheiro,Positivo
"Não sei avaliar, pois vocês me mandaram o produto errado!  Eu recebi o tp - link 8-port 10/100 Mbps",Negativo
"Estou muito satisfeita com o produto. Fácil de manusear, ótima velocidade e até o momento atendeu todas as minhas expectativas.",Positivo
"O Produto veio Danificado, com a Tela trincada e o fone com cheiro de queimado, não tive a oportunidade de usa-ló por esse motivo qualifico como um produto ruim até que chegue um novo funcionando.",Negativo
"Achei que a entrega foi muito demorada, apesar de estar dentro do prazo previsto e o produto veio com o local de trocar marcha quebrado, tive que pagar R$ 30,00 e comprar um novo na oficina de bicicleta,uma vez que se fosse devolver iria demorar mais uns 45 dias para receber o produto de volta.",Neutro
"O produto atende as necessidades, no entanto, há um componente indicado no manual que não vem com o produto, ao questionar junto ao fabricante, fui informada que a linha do produto que adquirir não tem este componente e que o mesmo não será enviado. Acredito que o fabricante deveria ajustar o manual de acordo com a linha e não deixar de enviar o componente.",Negativo
"Minha máquina ainda não chegou aqui. Por isso, não posso avaliar.",Negativo
Atende as expectativas e supre as necessidades do dia.,Neutro
"Produto bom, auxilia na instalação mais nada de mais. Apenas beleza para a sua cozinha.",Negativo
Fiz a compra a mais de um mês e até hoje não recebi o código. Lixo.,Negativo
"Muito bom, estou apaixonada pelas toalhas, adoro esta marca já conhecia, e até estou trocando todas as minhas toalhas por esta marca, muito macia e aveludada, nem precisa lavar antes de usar para amaciar as fibras, já vem totalmente macias. super indico maravilha!!",Positivo
Ainda não exploreie o telefone mas já recomendo. É um bom protudo.,Neutro
Bolsa muito bonita e grande poderia ser mas resistente na lateral está  um pouco abrindo a costura . Mas gostei.,Neutro
"Eu realmente estou pasmo do quão ruim vocês são na relação com seus clientes. Eu cancelei a compra, tive muitas barreiras para isso e entendo que voces não conhecem nada de qualidade total, processo puxado ou centro no cliente. Acho que os gestores dessa empresa necessitam se reciclar, talvez estudar um pouco de Lean Thinking, há ótimas consultorias no mercado. Parem de me perguntar sobr algo que  me deixou muito irritado! Obrigado, ap menos podemos nos manifestar o descontentamento por algum cabal, apesar que sei que não receberei nenhum pedido de desculpas por toda a irritação e constrangimento pelo qual passei, haja despreparo!",Negativo
"Eu adorei, o prazo de entrega bom, chegou antes da data prevista o que foi otimo!.",Positivo
Estou satisfeita com o produto. aprovado! XXXXXXXXXXXXXXXXXXXXXXXXXXXXXXXXXXXXXXXXXXXXXXXXXXXXXXXXXXXXXXXXXXXXXXXXXXXXXXXXXXXXXXXXXXXXXXXXXXXXXXXXXXXXXXXXXXXXXXXXXXXXXXXXXXXXXXXXXXXXXXXXXXXXXXXXXXXXXXXXXXXXXXXXXXXXXXXXXXXXXXX,Positivo
"Não ativa a função ‘descer e subir ‘, não sei se veio com defeito mas não estou satisfeita..",Negativo
Bom produto para uso em oficinas domésticas ou amadoras.,Neutro
Centenas de aparelhos com problema no circuito de carga do conector. Em algum momento vai deixar de carregar. A Motorola usa a brecha da lei para invalidar a garantia. Diz que tem ponto de oxidação na placa. Dinheiro jogado fora!,Negativo
"Eu gostei do Mop Giratório, é prático e fácil de usar poupando esforços.",Neutro
"Um aparelho com uma memória muito boa, porém com tão pouco uso já dá suas travadas e a bateria não aguenta um dia usando apenas a Internet para e-mails e WhatsApp e fazendo ligações. Importante mencionar que não utilizo para jogos, apenas trabalho.",Neutro
Não compre se for dá Up2games ela rouba seu dinheiro ! É vergonhoso como a americanas tem parceria com esse lixo de loja !,Negativo
massinha quebra facilmente e esfarela nao recomendo,Negativo
"Comprei o modelo 61s que custa 349,00 veio o modelo 62s que é inferior e custa 299,00 nem tem fone de ouvido muito simples, até entrei em contato pra trocar mais não me mandaram um e-mail para eu mandar o telefone pra eles não falaram que ia trocar ou fazer a devolução ai veio a greve dos caminhoneiros e fiquei com medo de trocar e ficar muito tempo sem o celular pois estou precisando no momento e acabei ficando no prejuízo. Fazer o quê dá próxima vez não compro dessa marca pois não cumprem o combinado pelo menos se não tem no estoque manda um de qualidade melhor né...  Fiquei insatisfeito com a compra",Negativo
"Meu celular veio em perfeito estado, dois meses usando sem nenhum problema!",Positivo
"O produto atendeu minhas necessidades   Não tinha necessidade de um aparelho com som extraordinário e o tamanho do mesmo é muito bom , ocupa pouco espaço e por ser compacto pode ser colocado em qualquer espaço .",Neutro
"Não entregaram a cor solicitada e quando fui reclamar disseram que eu que teria que ir a uma agência dos correios fazer a devolução para receber o ressarcimento do valor, pois não tinham mais a cor escolhida para trocar e não fazem coleta de produtos pequenos. Eles erram e eu que pago o pato, tenho que me deslocar da minha casa pagar passagem pra cobrir o erro deles, difícil ein.",Negativo
"Se eu já tivesse recebido o produto ficaria mais fácil de avaliar, portanto a avaliação diz respeito ao site e não ao produto. Fiz minha compra há um mês e até hoje não recebi a mercadoria. Gostava muito de comprar nesse site, mas minhas duas últimas experiências me deixaram decepcionada.",Negativo
"Até hoje não recebi a mercadoria e nem meu dinheiro de volta,já tentei resolver amigavelmente,mas vcs não estão dando a mínima e com isso estou me sentindo desrespeitada como consumidora!!!!",Negativo
"Cadeira no geral é BOA, mas não é muito confortável. Se pudesse, compraria algo melhor.",Neutro
Produto igual ao da foto e descrição condiz ao produto.,Neutro
"bem simples, mas prático ....................................................................................................................",Neutro
"O produto é bonito, mas infelizmente o consumo de energia elétrica especificado é extremamente alto, o mesmo que de um refrigerador, ""40KW"", só comprei porque não vi que consumia tanto assim, se não, não teria comprado.  Um refrigerador (geladeira) grande e excelente consome em média de 48 a 52, para um pequeno bebedouro o consumo é extremamente alto, assim que o produto chegou eu pesquisei os similares. Os similares consomem apenas 14! Então é impossível de deixar ligado, estou usando somente a água natural, não atendeu minhas necessidades de consumidora. Aguardo um retorno. Obrigada!",Negativo
"A cafeteira é ótima, aqui em casa só eu tomo café então evita o desperdício e tenho sempre café fresquinho na hora que eu quero.",Positivo
Deu defeito com menos de 7 dias. Não funcionou como esperado. Além do transtorno quanto ao transporte.,Negativo
Perfeito custo e benefício...  Recomendo a todos! Nota 10,Positivo
"FALTA DE PROFISSIONALISMO   MANDARAM O PRODUTO ERRADO, E AINDA NÃO RESOLVERAM O PROBLEMA!!! VEIO SEM TV, E SEM CABO USB INSATISFEITO !!!   DEMORA NA ENTREGA MUITA DEMORA",Neutro
"Regular custo beneficio. Entrega rápida, preço acessivel. Qualidade de acordo com o preço. Tivemos problema com a porta do espelho que veio rachada. Mas não impediu a montagem, uma vez que o espelho escondeu.",Negativo
"Bandeja de Isopor Branca HF-02 Hamburgueira com 400 Unidades Fibraform R$ 100,00 + 4 - x Total: R$ 400,00",Neutro
MINHA MESA QUE COMPREI VEIO FALTANDO 2 PÉS DA FRENTE DE 2 CADEIRAS ESTOU COM DUAS CADEIRAS ALEIJADAS SEM USO E A CIAMOB NÃO ENTRA EM CONTATO COMIGO VOU COLOCA-LOS NA JUSTIÇA ELA E A AMERICANAS.COM.,Negativo
"Como vou avaliar uma coisa que nao recebi???? Ja comprei varios produtos, sempre fui bem atendido. A nao ser agora, entro em contato e ninguem da a minima.",Negativo
"Com dois dias de uso os botões pararam de funcionar, a água sai sem parar. Já mandei e-mail pedindo para trocar o produto mas ninguém me retornou... Indignada",Negativo
"O edredom é bom. Meu filho ficou muito feliz, mas faltou a capa do travesseiro.",Neutro
resultado de emagrecimento nao alcancado com o produto em si.,Negativo
"Começando pela entrega, um pouco demorada e o produto chegou com algumas pontas um pouco danificadas, fora isso, o produto é bom, mas a mesa começa a envergar mesmo com uma leve pressão",Negativo
Produto Ótimo entrega no prazo recomendo produto de qualidade,Positivo
Produto original e entrega muito rápida. Recomendo,Positivo
"O produto tem um ótimo custo beneficio, mas chegou quebrado. Estava amassado, notadamente não tiveram cuidado algum no armazenamento durante o transporte.",Neutro
"Ótimo, o livro foi solicitado para o primeiro ano do ensino fundamental",Positivo
"Produto em perfeito estado e ótimo funcionamento, recomendo a todos esses produto.",Positivo
"Produto dentro do esperado, mas não apresenta uma qualidade de imagem boa se não estiver exatamente de frente para a tela.",Neutro
"Qualidade do material muito fraca, produto eficaz, mas de pouca durabilidade.",Negativo
"Produto vem com ótimo acabamento, tecido couro acetinado fácil de limpar!  Ficou show no nosso quarto, obrigado!",Positivo
Apenas deveria poder desligar as luzes.Piscam sem parar. Podem incomodar um pouco.,Neutro
Fiquei muito decepcionada! A água gelada sai feito um conta gotas. Muito devagar! Cancelei a compra. Estou esperando resposta e até agora nada. Quero devolver o produto.,Negativo
"Não me deram opção de trocar, e plo péssimo atendimento desisti de devolve-lo.",Negativo
"Entrega rápida. Produto na caixa, lacrada. Carregou o iphone 6s da minha esposa quase 4 vezes completas. Carrega rápido e enquanto usa o aparelho. Tem design bonito e o cabo é prático.",Positivo
"Comprei o produto no dia 02/03, a entrega era no dia 27/03, hoje é dia 03/04 e ainda não recebi o produto.",Negativo
Bom!!!...................................................,Neutro
"Estou adorando,é a entrega foi super rápido comprei dia 8/3/18 e recebi dia 13/3/18 . Parabéns as lojas Americanas.",Positivo
"material fragil e pintura ruim, lascas em todas as peças.",Negativo
"por ser um hp é um produto de qualidade, quanto a durabilidade não posso avaliar pois uso pouco",Neutro
"Produto bom,sempre uso porém foi entregue todo sujo de poeira.A caixa estava em perfeito estado,o produto que estava sujo,pegou poeira por um bom tempo.",Neutro
"Jogo bom, apesar de ser uma remasterização  Jogo bom, apesar de ser uma remasterização  Jogo bom, apesar de ser uma remasterização",Neutro
Já até recomendei...comprei outro pra minha sobrinha.,Neutro
"Do jeitinho que eu queria, correspondeu as minhas expectativas",Positivo
"Resistente e confortável, muito bonito, e com boa qualidade de Áudio.",Positivo
O livro narra de forma fantástica a história do lobisomem como realmente deve ser. Terror e drama se misturam no livro e traz o lobisomem mortal e sanguinário pra quem gosta do gênero. Bem diferente desses lobisomens atuais tipo o filme Crepúsculo. Eu recomendo.,Positivo
Produto bom. Excelente qualidade e durabilidade da bateria!!,Positivo
"Camisa com conforto e qualidade, comprei para meu namorado e ele não tira mais do corpo!",Positivo
"Recebi e instalei o produto, que está funcionando de maneira normal. Só um porém: a propaganda do cartucho colorido afirma que o conteúdo ´de tinta é de 21ml, entretanto o que recebi consta no rótulo a quantidade de 17 ml. Peço que o fornecedor fique atento a esses detalhes, uma vez que isso pode caracterizar propaganda enganosa. No mais, estou satisfeito com o produto. Muito obrigado!",Neutro
"Gostaria de saber o conteúdo da embalagem, pois na descrição do produto diz ""Par"", mas quando fiz o pedido, aparece 1 unidade. Quantas lampadas vem afinal?",Negativo
PRAZO NAO CUMPRIDO E COMUNICADO APENAS NO ULTIMO DIA DO PRAZO.                                                                                                                    CANCELEI MAS NAO RECEBI O PRODUTO NEM MEU DINHEIRO DE VOLTA.,Negativo
"Gostei porém a medida para o colhão é 70X130 cm, e não 60X130 cm.",Neutro
"Se a lg tem fábrica em Taubaté sp, pq o lg 4 novo q eu comprei na maré shop através da americanas eh da China? Estou en dúvida se eh original.",Negativo
A FRALDA TEM UM TECIDO MUITO ÁSPERO E GROSSO. O PREÇO NÃO É BOM; POIS O PRODUTO É DE PÉSSIMA QUALIDADE.  NÃO TEM COMO SER USADA PARA A PELE DE UM BEBÊ QUE É TÃO SENSÍVEL!!!!!!!!,Negativo
"Gostei bastante, me surpreendi. Comprei por um preço excelente, a boneca é encantadora, minha filha amou.",Positivo
O produto chegou bem rápido e estou me divertindo muito!,Positivo
Chegou aonde o guidom emcaixa amasado mas pelo preço foi um bom negócio,Neutro
"excelente produto,otima qualidade. imagem perfeita",Positivo
"Parece incrível, mas me pediram para avaliar um produto que sequer me entregaram. ACOMPANHAMENTO DE ENTREGAS EFICIENTE vocês tem... Só para me mandar explicação para o atraso me pediram 7 dias úteis. Em uma frase - Não compre.",Negativo
Não cobriu 100%das manchas escuras do rosto. Mas no geral ele é bom,Neutro
"Já tenho e gostei muito, agora adquiri para presentear minha mãe, só uso para moer café e não deixa nada a desejar, simples e durável.",Positivo
COMPREI ESTE PRODUTO A EXATAMENTE UM MÊS E A NOTA FISCAL NEM FOI EMITIDA AINDA. CREIO QUE NEM VOCÊS ACREDITAM QUE EU AINDA NAO RECEBI A MERCADORIA. NÃO RECOMENDO COMPRAS NESTE SITE. DEMORA MUITO PARA CHEGAR.  NOTA 0 (zero),Negativo
"Leve, fácil operação, navegação na internet muito boa, câmeras com excelente resolução.",Positivo
"Funcionamento simples e de fácil utilização. Bom acabamento, compacto...a caixa em que vem acondicionada a esteira é útil p/ guardá-la após o uso.",Neutro
O produto está em atraso até hoje não chegou na minha residência eu queria saber o prazo máximo que pode chegar e qual a data certa,Negativo
"Recebimento ok, mais essa bateria que dizem que é duradora ,não presta, o Cellular com  menos de dois meses ja descarrega muito rápido.Nao dura nen um dia. incrível isso.",Neutro
"Não gostei no site diz que eh original o carregador da Samsung.. E não  é?  Porque  não é?  Vcs deveriam ter um máximo respeito com a gente , pois se não  eh original porque coloca cm original? Revoltada é  pouco pois comprei pra mim é pro meu esposo e ainda veio um que nem funciona.. Pow eh muita sacanagem ne? E o que funciona o meu celular da Samsung diz pra mim conectar o carregador  original pra carregar mas rápido..  Eh mas tem um ditado que diz quando eh barato de mas o Santo tem k desconfiar .. Olha que sempre compro nas lojas Americanas e no Sou Barato que é  filiada a loja.. Mas agora caiu no meu conceito.. Pois num eh só  pelo valor, é  pela alavancagem de estar escrito que era original da Samsung.. Revoltada e muito insatisfeita .. Não recomendo  a ninguém  mas..",Negativo
"Imagem ilustrativa em minha opinião, elaborado de ma fé ao cliente.",Negativo
Produto é bom e de qualidade.  Veio vem embalado e tem manual passo a passo para instalar.,Neutro
"Não corta bem, foi um a compra ruim. A loja não informou direito a respeito do produto, que não tem trimer. O nome do produto só que é bem aplicado, como Cérbero tem sim três cabeças, mas permite a entrada no inferno, mas não deixa sair. Rs",Negativo
"Ainda não testei o fogão, mas o atendimento foi ótimo, produto chegou antes do prazo estabelecido, e esteticamente o fogão é muito bonito.",Positivo
"meu filho gostou muito, mais só acho que devia ser mais simples instalar pois tem muita burocracia para a instalação, mesmo assim o produto é ótimo.",Positivo
"bom, nao vou colocar um texto para falar de um smart phone que comprei...",Neutro
"Infelizmente eu costumava comprar sempre pelo site ""americanas"" , de agora em diante vou buscar outros sites!  Perdi a confiança !!!!",Negativo
"O produto chegou de acordo com o descrito, mas nenhum dog aceitou usa-lo como banheiro ainda...",Neutro
"Muito bom, super recomendo.! Compre logo o seu.! Sssssssssssssssssssssssssss",Neutro
"Veio faltando duas ponteiras do pé da cedeira, e o barulho dela no chão por falta dessa peça está me incomodando, e 1 das cadeiras veio com os pé tortos.",Negativo
Muito interessante...tira mesmo os nós dos pêlos...aprovado.,Positivo
Gosto das lojas americanas via online. Recomendo sempre.  obrigada!,Positivo
"Bom produto, auxilia muito, porém seria ótimo se o podão possuísse mais uma roldana ao menos, pois, ampliaria a força aplicada.",Neutro
Produto de alta qualidade e economia. . . . . . .   ..,Positivo
"O produto não é uma super escova potente, mas seca direitin, quebra um galho se estiver com preguiçinha de secar o cabelo,toma um banho e usa rapidin, num é um cabelo escovadissimo, mas melhor q dormir com ele molhado pq seca conforme funçao do objeto, tendeu?",Neutro
"Olhando a foto achei que os pote eram grandes, mas eles são bem pequenos, práticos sim, mas se fossem de um tamanho um pouco melhor eu preferiria!!",Neutro
"Tive a infelicidade de comprar devido a uma promoção. Primeiro o carregador não funcionou, pedi a troca a Americanas, alegaram que não tinha mais em estoque e reembolsaram o valor, Segundo o tal Pop Phone veio sujo, de branco estava marrom com uma crosta de poeira grudada. Péssima qualidade.",Negativo
Queríamos uma geladeira com alguns recursos a mais - mas o site nos confundiu. Nem uma mísera gaveta. Indústria brasileira e comércio brasileiro são piores que política brasileira.,Negativo
"Na verdade eu nem precisava desta chave, só comprei porque vi que tava na promoção. Onde mais iria achar uma chave desta por R$3.799,90?",Positivo
"PRODUTO RUIM E BAIXA QUALIDADE, ALEM DO PÉSSIMO ATENDIMENTO DA PLAY MAGAZINE.",Negativo
"chegou rápido e tudo certinho, ótima loja. cadeira muito boa e bonita valeu a pena.",Positivo
"Ate o presente momento avalio  como bom, claro que isso vai ser melhor visto em seu tempo de uso, entrega foi no tempo previsto e o produto chegou aparentemente em perfeito estado de uso.",Neutro
"Comprei uma dessa e me arrependi muito,o relógio atrasa muito,difícil de navegar na internet,toda vez que muda de canal vc tem que aumentar ou diminuir o volume,demora para mudar de um canal para o outro,produto muito ruim,não recomendo.",Negativo
Por ser uma Smat Tv poderia vir com o App Netflix. Eu msm pensei q viria já instalado. Fora isso a TV é muito boa.,Neutro
"Excelente produto, boa qualidade não tem ruidos. Super fácil de montar. Minha mãe tem ha mais de 3 anos e nunca deu defeito e agora compro a minha. Recomendo pra quem quer um bom produto pra usar por um bom tempo.",Positivo
Recomendo produto de excelente qualidade e entrega rápida,Positivo
Pela segunda vez  a entrega não chegou  Me mandaram uma mensagem  que vai ser entregue  até 12 /06  estou no aguardo.,Negativo
Meu produto está desde o dia 20/12/2017 aguardando para ser retirado nos Correios de outro estado e mesmo depois de 3 reclamacoes no site da americanas sem resposta agora em outra reclamação no reclame aqui a americanas diz que nao sabe o por que o parceiro deles não retirou e a americanas está pela 4° vez me dando outro prazo pra dar resposta ficaram de me responder ate o dia 10 de janeiro mas esse prazo já foi postergado desde o dia 26 de dezembro americanas sem respeito ao seu cliente peço que resolvam o mais breve possível,Negativo
apenas o sistema que não aceita meu telefone anterior isso prejudicou meu Backup....,Neutro
"Perfeito, lindo!!Produto foi entregue  na data e é como eu esperava!",Positivo
na descrição diz  que vai do tamanho 35 ao 38  eu uso 36 e o patins ficou no limite quase não serviu no meu pé alem de ter um formato muito pequeno quando chego achei que fosse de criança mas na descrição não diz nada que é um patins  infantil,Negativo
"Esse gênio que fala com o coração. Já  devorei o Poesia com rapadura,não perco um só  programa Encontro  as sextas feiras para  ouvir uma Pérola que sai da  boca mas que vem do Coração. Adoroooo aprendo muito,sou uma pessoa melhor",Positivo
produto bom gostei atende bem as minhas expectativas recomendo para outros,Neutro
"Só tem nome de Fort, mas a realidade é outra, a posição que ele fica não tem nada a ver e é fraquíssimo. o mais forte é o fraco de um ventilador. Não recomendo.",Negativo
"A cor dourada no interior ficou maravilhosa com a lâmpada que coloquei. Dá pra ver que foi feito com um material muito bom. O produto vem desmontado na caixa, mas é super fácil de montar, e estou super satisfeita!",Positivo
"Ótimo produto só que muito difícil de encontrar nas lojas convencionais ,entrega muito rápida",Positivo
"Olá, boa noite. Recebi antes do prazo estipulado. Gostamos demais dos produtos, mas sugiro que o banquinho seja acolchoado.",Neutro
"Deixaram meu produto nos Correios é o que dizem me deram um código de rastreio que dá inexistente,aí eu não tenho como saber em qual agência devo retirar o produto o código está errado e eu só consigo retirar o produto com o código de rastreio mas tem que está correto então eu não posso avaliar algo que não recebi.por favor me enviem o código de rastreio certo e me informe em qual agência devo retirar o produto.",Negativo
"Recomendo. Entrega feita com 9 dias depois da compra. Com bons recursos. Leve, bonito e simples.",Neutro
Ele é um pouco  duro e a espuma  e bem  fininha e a custura  está soltando  na parte de baixo,Negativo
Substitui tranquilamente os aspiradores grandes e pesados,Positivo
"Produto muito bom, Tela fantastica. Camera Sensacional. Supera todas as expectativas. Excelente custo beneficio",Positivo
"Não posso avaliar o produto ainda não recebi , fiz a compra em 27/2/18 e até hoje não recebi o produto .",Neutro
Produto simples de configurarfunciona bem o sinal.,Neutro
"Produto é de excelente qualidade, prazo dentro do programado.",Positivo
Ia comprar mas preferi beber a cerveja no bico da garrafa.,Neutro
"COMPREI O SOFÁ DIA 25/11/2017 , ATE HOJE NÃO CHEGOU . ESTA EM TRANSPORTE TEM 20 DIAS. AGONIA .",Negativo
"Comprei o A9 e estou encantada com ele ..lindo,gigante, moderno,fotos perfeitas, volume super alto , comprem não vao se arrepender... e a entrega da Americanas...como sempre perfeita e super rápida comprei na segunda é recebi sexta de manhã.  FIZ o seguro daqui da Americanas também contra  roubo furto e quebra acidental....Estou amando",Positivo
Produto original e chegou bem antes do prazo estipulado eu recomendo,Positivo
"Produto ótimo, esquenta muito bem e potente também. Chegou bem antes do prazo.",Positivo
"Não recebi meu produto, faz 1 mês que comprei. Infelizmente não tive retorno para saber o que aconteceu com a minha compra.",Negativo
Fiz a compra a cerca de um mês e o produto não chega. Já entrei em contato com a Americanas informando que não tenho mais interesse em recebê-lo.,Negativo
"produto relativamente bom, ótimo custo beneficio, a entrega como já é de costume, sempre antes do prazo.",Neutro
Fazem mais de 1 mês que fiz a compra e até agora nada da entrega e não dão satisfações de nova data já que era pra ter chegado há 1 semana atrás.  A loja não cumpre o prazo de entrega e não dá satisfação ai cliente. Irei pedir reembolso. Isso é um absurdo.,Negativo
Chegou antes do previsto. Amei! Já quero comprar outra kkkkk,Positivo
"Fragancia suave e agradavel, porém com baixa fixação na pele.",Neutro
"O produto recebido atendeu minhas expectativas, ideal para quem não deseja furar a parede de sua casa. Eu recomendo!",Neutro
"Como o título já diz, me mandaram um Cartão de Memória com a nota do smartphone e no código de rastreio e na própria plataforma da Americanas da como produto entregue, lembrando que foi pela loja Joy Place Eletro. Me mandaram uma carta jundo dizendo que é um brinde e que o produto está para chegar, mas o que eu não entendi é o porquê de eles dar um código de rastreamento de um brinde.. Espero providências!",Negativo
A TV atende tudo que colocaram na descrição.. porém deixa a desejar o fato de não ter qualidade de imagem ful HD..,Neutro
"Muito Bom, super fácil de usar ajuda muito no dia a dia",Positivo
Queria saber se esse kit pode colocar no corsa classic 2002 meu carro não é frente de montana,Neutro
A motosserra é potente e parece ser resistente.  Veio com problema na trava da corrente mas o restante tudo certo.,Positivo
"Antena está no bairro ao lado , nota feita a uma semana e não chega em casa , não recomendado um mês para chegar e fora do prazo !!!",Neutro
"Sou resistente a compras pela internet, mas me surpreendeu. Produto veio no tamanho que me atende, cor, e super casou com a proposta de decoração da minha casa no estilo rústico. Agora vou até comprar mais 1 pro outro quarto.",Positivo
"Gostei bastante desta fonte, ela possui um excelente custo beneficio.",Neutro
Hoje 11 dia de atraso na entrega. Sem retorno da Americanas.,Negativo
"Não funciona, usei quase todo o pote fazendo dieta e não fez efeito",Negativo
gostei muiito do produto boa para trabalhos rápidos.,Positivo
"Deixa seus cabelos lisos e sedosos, indico , MT bom.",Positivo
"Após quebrar algumas jarras de cafeteiras que tive, foi uma boa aquisição esta de jarra de inox. Leve, fácil de lavar, resumindo, prática. Só não a avaliei como ""excelente"" por causa da tampa da jarra ter vindo com defeito, mas não afetou no desempenho da saída do café.",Neutro
Comprei para minha mãe. Mais acompanho ela usando ótima câmera bateria nem se fala.,Positivo
Essa marca já é antiga aqui em casa. São colchões que duram uma vida. Só renovamos com a mesma marca. Colchão bem resistente e durável. Chegou bem antes do prazo. Tudo ótimo!,Positivo
Produto de excelente qualidade... entrega super rápida.!.!,Positivo
"como faco pra devolver o produto, ja que, o mesmo nao corta pelo nenhum.",Negativo
Produto Pirata.  Isso é o que dá vender para essas empresas o nome das americanas.... quero ver vocês publicarem isto para os outros clientes.,Negativo
"Ficou parado mais de 10 dias antes de postar, mamdaram a cor errada e nem se desculparam, nao é o tecido m a gratura correta, péssimo",Negativo
Um produto que não é caro e ainda assim muito bonito!armário é muito bonito!,Positivo
"A bíblia é muito bonita, mas eu esperava que fosse maior, e a sua letra não é grande como diz na capa. Para quem quer comprar uma bíblia de letra grande não recomendo essa !",Neutro
O produto foi entregue com defeito. Não funciona. As luzes não ascendem. Péssimo. Quero devolver.,Negativo
"O produto não veio na embalagem original, veio muito mau embalado, super decepcionada com esta compra",Negativo
não recebi meu produto ainda-------------------------,Negativo
Não tem nem o que falar foi tudo como eu esperava otimo,Positivo
"Super pratico e potente, fácil montagem. Um pouco barulhento, achei que fosse mais silencioso. mesmo assim valeu o investimento. Entrega muito rápida, alem das minhas expectativas. Realmente entrega em casa e não nos correios como tem acontecido em outros sites. Realmente Satisfeita.!!",Neutro
"a prancha esquenta só um lado ,outro nao , comprei o modelador azul que tava mais caro do que o preto ,por que seria a mesma marca da chapinha ,veio outro mais barato e não consigo fala no telefones ,infelizmente primeira vez que comprei na americanas ,e já aconteceu isso ,não compro mais e já reclamei no reclame aqui,.",Negativo
"E ainda atrasar é muita brincadeira com o consumidor!!! Mas como consumidor não representa nada pra vcs, ao menos eu não compro mais nada!!! Obrigado.",Negativo
"chegou em minha casa antes do tempo , porém o produto veio com defeito , totalmente insatisfeito",Negativo
Boa aquisição e 100% dentro das expectativas. Só isto.,Positivo
"Prezados, apesar de especificar nos dados técnicos como 1,50 m, na imagem ilustrativa da comoda aparece uma imagem dizendo ser de 1,20 m.  Qual o tamanho correto?",Neutro
Ótimo produto / Rápida entrega / Recomendo / Comprei mais duas / Funciona perfeitamente tanto cabo quanto pelo wi-fi.,Positivo
"O produto veio em boas condições, apenas nas laterais que notei um leve amassado. Mas chegou dentro do prazo e estou muito satisfeita com a compra.",Positivo
Não chegou o produto e no site informava que já tinha sido entregue.  Constrangedor !,Negativo
Atendeu o que eu esperava.Atendeu o que eu esperava.Atendeu o que eu esperava.Atendeu o que eu esperava.Atendeu o que eu esperava.,Positivo
Sugestão  uma escala nas laterais. Mas faz um bom trabalho. Meu marido gostou.,Neutro
"muuito demoro para chegar e quando chego nao liga monitor ,comprei ate novo monitor pencei que problema e esse,servi so como abajur vermelho,vo devolver,nao tenh manual e supporte fala que vai entra em contato mas passa dias e nao vai ser posivel devolucao so enrola(",Negativo
"Comprei este produto pela internet, em um quiosque localizado dentro da loja física Americanas, no Shopping Aricanduva no dia 21/12/2017. Paguei pelo produto mais a entrega no meu endereço residencia, porem não recebi o produto em minha residencia, tive que buscar no correios, gastei com gasolina e estacionamento quase o valor da compra, sendo que já tinha pago para receber em casa.  A empresa alega que não tinha como saber da restrição de entrega no meu endereço e que eu teria que reclamar no Correios. Pesquisei no site do Correios e verifiquei que informam sim, tal restrição, portando a empresa falta com a verdade. Quanto a ter que reclamar com o Correios, não os contratei, sim a empresa. Solicitei a devolução do valor pago pelo frete conforme determina o Código de Defesa do Consumidor, mas a empresa se nega a tal devolução, fica tentando jogar a responsabilidade para o Correios, que tem responsabilidade sim, mas para com a empresa que o contratou, portanto, cuidado ao comprarem este produto.",Negativo
"o produto é bom e funcional, mas precisa de um melhor acabamento.",Neutro
"não recebi o celular, mais com as configurações já é bem desejável, além de se destacar contra os outros produtos da concorrência ele é de uma marca bem conhecida e respeitada, Sony melhore mais e mais :)",Positivo
"Não posso avaliar algo que nao recebi. Faz 15 dias que não muda o status da minha compra, entro em contato com a americanas e nem se que respondem.",Negativo
"Produto sem cheiro. Tenho gatos no apto e minha maior preocupação sempre foi o odor forte das tintas acrílicas. Essa tinta é excelente! O cheiro é suave e vai embora rápido. Rende bastante. Desde que conheci essa tinta, não troco por nenhuma outra!",Positivo
Estojo com um bom espaço e essas 3 divisões excelente para separa e organizar.,Neutro
Apesar de ter chegado após o prazo e não poder ter dado como presente de Natal.  Tela enorme!   Vale muito a pena para quem gosta de assistir vídeos no celular.,Neutro
nada a observar sobre o produto. atende satisfatoriamente.,Neutro
Não tenho condições de avaliar o produto devido ao fato de não te-lo recebido.,Negativo
Muito bom obrigado e bom de mais e muito bonito mesmo,Positivo
Chegou ates do prazo.Me ajudou bastante...Recomendo,Positivo
Infelizmente um dos Amortecedores veio com defeito de fabricação. Já entrei em contato com os responsáveis e estão providenciando a troca do Produto.,Neutro
"Entrega rápida, produto espetacular, linda imagem... estou encantada com minha tv.",Positivo
Produto bom e rápida entrega. Re comendo a compra.,Neutro
"Suspiro... investi o dinheiro mas o produto não atendeu à minha necessidade. Achei que a luminosidade seria suficiente, mas não é, e perdi o prazo para troca pois utilizei o projetor em sala de aula quase um mês após a compra.",Neutro
Empresa comprometidas e entrega o produto original,Positivo
"Bastante triste com americanas, fiz o pedido dia 22 de abril com previsão de entrega para o dia 09 de maio e até hoje não recebi. Sinto muito mas não indico americanas para ninguém.",Negativo
Como sempre a entrega ocorreu dentro do prazo certo. Quanto ao produto ainda não abri para usá-lo.,Neutro
Equipamento de péssima qualidade veio com a lâmpada queimada.,Negativo
O produto não foi entregue comprei dois produtos um produto chegou que foi entregue pela americanas esse aparelho de wifi não foi entregue,Negativo
"Produto de fácil configuração, tanto que configurei pelo celular. O range de sinal funciona muito bem. Ótimo alcance mesmo com barreiras!",Positivo
"Produto muito bom , chegou antes do prazo. Super indico!",Positivo
Um fogão básico mas que atende muito bem as principais necessidades.,Neutro
"Produto ótimo, conforme o enunciado...rapidez na entrega, Americanas novamente de parabéns.",Positivo
LOJAS AMERICANAS SOU CRIENTE A MUITO TEMPO TODAS AS COMPRAS QUE JA  FIZ NEM UMA FOI DEVOLVIDA .ATENDIMENTO DE PRIMEIRA  QUALIDADE. AMERICANAS A LOJA QUE EU COMPRO MAIS .SEM MAIS.,Positivo
"Como posso avaliar uma coisa que ainda não recebi??? Já paguei a parcela e o produto até agora nada!!!!   Abri reclamação no site, mas até hoje sem sucesso na resposta.",Negativo
Excelente o smartphone. Otimas fotos. Recomendo a todos.,Positivo
"Supriu todas as minhas necessidades. Simples, rapida, pratica.",Positivo
Comprei conectei e simplesmente não funciona em meu MAC MINI :(,Negativo
Bom para fazer vitaminas e shakes. fácil de limpar após o uso (que é o problema de liquidificadores maiores para bater uma vitamina apenas) Design bonito. Potência OK para triturar gelo.,Neutro
"O produto fala por si só!! O que realmente me impressionou a rapidez da entrega!! Essa sim, fiquei muito satisfeito!!",Neutro
"Bom custo x benefício, mas demora muito pra chamar. As pessoas reclamam q demoro para atender mesmo qdo atendo no primeiro toque",Neutro
Microfone nao funciona Microfone nao funciona Microfone nao funciona,Negativo
Produto  muito bom e entrega  excelente  mais que o esperado  entrega era pro dia 29/03 e entregaram dia 12/03 loja excelente. Muito obrigado.,Positivo
recomendaria a outras pessoas a comprarem o produto,Positivo
"Produto muito bom com boas cores ,único ponto negativo o frete achei muito demorado por ter sido quase 50 reais.",Neutro
"Fiz a compra do aparelho na cor Branco, porém me enviaram Preto e vermelho. Aparentemente o produto é bom, porém fiz a devolução, pois não gostei da cor.",Neutro
"embora a entrega tenha passado muito da data prevista, o produto atendeu perfeitamente as expectativas.",Neutro
"estou muito insatisfeito... comprei a mais de um mês , e não recebi ainda....!",Negativo
Gostei do produto vale a pena comprar cumpre com o prometido,Neutro
"As peças do aparelho poderiam ser mais resistentes,  no primeiro dia de uso consegui quebrar uma peça de aparar a barba !",Neutro
"Tem bom acabamento, mas não passa estabilidade e segurança. Estrado Frágil!",Negativo
........................................................................................................................,Neutro
"Comprei este filtro no dia 19/12/2017, c om entrega prevista para 12/01/2018. Hoje dia 14/02/2018, não recebi o filtro. Já liguei varías vezes, já mandei emails. Alem de não me entregarem, também não devolvem meu dinheiro. A única resposta que dão é que em dois uteis, resolvem. Sinceramente, não entendo como é contado esses dias utéis, pois isso já vem desde 13/01/2018. Complicado. Pois se paguei, quero receber, ou o dinheiro de volta ou a mercadoria. Geralda",Negativo
O notebook não realiza bem funcões básicas de um notebook qualquer. Ele é extremamente lento e demora até pra abrir uma página na internet. Não recomendo. Tenho uma prima que tem um igual e reclama da mesma coisa.,Negativo
Já tive antes e quando perdi o outro optei por comprar um igual. A entrega foi rápida.,Positivo
"Apesar do meu pedido ser preto e branco, veio na cor branca e gostei pois combinou com a minha cozinha.",Neutro
"Falando quem recebeu o produto: ""Adorei o produto. Até agora não demonstrou nenhum defeito achei muito bom comparado aos outros celulares que já tive"".",Positivo
"Cuecas boas, porém para meu filho que normalmente veste P, não deu ... Enorme mesmo... passei para uma amiga que o filho é mais gordinho... no meu que é bem magrinho nao deu, infelizmente...",Neutro
Ainda não comprei mas gostaria de saber c  tem da cor preta???,Neutro
"Estou satisfeita com o produto; muito bom, pequeno, leve... Mas acho que a água poderia sair mais gelada.",Neutro
"Não é a maior qualidade, mas muito bom referente custo e benefício",Neutro
"muito boa, pena que no meio nao assa muito bem, tem que ficar mexendo para assar por completo.",Neutro
O protetor de cinto é bom porque proteje a roupa do atrito com o cint.,Positivo
Quero saber se o controle vem o botao proprio p os aplicativos?,Neutro
"Produto faz o que propõe, estou satisfeita. As instruções estão vários idiomas, menos em português, ponto negativo, vem com um cabo USB e não consegui entender para que serve se tem compartimento para pilhas",Neutro
"É de grande utilidade este produto. O vendedor é ótimo, pois entregou o produto até antes do prazo.",Neutro
"Chegou antes do prazo, superou minhas expectativas... carrega Rápido, sem falar nos atalhos q ele tem para ir para câmera, ligar e desligar o flash.... Eu simplesmente amei... Recomendo!!!",Positivo
"Não recebi produto. Depois de uma espera de 38 dias, pedi o cancelamento, pois já tinha passado o passo de entrega. Um descaso do consumidor, por colocar lojas parceiras que não cumprem corretamente com o consumidor.",Negativo
"Gostei do produto ,tanto pela qualidade do som quanto pelo design",Positivo
"Produto excelente, cumpre com o prometido no anuncio e mais um pouco. No quesito custo beneficio vale muito a pena comprar este equipamento simples e eficaz. Unico problema é o consumo de internet fora do Wifi, mas tá valendo.",Positivo
"Serviço horrível, não recebi até agora meu perfume, ninguém entrou em contato comigo, já deixei varias mensagens, suporte horrível!",Negativo
ainda não usei por isso não tenho que falar muita coisa sabre o produto,Positivo
"Além do mais a empresa (fabricante) não tem nem site. Tudo o que diz respeito a essa empresa que o google mostra não existe mais. MUITO RUIM,",Negativo
Ótimo Custo Benefício. Pois Atendeu Perfeitamente Minha Necessidade.,Positivo
"O bebedouro no geral está servindo bem. Porém, a torneira da água gelada saí muito pouca água. Acredito que por conta do reservatório ser pequeno. Demora um pouco para encher o copo e as pessoas acabam bebendo natural.",Neutro
"Produto bom, cumpre todas as especificações indicadas no anuncio, e entregue dentro prazo.",Positivo
"Houve extravio durante o transporte, mas tudo foi solucionado",Positivo
"Perfume é do gosto de cada um, de qualquer forma, a fragrância desse é bem suave e refrescante. Super recomendo para o clima quente do verão carioca.",Positivo
"Menor do que eu esperava, mas produto muito bonito",Neutro
"Meu livro não chegou, já mandei mensagem e o vendedor não respondeu. Já paguei e não recebi a mercadoria.  Me sentindo roubada.",Negativo
"Não é atoa que está barato, comprei 5 potes e 1 Force 220v por R$122,99.Já estou tomando a 1 mês e ate agora sem nenhum efeito. Fiquei muito insatisfeita e não recomendo a ninguém. Verifiquem a procedência antes de comprar.",Negativo
"Espero um dia poder comprar mais uma! Excelente qualidade, ótimo custo benefício!",Positivo
"A tv é lenta para mudar de canal, processamento para entrar sair dos acessos a internet é lento, trava, acessa paginas na internet, Facebook, Google, vixi ,esquece muito lento, trava, volume trava tbm, canais abertos, tv apaga sozinha , canais congela, uma dor de cabeça, lamento, é incompatível com o design da tv, nã recomendo.",Negativo
"Meu pedido não chegou estou esperando resposta vou procurar meus direitos,muita demora no atendimento , ninguém me deu uma resposta sobre isso e até hoje duas semanas de atraso",Negativo
Produto muito útil e pratico no dia a dia. Muito satisfeita,Neutro
"O Balde e menor do que imaginava, mas e um bom produto",Neutro
"Chegou dentro do prazo , capinha bonita de plastico, leve , a impressão está bonita , não ta 100% igual da foto , mas é bonita ..",Positivo
Produto chegou dentro do prazo obrigado pela atenção!,Neutro
"Eu achei que era grande mas não é grande mas também não é pequeno... fala bem, mais que essas caixinhas chinesas réplicas jbl. Bem embalado.  Pelo preço é uma ótima compra.",Neutro
Voces não mantem contato com o cliente. Seu sistema de atendimento eletrônico não permite que passemos nossa opinião. Vi meu produto ser enviado para destino completamente diferente do meu e vocês não conseguiram visualizar. E lamentável que isso tenha ocorrido e vocês ainda não terem percebido me pedindo para avaliar um produto que vocês não entregaram.,Negativo
"A utilização do aparelho é simples e muito eficaz, quase não se sente a depilação. Além disso possibilita economia de gastos com depilação profissional. A entrega foi muito rápida, recomendo!",Positivo
"Produto com acabamento grosseiro , péssimo acabamento,  pintura com falhas em determinadas partes, madeira não foi nem lixada para de ser pintada , não tem nada a ver com o que apresenta na propogana, embora sja bem robusto mas é um produto que visivelmente qualquer pessoa percebe a falta de acabamento.",Negativo
"Empresa anuncia rastreador 303 porém entrega o rastreador tk103b. Não recomendo essa empresa, se eu quisesse comprar esse rastreador, pagaria um valor bem menor.",Negativo
"Poderia ter um pouco mais de profundidade ,  uns 06 cm.",Positivo
Foi entregue na minha casa dia 14/07 e no começo de dezembro ela quebrou e só meu filho de 7 anos que usava. Reclamei e a empresa me disse que só tem 3 meses de garantia. Vou acionar o procon porque isso é um verdadeiro descaso com o consumidor  sendo que na página de compra não tem nada informando que são apenas 3 meses. CADEIRA LIXO!!!!,Negativo
Bom produto e entregue o prazo. Nada mais tenho a dizer.,Positivo
"Estou esperando pela entrega, pelos requisitos esse produto tem tudo pra ser um bom notebook, na Espera do produto para avaliá-lo melhor, custo beneficio em conta...",Neutro
"É um bom produto, poderia ser um pouco melhor mais resistente, mas é um bom produto sim.",Neutro
Atende todas as especificações de acordo com o anunciado.  Entrega dentro do prazo estabelecido,Positivo
uma mentira nao vem adaptador nao nem de wiff e rca uma mentira e nem nota fiscal americanos agora sonega imposto de renda,Negativo
"O fone é ótimo, muito confortável e não aperta demais como outros que já tive. A acústica é ótima e o som muito bom! O fone é muito bonito e pelo preço uma excelente compra, conecta rapidamente com IOS ou Android. Bateria dura muito e em termos de design não perde em nada para JBL ou Beats. Estou muito satisfeito com a compra e certamente compraria de novo porque o produto superou minhas expectativas. Site Americanas.com não precisa de indicações, simplesmente o melhor pra comprar na internet.",Positivo
"Comprei as banquetas achando q seria muito fracas pq em comparação aos preços de outras loja aqui na minha cidade a diferença é muita grande de valor, quando chegou fiquei surpresa com a qualidade, produto bom, sem nenhum defeito e entregaram bem antes do prazo estipulado, então eu recomendo muito. Pq é um produto bom e barato.",Positivo
"Realmente a sucção e o sopro são muito fortes, fiquei impressionado. Produto resistente, bem acabado, a extensão é bem grande, enfim, não tenho do que reclamar.",Positivo
Não é um aparelho com um scanner muito específico.,Neutro
"No momento ""bom"", fácil manuseio, mais a frente se necessitar de mais recursos, provavelmente trocarei por um k8 ou k10.",Neutro
"A cobrança, como sempre, foi imediata. A promessa de entrega foi com prazo longo (compra 27-11-2017 entrega prometida para 08-12-2017). Porém, produto foi entregue somente no dia 14-12-2017, pois a compra ficou parada na emissão da nota fiscal. Foi preciso AMERICANAS interferir junto ao fornecedor, que não se manifestava, para que o processo fosse finalizado, ocasionando transtornos, pois tive que cancelar compromissos para poder aguardar a entrega do produto.",Negativo
Não recomendo o produto para quem trabalha muito tempo sentado. A cadeira não é confortável o suficiente para longos trabalhos no computador ou atividades de escritório com longo tempo sentado.,Neutro
Era exatamente o que eu esperava. Valeu a pena. Recomendo.,Positivo
ÓTIMO PRODUTO RECOMENDO PARA QUEM ESTÁ EM BUSCA DE UM CELULAR.,Positivo
"O produto não funciona direito, se andar de bike no sol com ele, da pane, muito ruim mesmo, pelo menos não é muito caro não perdi muita grana.",Negativo
Gostei. Recomendo a todos. Sem falar q ele é bem alto.,Neutro
Fiquei na dúvida quanto a originalidade do produto. A embalagem veii completamente diferente do anúncio. Ainda não testei.,Neutro
Chegou antes da data de entrega super fácil a montagem minha filha adorou execelente produto,Positivo
"Não consigo usar,manual não é claro.ja tentei várias vezes e não dá certo.",Negativo
"Fácil manuseio, facilita muito o trabalho de varrer, eliminando o uso da pá.",Positivo
Os encaixes dos potes são frágeis. O local para encaixe do creme dental é estreito para os tubos de hoje.,Neutro
"Comprei e não me satisfez ,atém de não gelar bem tem muita pouca pressão.",Negativo
"Não entendi, na imagem a fita é de 12m, mas na descrição está 3m.",Negativo
Gostei muito do produto é  leve e prático de carregar,Positivo
Carregador incompatível com as tomadas aqui do Brasil,Neutro
Ela não aliza bem o cabelo .na descrição do produto não diz que ela e ufree,Negativo
"""Informações do produto O Projetor Musical Mickey Branco e Azul - Disney é uma acriançada quebra cabeça que irá levar muita diversão para a sua criança! Ela irá projetar as imagens do personagem Mickey e sua turma em quanto isso, a criança irá houvir músicas alegres da Walt Disney World!""",Neutro
"O produto foi entregue rapidamente, ainda não recebi a nota fiscal por e-mail como de costume, porém não está descrito no produto a marca do fabricante FAK, tem apenas 3 pontos de ventilação, dois nas laterais e um na traseira. O produto é todo em inox, não existem partes de cor preta. A potência é boa.",Neutro
"Além de chegar no prazo, a minha filha gostou muito do produto.",Positivo
É um ótimo produto e atendeu minhas expectativas. Recomendo a todos,Neutro
"Brinquedo chegou quebrado. Não funciona.  Agora tive que devolver pelo Correio.  No final, compra pela internet acaba dando mais trabalho do que comprar numa loja fisica. Agora tenho que esperar pra ver como vão resolver meu caso. Vão trocar o brinquedo ou devolver meu dinheiro?",Negativo
"entrega dentro do prazo, produto atendeu a expectativa",Positivo
"O sapato é bonito, bom acabamento, porém ENOOOORME, solicitei a troca para um numero menor, nao tinham e com isso solicitei a devolução do produto e até agora nada de retorno.  Péssimo atendimento e primeira compra que faço pela americanas que me arrependo profundamente. Não recomendo!",Neutro
Esse produto é  matizador??fiz a compra e To na dúvida,Negativo
"bomba muito boa é a segunda que comprei, uma em loja fisica e esta pela internet com a diferença de 116,00 reais",Positivo
produto exelente.mas a tv tem que ter duas ou mais entradas de hdmi. tive que comprar um aaptador. parabens a americanas pela rápida entrega.,Positivo
"chocolate muito saboroso, recebi bem embalado, capricho total, loja parceira Catelândia nota 10!",Positivo
Quero saber se  é de ilha ou parede??? Porque na descrição não fala.,Neutro
"O aparelho é simples e cumpre sua função. Volumes de toque e audição são bons.  Iluminação do teclado é um diferencial para ambientes escuros.  A base é uma peça plástica apartada do telefone, e o espaço para esconder o fio em seu interior pode ser insuficiente caso a aplicação seja numa parede com a tomada de telefone próxima.",Neutro
"Custo benefício se equivalem. Produto com excelente bateria, responde rápido aos comandos, fiquei satisfeito.",Neutro
A mochila é bem espaçosa e bonita. Meu filho gostou bastante.,Neutro
Produto com defeito e assistência ficou de me passar uma rota para definir o dia q irá tentar resolver... Muito insatisfeito!!!,Negativo
Bom dia.  Como vou avaliar se nem recebi o produto?  Falta organização.,Negativo
Chegou rápido e o celular é tudo aquilo que eu esperava. Estou muito satisfeito com a compra.,Positivo
"acabamento não é dos melhores, mas nada que interfere na qualidade",Neutro
como posso avaliar um produto que nao recebi e nem posso acompaha-lo ja tem mais de um mês e o produto nao saiu da nota fiscal vou canelar a compra se eu nao tiver resposta do meu produto esta para comprar outras mercadorias nas americanas mas nao sei se posso confiar se vou receber o produto,Negativo
Podia melhorar no frente achei caro  mais restante tudo otimo,Neutro
"Péssimo produto. 1 semana ja descosturou.  Vale mais a pena investir em um produto um pouco mais caro, pelo menos vai durar.",Negativo
"Muito bom, o tamanho é ótimo para 2 crianças, a velocidade, o design, tudo lindo. poderia ter um indicador de uso da bateria para facilitar.",Positivo
Produto muito bom dentro de tudo que diz a respeito parabéns!,Positivo
"Comprei esse aparelho como um tocador de CD/DVD em julho de 2017. Em janeiro de 2018 o aparelho simplesmente parou de funcionar. Tentei contato com as Americanas, que me deram o número do SAC da fabricante. Na Lenoxx, expliquei a situação e me disseram para procurar uma assistência técnica porque o produto estava fora de garantia (6 MESES!!!!!), e que deveria fazer um orçamento. Achei mais fácil comprar um aparelho LG de uma loja concorrente. Lixo puro. Não caia nessa!!!!",Negativo
A qualidade da garrafa é boa porém o borrifador passou de funcionar no mesmo dia. Fiz a reclamação e me disseram que vão  trocar a garrafa.,Negativo
A entrega foi no prazo.Produto chegou em perfeitas condições.Fácil manuseio.Satisfeita.,Neutro
"comprei pelas americanas e amei,não tenho problema com o site,enho problemas com suas parcerias,que não cumprem com a data. Mas de resto ,compro e comprarei novamente nas americanas.",Positivo
"O produto é pessimo, ão é original como o anuncio diz, e veio com o cabo partido.  quero meu dinheiro de volta ou irei entrar com uma ação!",Negativo
"É um equipamento fácil de instalar.Não ocupa muito espaço. Muitas vezes trava na hora que estou assistindo videos ou músicas. Provavelmente tem a ver com produto porque a rede do wife é ótima. O controle remoto é horrivel. Preferi conectar um mouse para manusear. Ficou bem mias prático. Pra quem deseja assistir filme no netflix ou acessar o youtube, é uma boa escolha.",Neutro
"Comprei o fone, ja veio com o fio quebrado, a qualidade do áudio é horrível, e o plástico  utilizando e tão ruim que dá até medo de pegar no fone de tão frágil.",Negativo
"O perfume é maravilhoso, só a entrega que deixou um pouco a desejar..",Positivo
Aparelho simples e cumpre com o esperado. Bom custo benefício. Recomendo.,Neutro
Seria melhor se as informações do produto  vivessem em português mesmo assim cumpre o que é prometido..até agora usei 1 vez e funcionou bem,Neutro
"O preço  foi super maravilhoso, produto excelente, sem dúvidas, foi uma ótima compra. Recomendo à todos, não irão se arrepender.",Positivo
"Eu simplesmente ameiiiii!!! Produto de qualidade e além de muito bonito, entrega antes do prazo!!!",Positivo
"Produto de excelente qualidade, com certeza recomendo a quem queria comprar ..",Positivo
"Produto bom , chegou antes do prazo , porém veio meio aberto a parte do ""secador"" , parece que caiu no chão e abriu  . Testei uma vez e está funcionando . .",Neutro
"Ótimo custo beneficio Som de boa qualidade,o cabo é bem comprido e trançado pra evitar danos. Muito confortável,bonito e prático",Positivo
Comprei esse telefone 26/12/2017 no site das americanas mas pela loja MELHOR PRA VOCÊ! PÉSSIMA POR SINAL PORQUE ATÉ HJ NAO RECEBI MEU TELEFONE!!!!!!!!!!!,Negativo
Mais um ótimo item para colecionador. Acabamento muito bem feito e resistente. Recomendo,Positivo
"Super recomendo, ótimo custo beneficio! cabe bastante coisa! Móvel igual da imagem. Sugestão: poderia ter mais gavetas e os espaços entre as prateleiras poderia ser menor para melhor uso. Porém, do jeito que esta atende muito bem as necessidades!",Positivo
"Muito bom, tamanho ótimo e a entrega super rápida antes da data previstas",Positivo
O produto é de ótima qualidade e chegou bem antes do prazo,Positivo
A entrega foi excelente é o produto chegou em minha residência com total qualidade!,Positivo
Na imagem porca que trava o banco vem modelo diferente. Está da imagem é melhor da que bem junto com o a entrega de frabrica.,Neutro
"Somente uma observação, o produto veio na cor errada. Mas decidi ficar com ele mesmo assim, para não perder mais tempo na troca. Quanto ao produto em si, ele atende bem a necessidade ao qual se destina. Ótima qualidade.  Estou certo de quem o adquirir ficará muito satisfeito.",Positivo
Gostei e recomendo !!!!!!!!!!!!!!!!!!!!!!!!!!!!!!!!!!!!!!!!!!!!!!!!!!!!!!!!!!!!!!!!!!!!!!!!!!!!!!!!!!!!!!!!!!!!!!!!!!!!!!!!!!!!!!!!!!!!!!!!!!!!!!!!!!!!!!!!!!!!!!!!!!!,Positivo
Produto Simples mais de boa Qualidade 100% Aprovado.,Positivo
O produto veio rápido mas já veio quebrado gostaria de saber se dá para trocar porque ainda nem paguei nem usei,Negativo
O aspirador eh muito forte e muito eficas eu gostei bastante disso,Positivo
O produto é bom não tenho o que reclamar até agora,Positivo
A pessoa que ganhou o presente não gostou da qualidade do som e da imagem.,Negativo
"Excelente smartphone e recebi  dentro do prazo estipulado e foi uma experiencia maravilhoso, recomendo o smartphone e tambem a compra via americanas.com.br.",Positivo
Excelente produto para o desenvolvimento do bebê. Recomendo a todos.,Positivo
Gostaria de saber se este produto é  original? Por que eu tenho interesse em comprar,Neutro
"O embrulho para presente chegou todo amassado, porém chegou no prazo.",Negativo
"Quando fiz a compra do produto, o tempo de entrega era de 5 dias úteis, já se passaram 10 e até hoje não o recebi. Obs: Assim que finalizei a compra, o tempo de entrega mudou, creio eu que para mais de 10 dias úteis.  Absurdo!",Negativo
Falta somente uma alavanca lateral para controle da retracao porem o produto corresponde as expectativas.,Neutro
Atende às necessidades assim como o original. òtimo custo beneficio,Neutro
Gostei muito do produto e pq chegou bem antes do prazo...,Positivo
"Design sofisticado, tela com cores vivas e brilhantes. Desempenho ótimo e chegou antes do prazo.",Positivo
NÃO RECEBI PRODUTO.NÃO RECEBI PRODUTO.NÃO RECEBI PRODUTO,Negativo
"A entrega chegou muito antes do previsto, e o produto é maravilhoso",Positivo
"Este é um bom toner! Possuo a impressora Brother HL-1202.  As impressões saem com boa qualidade, seu preço é ótimo, comparado com o original, vale a pena utilizá-lo.",Neutro
"Produto bom, mas pena que veio com a data de validade muito próxima do vencimento!",Neutro
"infelizmente já no 5º més de uso não dava uma carga inteira no meu celular, e hj (9º mes de uso) ele não funciona mais, PAROU! não comprem não presta!",Negativo
"Bom chegou antes do prazo , mas não veio na embalagem original",Negativo
Bastante funcional. Uso pratico para proteger e carregar acessórios.,Neutro
...................     ..........gdssdfhhbcxxxxvbjjnvvvvbbbbbvxfvhbbbnncftg,Neutro
Vou bebedouro estava sem cair água por o filtro está entupido. Comprei esse é voltou a funcionar normalmente.,Neutro
"A malha não é das melhores, deixa a desejar. Só vale a pena na promoção.",Negativo
"Muito bom o livro, meu filho gostou, só ficou chateado por não vir os cards.",Neutro
Produto ok. Prazo de entrega razoável. Funcionou bem. So achei o Lay out pouco fiferente das fotos mas o produto funciona bem.,Neutro
Americanas me deu um prazo na compra e outra no pos compra. Precisei entrar em contato 3 vezes para receber uma resposta. Próxima compra será em outra loja.,Neutro
Esse copo Walita nao eh igual ao original. Eh similar e a estrutura parece ser mais frágil. Funcionando adequadamente mas achei que estivesse comprando copo igualzinho ao meu que quebrou.,Neutro
"Adorei o mop giratório da Flashlimp. O produto é de ótima qualidade, prático, limpa demais e dispensa a torção manual, ou seja, dispensa a mão na água suja. Só o cabo que podia ser uns 10,0 cm mais longo, mas isto não compromete a funcionalidade. Não fico mais sem este esfregão!!! Já é o meu queridinho!!",Positivo
"Uma das ponteiras veio faltando das cadeiras, sinal que não estava presa pode ter caído e não houve verificação antes até a entrega, não estava na caixa.",Neutro
Quero meu dinheiro se volta. Só isso!! Seu parceiro não me entregou o produto. To em processo de devolução do meu dinheiro.  E vcs sabem disso!!,Negativo
"Gostei do produto, acredito que vá atender bem as minhas necessidades domésticas.",Neutro
"a entrega foi super rápida , otimo produto, recomendo a loja , sempre comprei na americanas e com certeza voltarei a compar",Positivo
"Produto muito barulhento, demorado para aquecer a água. Comparei lado a lado c produtos similares da Britânia e outra da Philips; o da Cadence é disparado o mais barulhento e demorado.",Negativo
"Atende perfeitamente sua função, compacta e otima impressão.",Neutro
muito chateado com as americanas paguei frete de 3 a 5 dias uteis   me entregou no 12 dias uteis ai ligo na central deles p reclamar e pedir o valor do frete de volta fica me enrolando 2;30 hs no telefone me fazendo de palhaço n compro mais nas lojas americanas NUNCA MAIS!!!!!,Neutro
o  s7 é ótimo o poblema é a pelicula  de proteçao que nem uma presta,Positivo
Me parece ser um bom produto pois não conheço outras marcas  assim sendo até então funcionou muito bem não teve nenhum problema,Neutro
"Um produto que atende as necessidades, sem contar que cabe em qualquer bolsa ou repartição.",Neutro
Pois recebi só uma de duas peças. E até hoje não recebi retorno nenhum vou procurar meus direitos. To pagando pelo os dois e não recebi os dois.,Negativo
"Ao abrir a caixa e retirar o balde já notei que estava quebrado bem no suporte que suporta o cesto de inox, o qual tenho certeza que na primeira centrifugada do esfregão iria cair para dentro e não haveria como usar mais. Além da qualidade do produto ser baixissima, na próxima vez que comprar algo vou olhar as avaliações, agora que vi que tem um monte de gente que não gosto ou que recebeu o produto com defeito. Já solicitei o meu reembolso. Não recomendo o produto/marca.",Negativo
"Produto de péssima qualidade, é replica. Decepção, sempre comprei nas lojas Americanas e não esperava receber um produto não original.",Negativo
Biblia muito legal superou expectativa que eu esperava.,Neutro
"Bonito, silencioso, refresca bem o ambiente ,gostei muito.",Positivo
"Produto bom, a beteria poderia durar mais.. Acabamento impecavel",Neutro
"Gostei  muito do aparelho, bateria muito boa e ótima performance!",Positivo
Chegou no prazo certo e não deu nenhum tipo de problema.,Neutro
PRODUTO NÃO ENTREGUE NO PRAZO ESTIPULADO 10/05/2018 E ATÉ O PREZSENTE MOMENTO NÃO TENHO NENHUMA PREVISÃO OFICIAL QUANDO O PRODUTO VAI SER ENTREGUE.,Negativo
Muito colorido prende a atenção da criança  e resistente ( o mais importante) rsrs,Neutro
Está travando demais!! Toda hora diz que eu tenho pouco espaço  para baixar aplicativo,Negativo
A saliência de plástico  que segura o fone ao gancho veio quebrada.,Negativo
Produto entregue muito antes do prazo! Qualidade ótima. Preço justo,Positivo
Adorei. Boa pra fazer exercícios físicos e da firmeza na coluna.,Neutro
"Pelo custo benefício, vale a pena o investimento..........",Positivo
"PRODUTO MUITO BOM, eu uso a muito tempo mesmo pelo preço mais em conta do que na própria pagina da Felps espero ter comprado o produto original",Positivo
Celular muito bom recomendo a todos adorei muito eficiente e uma tela 5.5 que eu gosto muito sem palavras!!!,Neutro
"Produto atende as expectativas, processador rápido e imagem muito boa.",Positivo
BOM! RECOMENDO PRODUTO.   MAS A CAIXA VEIO COM MUITO PÓ. É UMA CRITICA CONSTRUTIVA PARA VOCÊS.,Neutro
Produto ainda nao chegou e é impossível falar com a transportadora,Negativo
"O produto nem gerou nota fiscal, faz um mês que fiz a compra e nada de produto",Negativo
"muito util, muito util, muito util, muito util, muito util, muito util, muito util, muito util",Positivo
"Serve para massagear, esta atendendo até o momento...apenas isso.",Neutro
Estou aguardando solucionarem a troca...ate agora nao obtive resposta da loja...primeira vez que me acontece ....nao receber o que nao foi o que realmente comprei...só vou avaliar como convém quando tiver resposta sobre o que houve por nao mandarem esse e sim outro e faltando um dos refil,Negativo
"Ótimo produto, estava num excelente valor, a entrega foi muito boa, estou muito satisfeita com tudo.",Positivo
"Vale a pena bom produto, bonito muito elegante e cumpre o que promete.",Neutro
"o produto é bom, só que eu comprei e ainda não chegou e JÁ PASSOU DO PRAZO , quando chegar talvez eu falo mais sobre as qualidades do produto.",Neutro
"Não possui visor pro timer, e nem botão de pausa/cancela. Acho q isso faz falta. Mas pra quem não se importa, o produto é bom.",Neutro
Funcionalidades como nas versões anteriores. Atendem às minhas necessidades. Bbbbbbbbbbbbbbbbbbbbbbb. Bbbbbbbbbbbbbn. Nnnnnnnnn,Positivo
Boa qualidade do produto e preço justo. Boa qualidade do produto e preço justo. Boa qualidade do produto e preço justo.,Positivo
"Ótimo produto, bivolt, 2 baterias, luz de led, forte,  maleta para guardar. Não deixa nada a desejar para Bosch ou Makita",Neutro
"Muito bom... Prático, fácil de manusear...ótimo para adolescentes que estão sempre conectados...",Positivo
"O produto cumpre com sua função. É silencioso, tem bonito designer, muito prático.",Neutro
Gostei muito do produto. So uma coisa deixou a desejar. A falta da bandeija de residuo. Pois tds q tive veio essa bandeija .so o mondial q nao veio...,Neutro
"Primeiro que o produto veio com pés corretos mas o modelo do criado mudo é diferente do anuncio, ate porque na caixa está escrito gaveteiro e não há perfuração para fixar os pés, por ser de modelo diferente... segundo que o produto embora embalado e lacrado parece ser usado, inclusive cheio de riscos e marcas...e ainda para completar o acabamento do puxador das gavetas veio somente para uma gaveta.... a outra ficou sem... fora que o sistema para abrir e fechar a gaveta é de plástico e não representa nenhuma durabilidade... nunca recebi um produto tão ruim e olhe que pelo preço parecia ser algo de qualidade... infelizmente quebrei a cara nessa compra...",Negativo
"Gostei do produto, um pouco lento no início até atualizar os programas, sistema operacional, mas depois tudo tranquilo, uso para estudos e trabalhos atende bem.",Positivo
"Esse produto se encontra barato pq esta sendo vendido com defeito. Comprei pq acreditei no nome da loja americana, porem ligou apenas duas vezes e não foi possível nem instalar os canais, chegou embalado perfeitamente , não tem arranhões e nem traços que caiu.,porem não funciona. liguei na autorizada dois dias que chegou e ate agora nada... insatisfeita.",Negativo
Não posso avaliar o funcionamento do produto mas o tamanha é excelente.,Neutro
"Bom dia qto a entrega e serviço das Americanas tudo ótimo entregue bem antes do prazo prometido. Qto ao produto é bom porém um pequeno detalhe, pelo valor deveria pelo menos acompanhar a chave de montagem não eu sair atras dela para efetuar  a mesma. Considero isso uma falta de respeito com o consumidor. dentro de poucos meses vou comprar mais 2 para a família, vou considerar esse detalhe. Obrigado",Neutro
"A prancha é bem pequena e é ideal para viagens, ou levar sempre na bolsa.",Neutro
"Após plugar o equipamento no iphone 7 o mesmo foi rejeitado com a mensagem ACESSÓRIO INCOMPATÍVEL COM ESTE EQUIPAMENTO, desabilitando-o imediatamente. Absurdo!!!! O vendedor não testou o mesmo antes de colocar a venda?  Fato muito ruim para a imagem da Americanas.",Negativo
"somente um pequeno comentário, o vidro da tampa fica muito embaçado",Neutro
"Deixei de comprar em uma loja física na minha cidade pois queria esse da foto com o puxador em tecido. Ao chegar era exatamente como o que tinha na loja física, com puxador de plástico. Enganação, e ainda paguei mais caro do que estava aqui na loja.",Negativo
"Meu filho ainda está em adaptação, mas o produto é bom!!",Neutro
"Comprei para presentear meu sobrinho, tenho quase certeza que solicitei a cor preta mas recebi o vermelho, ainda bem que ele gostou mesmo assim.",Neutro
Pra mim  foi regulamentada porque  estou  esperando  a mochila  do brinquedo  da minha  filha mais ninguém  fala nada pra mim,Negativo
Não recebi esse produto!! não consegui falar com as lojas americanas..nem fornecedor do produto!! espero que eles entre em contato comigo!!,Negativo
Comprei duas e fiz um par de brincos para minha esposa.,Negativo
O produto não é eficaz para o que se propõe. Não consegue aparar os pelos de forma adequada.,Negativo
"Numeração pequena, aconselho comprar 2 números acima do que você usa normalmente. Excelente material, costura e acabamento.",Neutro
"horrivel nao chegou e na devolveram me dinheiro, quero meu dinheiro de volta",Negativo
"parece ser melhor que terflon, preço e qualidade muito bom",Neutro
"Muito boa a qualidade,  fácil de usar , prático  Gostei muito",Positivo
A lojas americana não ta me respondeu as minhas perguntas sobre a entrega,Negativo
As panelas são boas porem os potes q vem no kit veem quebrados.,Neutro
Gostei muito estou bastante feliz obg. Estou contente. Muito bom tem bastante serventia e utilidade. Parabens lojas americanas.,Positivo
Produto bom e chego bem antes do prazo super recomendo,Neutro
"Comprei o produto porque senti saudade de jogar, mas achei este jogo muito inferior ao que eu tinha, tabuleiro de papel, notas ruins, Título de propriedade de má qualidade, entre outros... Percebe-se que o produto não é da ESTRELA, mas pra quem quer matar a saudade e se divertir com os amigos vale pensar em comprar.",Neutro
"compramos para o meu filho poder viajar com mais conforto assistindo aos filmes que ele aprecia.  Já usamos durante a viajem de final de ano e ele adorou, muito prático. Entrega entes do prazo.",Positivo
nunca chegou ta com mais de 40 dias uteis e a transportadora nem se ecomoda com nada 0 de eficiência.,Negativo
Entrega super rápida .   Parabéns pela agilidade na entrega e qualidade no produto .,Positivo
"Eu já conhecia, ja tinha usado o BB cream Maybelline, ele é perfeito para o dia e até noite, cobertura perfeita, sem carregar.",Positivo
"Alcance de volume muito bom. A única  coisa que nao gostei muito, é que só fala em inglês, então algumas vezes ou para algumas pessoas pode ser ruim, por nao entender as instruções ditas. Mas mesmo assim consegui usar numa boa hehe",Neutro
"bom dia!! não gostei, produto material ruim, péssima qualidade, esperava algo com mais qualidade e ainda paguei frete ou seja, o frete com o produto daria um a tapete melhor comprado em uma loja física.",Negativo
"design bem padrão da samsung , a câmera traseira è muito boa mas somente quando esta em lugares bem iluminados , já a frontal não espere muita coisa ! de dia não é boa e de noite então , nem se fale , bateria não dura um dia , depois de um ano começa a travar ( algo normal em produtos da SAMSUNG ) mas se você quer um aparelho básico o j5 duos pode ser uma boa opção !",Neutro
O produto em questão corresponde ao esperado. O tamanho é adequando e a funcionalidade satisfaz ao que preciso.,Neutro
"Qualidade do material muito ruim, Devia ter escolhido um mais caro.",Negativo
"Recomendo! Gostei do produto, uso e recomendo a todos.",Neutro
"Violão ótimo sem nenhum defeito, cordas muito macias, afinador funcionando perfeitamente, muito bom, super recomendo, podem comprar sem medo!",Positivo
"Um produto de qualidade, pratico útil eu recomendo tamanho e largura proporcional eu recomendo .",Neutro
Não posso avaliar o produto do jeito que tem que ser por que não usei ainda. Mas parece ser bom.,Neutro
"Gostei bastante da batedeira, principalmente da potência. Fiquei com dúvida na escolha da marca por ser nova no mercado, mas não me arrependo em nada. Excelente produto e entrega tudo o que promete. Já quero outros produtos da linha Masterchef.",Positivo
eu nao entendo como pode ser possivel fzr uma tv dessa sem saida de áudio para um system. uma p2 tao simples escolhi a oled 55 lg mil vzs melhor e mesmo preço! sim aquela porcaria de saida otica n serve a nao ser q vc compre um home.. agora imagina se vc ja tem um som potente como eu pra que diachos ainda vai comprar uma porcaria de sound bar ou home t.?  pra  duvida tenho o cm9960 lg.obg,Negativo
"O produto veio com defeito, o som do vocal está inaudível. Parece ser falso, pois não veio a impressão da marca no produto como mostra na foto de propaganda. Não consegui trocar, pois demorei muito para usar e perceber o defeito. A empresa troca o produto se o cliente reclamar com até 7 dias após a entrega. Além disso a bateria dura muito pouco. Não recomendo!",Negativo
entrega no prazo jogo bom recomendado jogo com um boa jogabilidade,Neutro
"isso é alguma pegadinha ?? tá mais caro que o note 8 , kkkkk",Neutro
"EMBORA NÃO TENHA UMA QUALIDADE ALTA, PARA UM PRODUTO QUE CUSTA 30 REAIS ESTA ENTREGANDO MUITO ALEM DO ESPERADO   PROS>> QUANDO USADO BEM PRÓXIMO A BOCA TEM UM SOM MUITO LIMPO E SEM RUÍDOS, VEM COM TRI-PE, CONTROLE DE VOLUME E SEU FIO É BEM LONGO   CONTRAS>> QUANDO USADO A MAIS DE 20 CM DA BOCA FICA COM SOM ECOADO E SEU TRI-PE TEM UM POUCO DE INSTABILIDADE PODENDO CAIR AS VEZES",Neutro
Poderia ser melhor se tivesse manual em português  O produto em si parece ser bom,Negativo
"Muito bom,estou muito satisfeita!Cumpre o prometido.E muito bonito!",Positivo
"Na minha opinião, o G6 play deu um salto no dispositivo, apesar de ser menor que seus irmãos G6 e G6 plus, Mas recomendo bastante.",Positivo
"quem comprou foi um amigo meu, eu quero saber se ele tem cronometro?",Neutro
"Fiz o meu pedido dia 05/02/18,  contendo três itens, porém a bola de basquete não me foi entregue. No site do correio não está atualizado, portanto não consigo saber nem onde anda esse produto e hoje é dia 06/03/18.",Negativo
"Gostei do produto, mas faltou o varal com as ropinhas, já reclamei, a americana já reconheceu que faltou e ficou de enviar, mas ainda não chegou !!!",Neutro
"recomendo, o produto chegou como esperava e antes do  prazo.",Positivo
"Poderiam dar mais atenção aos produtos de entrega, pois comprei para presente, e agora oq irei fazer com isso!?",Negativo
produto ótimo funcionamento entrega antes do prazo. Muito bom!!! porem não posso falar o mesmo do parceiro das Americanas -  Multisom empresa ruim que atrasa e não atende ao cliente hoje 31/03 já tenho 11 dias de atraso na minha entrega sem justificativas.,Positivo
Alem de não receber o produto até agora não fui ressarcida.,Negativo
"As cores da impressão não são fiéis, O custo benefício não vale a pena",Neutro
Gostei muito do produto umas das bike de custo e beneficio ótimo além disso os componentes de ultima geração no mercado do ciclismo umas das vantagens bacana que ela já vem com os pedais clip e também a garantia vitalicia do quadro.,Positivo
"Otima como TV. Boa qualidade de imagem. Sistema trava, apresenta varios bugs. Alguns apps é impossivel usar pela lentidão. Até mesmo a resposta do controle remoto apresenta um grande delay.",Neutro
"Filme para assistir e curtir com a família. As lutas entre os vingadores cansam um pouco, mas os efeitos especiais compensam. Diferentemente da crítica especializada da época, não acho ""um dos melhores"" da saga. ""Soldado invernal"" é bem, mas muito, melhor!",Neutro
"Os produtos da Samsung normalmente são muito bons!  O único aspecto que achei negativo nessa TV é a localização das entradas para o cabo HDMI, fica na parte de trás e não tem nenhuma na lateral. Isso é muito ruim na prática, principalmente quando a TV é colocada em suporte.",Neutro
Produto de ótima qualidade. Entrega dentro do prazo combinado.,Positivo
"O anúncio do CONJUNTO 5 POTES QUADRADOS ALTO VERDE - Sanremo, continua .... e a tal loja parceira não dispõe do produto na cor verde para venda. Se comprarem, eles enviarão em outra cor! Este anúncio tem que ser retirado!",Neutro
"O produto recomendo, não recomendo a loja. O produto chegou avariado e não existe um telefone para entrar em contato com a Americanas, só se fala com eles por mensagens via site e demoram uma eternidade para dar retorno ao cliente.",Neutro
Pior notebook que já comprei. Este é o meu segundo Dell e comprei acreditando na marca. Máquina ruim e desempenho sofrível. Péssima escolha.,Negativo
"É uma tv smart com todas as funções que uma tv smart pode oferecer, mas é muito lenta para ler arquivos, não consegue ler arquivos de vídeo em formato AVI (o q já é absurdo), não tem uma ""playstore"" de app, então tem q se acostumar com os q já estão previamente instalados, q na sua maioria são muitos inúteis. Mas o pior de tudo isso é o som desta TV. Áudio péssimo, parece q o som esta preso e fica abafado, configurei de todas as formas e ainda sim parece q só piora, tive q comprar um home theater para ver se melhora, pois é realmente ruim, Não recomendo tv phillips de jeito algum.",Negativo
A encomenda chegou antes do prometido e o produto foi eficaz.,Positivo
"É barato, leve e funciona corretamente. Foi entregue no prazo e sem problemas.",Positivo
Ótimo produto!! Adorei superou minhas expectativas!!!,Positivo
"Bom, barato e eficiente! Ótima relação custo benefício!",Positivo
chegou hoje a minha encomenda ...pois ao fazer o teste o suporte não fica em pé...não trava...não acredito nisso...se por um bebê dentro ele vai ao chão....como faço pra devolver?        'e,Negativo
"O produto chegou com duas presilhas de metal quebradas. Encaminhei e-mail para o Atendimento, e até agora não recebi resposta para a solução do problema.",Negativo
A película protetora podia ser do tamanho da tela do celular.....ficou menor....uma pena.,Neutro
Produto excelente... Mas até o momento nao foram creditados os pontos Multiplus na minha conta....,Neutro
Chegou no prazo e veio tudo certo. Lego é Lego e dispensa maiores comentarios sobre o produto.,Positivo
Um produto básico com relação a tecnologia de hoje um pouco pequeno mais próprio para pessoas que não depende exclusivamente dactecnologi a ótimo para pessoas que gosta de joguinhos,Neutro
Gostaria de saber o que ocorreu que não recebi o produto até a presente data? Só poderei avaliar o produto após recebimento.,Negativo
Cumpre o que promete. sdfiojspjidsgjvbdfçkldfjbpjxvcbjkxcvçlbkjçclxvjkb       povfjvpzjxvpousdpovisdfpovik,Positivo
"muito satisfeito, aparelho realmente supriu a necessidade",Positivo
"muito bonito,infelizmente não gostei o material do produto",Neutro
"Meu produto era pra ser entregue dia 04/04 e hoje dia 14 e até agora nada , paguei frete . Muito decepcionada , perdi cliente por falta de produto estou deixando de ganhar meu dinheiro por conta desse atraso , dei preferência a loja porque já tinha comprado com ela . Eu só quero receber o meu produto o mais rápido possível .",Negativo
A função de som não funciona adequadamente. A função de som não funciona adequadamente. A função de som não funciona adequadamente. A função de som não funciona adequadamente. A função de som não funciona adequadamente.,Negativo
"Além da demora para entregar, o produto chegou após o prazo estipulado e incompleto, faltando as redes de proteção e a escada.",Negativo
O posicionamento dos alto falantes em baixo do monitor fazem com que a qualidade do audio seja prejudicada.,Neutro
"muito bom produto chegou antes do prazo recomendo, gostei muito bem confortável bom custo beneficio.",Neutro
"Produto bom, veio tudo funcionando. A pesar de termos que monta-la que levou basicamente 1:30 minutos, produto é relativamente fácil de montar. Se for comprar, tome cuidado com os adesivos, não erre ao colocar.   Att",Neutro
Não funciona sob nenhuma hipótese. Troquei a bateria. liguei no Hi num dia e no outro troquei e não funcionou de jeito nenhum,Negativo
"A entrega tinha previsão para 26/02. Hoje, 06/03, ainda não chegou!",Negativo
"Não é nenhum farol, mas cumpre perfeitamente o objetivo de ler e escrever a noite com uma luz portátil",Positivo
"Bom dia ,gostei da imagem ,som muito bom os pês reforçados controle remoto bacana.Indico para as pessoas a compra dessa televisao,aprovada",Neutro
"Essa máquina é portátil e perfeita para trabalhos que não tenham escala industrial. As dimensões são reduzidas e cumprem o seu propósito. Ela já vem  regulada e seus cortes, inclusive com angulos são perfeitos. Eu a comprei e estou gostando muito. Recomendo sem ressalvas. O produto é ótimo.",Positivo
"produto veio com defeito ,,, qdo sou atendida pela sac o sistema esta fora do ar ,,, pela internet me encaminharam para uma tal d dinamica.... comprei nas americanas .... jamais compraria d uma dinamica... mas estou esclarecendo a todos q nao sabem q as americanas nao se responsabiliza mais pelo q é vendido no seu site... e dependendo do desenrolar deste problema colocarei isto em minhas redes sociais e no reclame aqui ... a respeito das americanas q foi o site do qual comprei",Negativo
"Razoável, é muito líquido e borra no final da marcação",Neutro
Para quem usa somente para ligações e rede social o aparelho é ótimo.,Neutro
Supriu as expectativas tanto em imagem quanto som. Ótimo custo benefício,Positivo
bonito mas lg deixou muito a desejar com esse aparelho celular trava reinicia sozinho lixo de aparelho mesmo comprando a bateria nao adianta na,Negativo
"Produto deu problema com 4 meses de uso, enviei para a garantia Samsung e fui surpreendido que o Tablet é importado (vai saber de onde) e sem garantia da Samsung do Brasil.   Fiquei sem garantia e sem o Tablet.",Negativo
"Recepção de TV digital, insuficiente Não disponível a opção gravação e tela nativa do aparelho. A opção de print screen de tela é acionada por duas teclas , ao meu ver um armengue. Não disponível controles de sensibilidade do touch screen , ex: uso de luvas. falta de possibilidades de configuração para visualização do relógio. No mais é um bom Smartphone, com uma bateria de durabilidade excepcional , de carregamento extremamente rápido as cores são surpreendentemente vivas .",Negativo
"Amei , chegou muito rápido!! Oq é melhor ,sem frete...",Positivo
Produto muito bom. Entregou no prazo. Satisfeito !!!!!,Positivo
muito bom superou o que eu estava pensando recomendo a todos consumidores desse produto,Positivo
"A bolsa é espaçosa, prática e muito linda. Só não é excelente pelo fato de que o fecho frontal na aba se abre pois a alça é bem em cima da aba, e quando a seguramos o fecho se abre .. Mas a parte de dentro tem zíper..",Positivo
"Produto com bom custo benefício, eficiente e com design muito bonito",Positivo
"Aparelho cumpre o que promete, sela muito bem. Tem um botão de liga e desliga. Desvantagem é usar muitas pilhas, poderia ter opção de conectar uma fonte ligar o aparelho.",Positivo
"A Garrafa que comprei é reta o que dificulta cair ao chão, possui desenho lateral mas um designer mais. A Garrafa que me entregaram não é botijão, é retangular com entradas formando sulcos nos desenhos que servem para acumulo de sujeira, sendo que será levada para o campo. Péssima compra e prestação de serviço pela empresa parceira.",Negativo
"NÃO tenho como opnar o parelho não chegou ainda, já tentei entrar em contato com a americanas mas ainda não consegui e ficam mandando pesquisas de avaliação!",Negativo
"Esta atendendo minhas expectativas, melhor da que eu esperava",Positivo
"No geral o produto é bonito, leve, porém, para passar a roupa de forma satisfatória tem que passar várias vezes sobre a roupa por mais quente que esteja.",Negativo
"Gostei, mas achei que ele deixava liso por mais tempo.",Neutro
Não entendo por que uma TV Full HD está mais cara que uma 4K. a modelo 49MU6300 tem as mesmas configurações dessa 49K6500 é mais barata e ainda é 4K.,Negativo
Muito boa ! Panela excelente e muito bonita. Espero fazer muitas gostosuras com ela.,Positivo
Produto de Qualidade e aparentemente de boa durabilidade. Recomendo.,Positivo
UM LIVRO DE GRANDE QUALIDADE. VALE MUITO A PENA E A ENTREGA FOI SUPER RAPIDA,Neutro
"O móvel é muito bonito, excelente custo benefício, chegou super rápido, mas veio batido e com uma peça quebrada.",Neutro
"EU JÁ COMPREI ESSE PRODUTO PELO SITE OFICIAL  E GOSTEI MUITO DO RESULTADO ,   PORÉEEEEM  PELO QUE EU LI NO SITE DELES SÓ ELES PODEM VENDER ESSE PRODUTO!!! OU SEJA O QUE ESTÁ VENDENDO AQUI É FALSOOO!!!  AO CONVERSAR COM A CENTRAL DE RELACIONAMENTO DELES....ELES ME FALARAM QUE A VENDA NA AMERICANAS, MERCADO LIVRE É TUDO FALSOO!!  GOSTARIA DE UMA EXPLICAÇÃO DA AMERICANAS SOBRE ISSO OU DO RESPONSÁVEL PELO PRODUTO (POR SE TRATAR DE MARKETING PLACE) ESTOU FURIOSA COM ESSE DESCASO!!!",Negativo
"produto com um mes de uso travou o cabo, com isso nao centrifuga mais, digo desta marca comprei de outra marca excelente.",Negativo
Produto chegou mofado e com o revestimento (mapa)podre Estou aguardando a coletável posteriormente o reembolso.,Negativo
Excelente forma de rever uma das novelas mais bem feita da televisão brasileira. Em DVD  videos fica mais fácil de se programar para rever os capítulos. muita qualidade o produto.,Positivo
"não recebi esse produto, e ate agora não deram uma resposta sobre o que será feito.",Negativo
"Não torra parelha,depende a temperatura queima o pão, o botão para descer o pão tem que apertar com força para descer",Negativo
Prezados. Não recebi esse produto. Não recebi aviso da Americanas também. Estou aguardando.,Negativo
"Infelizmente não gostei do produto. Muito demorado para iniciar, lento ao processar arquivos e o Windows manda instalar atualizações a todo momento e trava o computador. Estou muito insatisfeito.",Neutro
"Achei o produto ótimo, entrega foi feita de forma rápida, recomendo o produto, muito bom!",Positivo
A tampa não encaixou corretamente. Tentei trocar o produto no sétimo dia mas a atendente disse que era o oitavo dia. Recebi o produto no dia 12 e tentei troca-lo no dia 19. Pra mim são sete dias. Mas a contagem começa em 12 como se fosse o primeiro dia cheio. Por que então não explicar essa contagem diferente no regulamento??,Negativo
Produto bom todas as funções em conformidade. Porem a potência não atinge o especificado pelo fornecedor.,Neutro
Aguardando resposta sobre o receptor nano .. não veio e até agora empresa não se pronunciou.,Negativo
"O disco apresenta versões de canções famosas no México feitas por uma banda original, com arranjos surpreendentes e beleza poética.",Positivo
"O produto é basicamente um tubo de silicone que expande ao receber pressão. A única forma de não expandir mais que o necessário é o tecido (verde) que segura sua expansão, porém se esse tecido que não é totalmente firme e que não tem uma costura tão forte assim, se solta, ai meu amigo(a)... corra... vai estourar na sua cara. A minha eu fechei a água na hora, analisei a sistemática e modifiquei de uma forma mais apropriada e que dificulte mais que ele se solte, mas não estou ainda imunde da costura rasgar e perder o produto... Use e guarde, evite deixar ao sol e tempo para não prejudicar o tecido. Aliás essa é uma informação que deveria vir no produto e não vem. Por esses motivos eu até recomendo o produto, mas ele é regular já que devemos ter mais preocupações com ele do que com as mangueiras convencionais.",Negativo
Inclinação feita só como encaixe e presilias super frágeis,Neutro
Faltou um manual de montagem físico.mas com muito custo dá para montar.,Neutro
"Achei muito pratico, junto com a esteira sem ser um trambolhão",Neutro
Copo com leve dano no lado interno. Só não devolvi pois o incômodo não vale a pena.,Neutro
Filtro é pouco eficiente. Sujou muito durante a primeira filtragem. Praticamente tive que lavar três vezes. Tenho a impressão que saturou.,Neutro
Esse produto ainda esta disponível nas loja?gostaria de comprar essa. Televisão.,Neutro
"Já fiz a escova Saltore da embalagem preta que diz ser a mesma fórmula e comprei a blue gold só que a blue gold detonou o meu cabelo, deixou áspero e duro, sem brilho. Decepção total, não tem o mesmo efeito da que tem a embalagem preta. To “p” da vida.",Negativo
"Aparelho chegou em perfeito estado , funcionamento e bem antes do prazo de entrega .",Positivo
"Tem uma ""colinha"" (um lubrificante) que suja a lente maior, na hora de limpar.",Neutro
"bom produto, exceto o potinho menor talvez não deveria compor o item ou ser substituído por um maior.",Neutro
"Produto otimo...tam do copo exelente... A a peneira do filtro é  otima, só q o encaixe deixou a desejar....inclusive o meu soltou qdo eu estava fazendo um suco de acerolas, e quebrou, ficando inutilizavel, infelizmente...",Positivo
"Entao, comprei um unicamente pelo radio mas pra minha surpresa o modelo que me mandaram nao veio kk na boa eu nao compraria de novo invistam em um apple watch só 3 salrios minimos acho que vale.",Negativo
"A Bolsa é bem espaçosa e chique! Amei, achei que seria um tamanho menor, mas se trata de uma bolsa espaçosa e fina!! Rica em elegância.",Neutro
produto chegou no tempo determinado e ótimo atendimento,Neutro
"Excelente produto, recomendo-o tranquilamente. Quanto ao envio muito bom também estava previsto entre o dia 25 a 30/04 mas chegou dia 21 me surpreendendo.",Positivo
Não há muito o que dizer. O produto funciona como deveria funcionar.,Neutro
Fiz a solicitação de devolução e ainda não recebi resposta.,Negativo
"a churrasqueira veio com defeito, o furo do meio não está centralizado e tem uma borda menor que a outra, mesmo assim me atende.",Neutro
"Queria avaliar,,, mas estou a 2 meses esperando a entrega do produto... AMERICANAS.COM Sempre com entregas rápidas agora  este colaborador  está me deixando IRRITADO...",Negativo
"Em função do pouco tempo de uso, não tenho embasamento suficiente para avaliar o produto.",Neutro
Chegou tudo certo e dentro do prazo.  Recomendo a loja!,Positivo
Bom produto e uma boa relação custo benefício. Item entregue dentro do prazo em ótimas condições. Fornecedor está de parabéns.,Neutro
"Lâmpadas muito eficientes, melhorou bastante a qualidade iluminação do Corsinha. Luz mais branca e com maior alcance. Não é barato, mas cumpre o que promete.",Positivo
"O produto chegou conforme descrito, porém entregue fora do prazo garantido no dia da compra.",Positivo
"Não sei porque estão pedindo pra min avaliar esse produto que comprei, que foi um relógio euro e até agora não recebi.. Aguardo resposta.. Espero receber meu produto..",Negativo
Quem quiser clarear os cabelos naturalmente ele é ótimo dá uns reflexos muito bonito ... Mas so se seu cabelo tiver um tom castanho ...,Positivo
"Bom produto, segue especificações do anúncio. Poderia ter mais opções de entretenimento",Neutro
Material de qualidade muito baixa. Notoriamente bem inferior ao produto original. Espero que realmente na utilização do dia a dia o material realmente suporte a exposição ao sol e chuva.,Negativo
"Apesar do corpo parcialmente em material plástico, chega rápidamente aos 98℃, similar as totalmente em metal. A iluminação do corpo pelos leds vermelho e azul, embora basicamente para efeito estético, dão um diferencial interessante ao produto.",Positivo
"Comprei na promoção, mas ainda bem, porque o ziper quebrou no outro dia.",Negativo
Talv x deverão ser mais honesto com teus clientes pôs pafagos teu salário,Negativo
"Vi que uma página tinha postado, o melhor do brasileiro é o brasileiro! Kkkkkkkkkkkk",Negativo
Gostei do produto. Recomendo....................................................................................................................................................................................................................................................................................................................................................................................................................................,Neutro
"Na boa se vc está afim de comprar esse aparelho para apenas ter canais como globo, record e sbt ok amigo !!! agora for algo além na boa vai passar raiva, pois dependendo do local não vai pegar. Mas nda que desqualifique o produto apesar de alguns problemas mínimos vale muito a pena recomendo a todos desde que custe menos de 30 reais com frete e tdo acima disso é um abuso para um aparelho simples desse",Neutro
"São essenciais numa cozinha , com tamanhos diferenciados e na medida desejada . Aprovei .",Positivo
"Vaza muita tinta, não imprime com qualidade, fica falhando.",Negativo
"O TECIDO É FINO NÃO VALE O PREÇO QUE ESTÁ SENDO COBRADO, O TAMANHO G É MUITO GRANDE. AS ROUPAS DA MALWEE E ENFIM SÃO BOAS , MAS ESTÁ FICOU A DESEJAR.",Negativo
"Comprei a máquina dia 17 /01/2018,com   58 dias a máquina apresentou defeito ,e estou. Com a máquina parada esperando por peças...uma máquina nova com 58 dias já deu defeito ..produto horrível..",Negativo
"Um monte de comentários ridículos e sem graça, típicos de brasileiros recalcados, muitos dos quais só devem ter uma bicicleta de segunda mão.",Positivo
"Para uma avaliação POSITIVA não precisa de muitas palavras, apenas uma: RECOMENDO!",Positivo
"Faço suco com laranja, o aparelho faz barulho do motos como qualquer outro. Funciona.",Neutro
"Ótimo produto, recomendo...........................................................................",Positivo
Rapidez na entrega e produto entregue sem nenhum dano.,Neutro
"Gosto de comprar nas Américas por ser uma empresa de responsabilidade, e cumpri certinho com as datas de entrega.",Positivo
Achei lindo. Apesar de simples é de boa qualidade. Bem como precisava. Estou feliz pela compra.,Neutro
"Torneiras monocomando são caras em lojas físicas, estava difícil achar uma boa e bonita por menos de 250,00 - 300,00 reais. Tendo em vista que este produto custou na faixa de 140,00, considero sua qualidade excelente, instalação prática (a unica parte mais difícil é que precisei aumentar o furo da minha pedra).   Recomendo a quem tiver interesse.",Positivo
"Comprei no início do mês de dezembro p dar de Natal p minha filha. A entrega era até dia 22/12. No início da semana q se expirava o prazo tentei inúmeras vezes entrar em contato c as americanas e com o fornecedor, pois o produto estava parado nos correios há 2 semanas e temia não chegar a tempo do Natal. E não chegou. Não se consegue falar com ninguém, tudo muito impessoal e tudo leva 72h úteis p responder. Ou seja, sac não funciona. Então recomendo o produto, mas não por aqui.",Neutro
"O café não fica tão quente, ou seja, esquenta pouco.",Negativo
A montagem dela é muito ruim porque os encaixes não são firmes.,Negativo
supril minhas necessidades produto excelente. Ótima entrega rápida é segura .,Positivo
"Produto de ótima qualidade ,não precisa fazer muito esforço para espremer a fruta e a entrega da americanas como sempre muito rápida.",Positivo
"Muito bom o produto , recomendo é excelente O produto chegou muito rápido adorei",Positivo
Gostei do produto pela qualidade do som e do seu design.,Positivo
"Comprei o produto no início de abril, paguei frete e não recebi. Tive a compra cancelada após 1 mês e terei que aguardar no mínimo 10 dias úteis pra ter reembolso. Não recomendo.",Negativo
atendeu minhas expectativas. EU NÃO GOSTO DE ESCREVER!,Neutro
A qualidade é incrivel porém não cabem nem uma medida de massa de bolo de caixinha.,Neutro
Muito gostoso o Cookie! Saboroso e fresquinho! É sem glúten e com pedaços de chocolate!,Positivo
"Produto de qualidade, custo benefício e atendimento rápido da Americanas",Positivo
"O Notebook foi um presente de Natal para minha filha. Nós o recebemos no dia 22/12 e, neste dia, funcionou sem problemas. No dia seguinte (23/12) o Note não ligou. Mesmo estando com a bateria carregada, só funcionava quando conectado na tomada.",Negativo
"O produto é bem mais rápido e mais moderno e tem uma qualidade de fotos que impressionou, e também capacidade de armazenamento superior ao meu antigo smartphone!",Positivo
Não tenho como avaliar o produto já que até hoje ele não chegou na minha casa. Gostaria de saber o que aconteceu.,Negativo
"O fone é de péssima qualidade, A minha recomendação é que tire ele de todas as lojas americanas porwue é de péssima qualidade. ele já até queimou apenas usando.",Negativo
O produto é composto por chapas de MDP ao contrário do anunciado que garantia ser 100% MDF. A montagem é relativamente simples mas a porta de correr é frágil e difícil de ser encaixada sem danificar a peça.  Estou decepcionada com as Americanas.,Negativo
"Tem Bom custo-beneficio, porém falta um manual ou folheto.",Neutro
"Bom dia!  Conforme relatado em outro canal, a Caixa veio aberta, com 2 porcas espanadas e com a parte de metal da cadeira descascada.  Como eu tenho urgência e não posso ficar esperando a troca, eu já resolvi tudo, mas fiquei decepcionada.",Negativo
Ótimo produto entrega muito antes do prazo. Eu recomendo a todos pode comprar sem medo jogo muito Bom!,Positivo
"Paguei Barato,então compensou!  Uma Barbie convencional.",Neutro
"Cumpre perfeitamente o que promete mas, antes de usá-lo deve-se aplicar um amolecedor de cravos ou desencrustante.",Positivo
"Produto ótimo, cumpre muito bem todas funções. A entrega foi realizada dentro do prazo.",Positivo
Esperei uma qualidade melhor por ser da marca tramontina. Goataria que o garfo fosse um pouco (o de jantar ) e as estremidades das colheres estavam um pouco áspera.,Neutro
"bom produto, funciona bem, não gostei foi do frete, poderia ser mas barato.",Positivo
Um bom produto. Utilizei poucas vezes mas parecer ser de qualidade.,Neutro
"produto de acordo com o que eu esperava,ótima qualidade",Positivo
"Muito bom o acabamento do produto, apesar de que achava que viria com leitor de cartão de memora e pendrive, faltando instalar e testar.",Neutro
Ótimo Gostei bastante do produto recomendo  Ceição Soares,Neutro
"exatamente o que eu esperava, valeu a compra. podem comprar, vale a pena.",Neutro
"Sinceramente gostaria de poder avaliar o produto,mas como avaliar algo que não foi entregue?  Fiz o pedido 2 duas vezes, paguei o boleto a quase dois meses e ainda não recebi o fone. Já desisti e nem vou mais tentar receber, apenas não voltarei a comprar mais com vocês. Tô muito triste com o site de vocês.",Negativo
"Recebi a bicicleta e ao montar a bicicleta, veio com uma parte quebrada. Já liguei e mandei uns 15 emails e já faz mais de 1 mes que aguardo. Decepcionante!!!",Negativo
Gostei do produto e recomendo a compra a  entrega foi como combinado.,Positivo
"Bom produto, dentro do esperado. Consegui salvar com tranquilidade todos os meus arquivos.",Neutro
"Diz que é Wi-fi mas não pega, e o conversor não funciona direito pois trava muito e não pega todos os canais",Neutro
Produto veio de outra cor e de uma marca inferior a que eu comprei.  Não recomendo.,Negativo
"Fiz o pedido 20/12 e recebi 18/01, ñ deu tempo de usar o suficiente, pois o sistema está pedindo atualizações",Neutro
Produto de excelente qualidade. Parceiro confiável. Preço imbatível. Show!!!,Positivo
Produto excelente e entregue antes do prazo previsto.,Positivo
"Gostei e recomendo o produto. Prático para viajar, leve e não ocupa espaço.",Positivo
"Gostamos do produto, mas pensávamos que fossem 6 peças de cada item pelo preço que pagamos e não 4 apenas.",Neutro
Minha sobrinha amou a boneca!!! Super recomendo! Foi entregue bem antes do informado. Parabéns!!!,Positivo
"A furação para encaixe das facas é horrível, completamente inadequada. Nem minhas maiores facas couberam. São mal dimensionados. Para não jogar o dinheiro fora enfiei espuma nos buracos, mesmo colocando duas facas pequenas juntas elas ficam instáveis. Um completo desperdício.completamente inadequado a uso doméstico.",Negativo
"Gostei do produto, mas quando coloquei aso na parte de trás deu choque. Gostaria de saber o pq?",Negativo
"A cafeteira é como descrita e atende as expectativas. O aço é bom pra esta faixa de preço, não ficou escuro após 1 semana usando o produto. Recomendo café com média moagem.",Positivo
MINHA MESA CHEGOU QUEBRADA E VOCÊS ESTÃO ME ENROLANDO PRA TROCAR.  NUNCA MAIS COMPRO COM VOCÊS.  NUNCA VOU RECOMENDAR.  E PRA QUEM EU PUDER FALAR EU VOU FALAR PRA NUNCA COMPRAR NAS AMERICANAS.,Negativo
Excelente para segurança na cozinham ou em qualquer outro ambiente.,Positivo
"ESTOU DECEPICIONADO, ESTÃO ME PEDINDO PARA AVALIAR UM PRODUTO QUE EU NEM RECEBI. E JÁ PASSEI O CODIGO PARA SABER O MOTIVO  DA NÃO ENTREGA DO PRODUTO  E NÃO TIVE NENHUMA RESPROSTA",Negativo
"Produto satisfez minha necessidade, gostei do produto.",Neutro
"Produto bom"" porém não é muito grande...'esparva ter pelo menos os bolsos nas laterais igua na foto!",Negativo
"Produto veio fora da caixa, é horrível e a loja praticamente te ignora.",Negativo
"Ventilador bom,  atendeu as minhaa expectativa . Recomendaria. Mais a loja demorou muito pra entrega e quando entrei em contato com eles pra saber uma nova data de entrega,  não obtive retorno.",Neutro
Muito bom o aparelho  Chegou antes do prazo  Tudo OK,Positivo
"Difícil coloção, os desenhos ""não batem"". Enfim... Não recomendo. Fiquei muito muito insatisfeita. Dinheiro jogado fora.",Negativo
"chegou no dia combinado,não tive nenhum problema com o aparelho adorei o produto e como eu queria,obrigado.  Vocês estão de parabéns em atendimento",Positivo
não gostei pois gruda os alimentos não tem ante derencia  bonitas mas muito ruim não recomendo,Negativo
Não fez a diferença esperada. Desconforto continuou como antes.,Negativo
"As panelas Muito linda , Chegou rápido. A única coisa foi quando fui lavar a panela menor a tampa desmontou. Porém amei as panelas.",Positivo
"Atende ao que se propõe, mas é um produto de uso domestico, não seria suficiente para uso em ambiente maiores.",Neutro
Produto com qualidade e dentro do esperado pelas imagens vistas.,Positivo
Ele é melhor para pisos frios do que pisos de madeira.,Neutro
"Recomendo ,ajuda muito nos serviços domésticos, fácil  e prático",Positivo
"O produto chegou com atraso, houve problema e nao fui notificado. Ao ser questionado pelo site apos o prazo da entrega se eu tinha recebido o produto o qual nao tinha sido entregue fui informado do problema e me reenviaram o produto de forma rapida bem antes do novo prazo informado. Em relaçao ao produto ele e perfeito.",Neutro
Recomendo. Excelente eletrodoméstico. Me surpreendeu pela qualidade. Parabéns.,Positivo
Gostei do produto.Superou minhas expectativas.Entrega dentro do prazo previsto.,Neutro
"O produto é bom, só que não tem nada de igual na foto.",Neutro
"Celular intermediário com boa fluidez nas aplicações do dia a dia, se tivesse um pouco mais de memória RAM seria excelente... mas com apenas 2gb de RAM atende as tarefas do cotidiano sem problemas. A câmera também é muito boa, e o sensor de digital muito rápido na leitura para desbloquear, me impressionou. Recomendo a compra pelo custo-beneficio que o celular tem.",Neutro
"Minha esposa gostou,só não gostei da entrega,poderiam ter agilizado ,chegou quase 30 dias,mas recomendo.",Neutro
PORQUE NÃO RECEBI AINDA O PRODUTO COMO POSSO AVALIAR UM PRODUTO QUE NEM RECEBI  SÓ SEI DE UMA COISA VOU ENTRAR COM O RECURSO CONTRA A AMERICANAS.,Negativo
"Foi entregue antes do prazo,e está me satisfazendo plenamente.",Positivo
"TV com boa imagem mas nunca na vida (com mais de 50 anos) vi uma TV onde eu não possa controlar brilho e contraste. O controle remoto não tem no software da TV  a possibilidade de ajustes ao meu gosto. Ela só permite ajustes pré-definidos. Horrível isso. São tipos de imagens para esportes, cinema, teatro, isso e aquilo mas não posso diminuir o brilho e contraste ao meu gosto. E apenas uma USB. O que a Samsung tem na cabeça de colocar apenas uma saída USB quando, no momento, o que mais queremos é isso! Não posso ter um teclado e mouse sem fio com um Pendrive ao mesmo tempo. Não gostei.",Neutro
"produto bonito, mas a cor do lado liso vem diferente da foto, mais escura.",Neutro
"Em comparação com o outro que eu tinha de outa marca, ele gela menos a água.",Neutro
Comprei a boneca é chegou super rápido e é exatamente igual a do site ....uns dias atrás vi a mesma boneca numa loja física e estava R$100.00 mais caro ....sempre comprei no.site da americanas e nunca tive problemas ....já no site do Walmart tive várias contrações ....recomendo ....,Positivo
Muita linda! É uma boneca de qualidade e muito bem feita!,Positivo
"ELA É PERFEITA, O SOM É MARAVILHOSO. FINA E MUITO LEVE. FÁCIL DE NAVEGAR PELOS APLICATIVOS. O BOTÃO NETFLIX NO CONTROLE FACILITA MUITO A VIDA.",Positivo
"Boa potência, espaço interno, qualidade....Muito Top!",Positivo
Ótimo produto recomendo. Excelente produto.. Gostamos muito obrigado.,Positivo
Parabéns americanas ótimo aparelho chegou muito tempo antes!!  Ameiiii ♡,Positivo
"A estampa do kit é linda, porém a qualidade do tecido deixa muito a desejar, muiito aspero.",Negativo
Comprei para encher a piscina da minha filha e super fácil e rápido com essa bomba de ar recomendo!,Neutro
"Não usei ainda , mas atende o que esperava , Modelos variados , vai ser muito Útil.",Positivo
"O produto é o que a foto mostra. A taça é um pouco pesada, mas porque o vidro é reforçado. Chegou rápido e sem nenhum defeito.",Neutro
"Porcaria. A bateria dura menos de 10 minutos. Já recarreguei como recomendável, e em menos de 10 minutos as vezes menos de 5, acaba. Não comprem.",Negativo
"A medida não é a do site, a foto não se parece nem um pouco com produto. Tapete parece um papel de tão fino, a qualidade não é boa.",Negativo
"Super recomendado, pode comprar que não vai se arrepender.",Positivo
"Comprei esse leave in porque descobri que ele é liberado para a técnica low poo. Fiquei animada porque vi bons reviews dele online. Já usei algumas vezes e achei o efeito dele ok, mas não é o melhor finalizador que eu já usei. O cheiro também não é dos melhores, é meio artificial. Por esse preço, esperava um pouco mais... o lado bom é que ele rende bastante.",Neutro
"gostei muito do meu produto, chegou no prazo , super indico",Positivo
"Recebi uma panela amassada e uma sem um pedacinho do teflon. Caso compre, abra a caixa na hora pra conferir, pois depois eles não trocam. A caixa estava intacta e eu nunca imaginaria que pudesse estar amassada. Fiquei decepcionada com o sax da tramoTramontina.",Neutro
"Ótimo custo x benefício , alem de ser bonito, prazo de entrega ok !",Positivo
Tenho um multiprocessador da mesma marca que não tem mais peça de reposição que  tem mais de 25 anos fui obrigado a comprar este novo modelo que ao meu ver comparando é muito simples comparado a produtos produzido anteriormente pela marca!,Neutro
"Em certo momento do jogo, mais especificamente quando vou entrar em ""Nassau"" em uma das primeiras missões, o jogo simplesmente sai e vai para o Menu Xbox, já tentei reinstalar, excluir o jogo salvo, recomeçar desde o começo, tentar offline, porém de nada adiantou, não sei se o problema é a mídia em si que foi me entregue, porém foi minha primeira compra com o vendedor, e gostaria de alguma resposta.",Negativo
"por ser totalmente de TNT o forro e as prateleiras - ela acaba sendo totalmente flexivel e o não tem como pendurar cabides. é um produto prático e funcional, más pelas características do produto deixa à desejar.",Neutro
"Em termos de funcionalidade o produto é muito bom, mas o material dele n, em menos de um mês o inox da cesta e do coletor já estão descascando, mesmo tendo todo o cuidado de usar o lado macio da esponja.",Neutro
"produto bom chegou bem rapido , sim recomendo ao produto e a loja tambem .",Neutro
"Produto ótimo, recomendo entrega super rápida, ainda estou esperando outro aparelho!",Positivo
Cancelamento foi autorizado e não obtive estorno ainda.,Negativo
"nota 10, recomendo a compra. material fino. Ficou espetacular na cozinha",Positivo
"O livro em si, a história é muito bom, o material é um pouco ruim, veio um pouco descolada a capa, mas considerando o custo benefício valeu a pena.",Neutro
"Não sei se está acontecendo com todos  , mas fiz aquisição do produto  logo no começo da pre-venda ... mas a loja americana  ainda  afirma que produto  tem previsão de entrega 03/05 ,  mas de 20 dias depois do lançamento oficial...   Pergunto qual é o beneficio de comprar antecipado... se não vai receber o produto no dia do lançamento....",Negativo
"Nunca tive problemas com o atendimento das lojas Americanas, porém nesse caso eu so recebi mensagem de que tal dia vão ter uma solução e quando chega no dia a mensagem é novamente que tal dia será informado o procedimento, quero ver se dia 07.05.2018 vou receber a da data da troca do meu procuto, cada dia fica mais difícil ficar com tudo fora do lugar, por um erro no anuncio e o qual ainda continha errado ate a presente data, podendo fazer outras pessoas se prejudicarem.",Negativo
Nao chegou  Nao foi entregue Nao recebi Ainda n chegou em casa Como avaliar??????????))?????????,Negativo
"Loja péssima, não recomendo e não entrega o produto já faz 60 dias que comprei e nada, então não recomendo.",Negativo
"O Kit é bacana para quem quer um ponta pé inicial no tratamento da barba, pois é bem completo, particularmente eu trocaria a pomada capilar e o gel por mais um óleo e um balm respectivamente, pois estes uso muito pouco, mas como são produtos com longa data para vencimento depois é só repor apenas esses dois.",Positivo
Gostaria de saber se Este fone é bluetooth  ??????,Neutro
Quando comprei o produto não tinha nenhuma informação sobre a potência... tenho ate o print das telas .... então eles me enviaram um 220v.... fiz várias reclamações e até o momento eles não resolveram o meu problema que é a troca por um de 110v ou devolução.,Negativo
"Veja bem, o produto não é da mesma qualidade da jarra original, pois é bem mais frágil, possui espessura bem mais fina.  Quando desejamos comprar um produto dando-lhes a especificação completa, como por exemplo '' JARRA BRITÂNIA CP 15 INOX''  Esperamos que seja entregue a mesma jarra que acompanha a cafeteria, ou seja, do produto original.  Tanto é verdade, que a primeira jarra chegou quebrada. Entretanto, considerando o revés da primeira jarra vir quebrada, e mesmo assim vocês enviarem novamente outra resolvendo o problema de imediato, eu sem dúvida indicaria para outras pessoas.",Neutro
Um excelente jogo para quem gosta da série Souls/Borne ou para quem gosta de RPGs em geral e quer um desafio.,Positivo
"O microfone veio sem funcionar. Foi testado em 3 notebooks e em nenhum, funcionou.",Negativo
É legal mas as peças são muito minúsculas e difícil para manusear para brincar por causa do tamanho.,Negativo
Quanto ao produto nao da pra avaliar pois a tv ainda nao chegou apesar de quando vc vai fechar o frete eles dizerem que chegara em ate 9 dias úteis. quando rastreio o produto dizem que esta em transito e não dao mais satisfação. Serviço de enganação.,Negativo
Olá gostaria de saber qual a medida do produto? Altura? Largura? Profundidade?,Neutro
Gostei muito do produto. Não  tem as medidas dele.   Na ficha técnica.   E nem na descrição.,Neutro
"Relizei a compra em 24/11/2017 e no dia 04/12/2017 chegou o produto, ao receber fiz todos os procedimentos como manda o manual de instruções porém no dia 12/01/2018 o produto parou de gelar, as luzes de indicação ascende mas a água não sai mas gelada.",Negativo
Bonito designer. Marca o mesmo peso com pesagens sucessivas. Entrega super rápida.,Positivo
Otimo jogo porem deveria ter mais musicas e mais coreografia .,Positivo
A qualidade da imagem é 100 x melhor do que a  reprodução no cinema.,Positivo
"Veio com defeito. A temperatura ""Morna"" - que eu geralmente uso, pois não consome tanta energia quanto a ""Quente"" - não funciona!  Tem garantia, mas precisaria pagar encanador/eletricista para retirar, e depois novamente para recolocar. Só a mão de obra sairia quase o valor do produto!",Negativo
"Ótimo produto, Entrega rápida e produto em ótimo estado de conservação e qualidade.",Positivo
"A tv é boa, o som que é um pouco ruim, desrregulado.",Positivo
"Não recomendo pois achei pequeno, nao gostei do tamanho mas ele funciona normalmente sem nenhum problema procedi com a devolução por causa do tamanho não pela funcionalidade do mesmo",Neutro
"Produto excelente,as americanas como sempre arrasando na entrega... chegou em 4 dias...",Positivo
O produto é bom. A entrega antes do prazo. Recomendo,Positivo
"O PREÇO É BOM EM COMPARAÇÃO COM O MERCADO, MAS O PRAZO DE ENTREGA NÃO É CUMPRIDO.",Neutro
Muito bom gostei .vcs estao de parabens O produtos excelente entrega  muito rapido  obrigado,Positivo
"O livro é otimo. Porem a americanas.com agiu de má fé. Enviaram um exemplar reembalado que foi vendido como novo. Havia algumas pequenas avarias, como os cantos das paginas mais escuro mas o pior foi que veio o post it com algo escrito, dava pra ver claramente que o produto ja foi usado. Ele foi presente para meu namorado entao foi muuuuuito chato quando ele abriu e viu o post it.... foi pessimo. Perdi a confianca em vcs. Recomendo o livro mas nao a americanas.com",Negativo
"KKKKKK, não recebi o produto e chega o formulário de avaliação. Continuo esperando.",Negativo
"Um purificador bom ,  se a água fosse gelada, seria melhor.",Neutro
"O Produto está dentro das expectativas, mas a vendedora não encaminhou junto a bolsa que deria acompanhar o produto. Acionada por um dos canais de comunicação disponibilizados, limitou-se a indicar outro canal, transferindo o ônus de seu erro para o consumidor.",Neutro
Produto fácil e muito pratico na hora de usar. Entrega antes do prazo.,Positivo
"Estou bastante satisfeito com a marca, parabéns pela agilidade.",Positivo
o distribuidor não conseguir me entregar produto algum logo nao consigo avaliar nada  obs: deveria ter essa opção para avaliar o distribuidor,Negativo
"Comprei um Dell Inspiron, mas o meu deu problemas logo nos primeiros meses e o HD durou apenas o tempo da garantia. Apesar de ter tentado uma solução junto a Dell não recebi retorno, apenas um orçamento de 900 e poucos reais pra trocar o HD. Péssima experiência. Dell nunca mais e não recomendo.",Negativo
Meu neto adorou o livro. Chegou em condições perfeitas. Recomendo o livro e as Lojas Americanas. Compro sempre no site das americanas,Positivo
Muito prático mas muito frágil. O balde vira com facilidade.,Neutro
"Fato; paguei, não recebi. Não tive estorno até aqui e a Americanas.com não está me auxiliando! Lixo!",Negativo
"Adorei o tapete,mas não pude comprar por quê no site só tem opção de boleto para pagar na loja física. E eu que queria pagar em banco ou caixa loterica,uma pena mesmo.",Positivo
"Gostamos muito da qualidade dos produtos. Recomendamos, com certeza.",Positivo
"o produto é bom realmente funciona, mas em pouquíssimo tempo de uso a camada antiaderente já esta descascando mesmo tomando muito cuidado com a limpeza, no mais funciona conforme descrito.",Neutro
"Muito confortável, cobre toda a orelha, ainda que passe muito tempo usando-o não apresenta qualquer desconforto. É prático e fácil de usar, apesar de ser grande. O fato das ear cups poderem ser removidas para higienização deu a este produto da Logitec um ponto a mais em relação a outros headsets de outras marcas. Se está procurando um headset para jogos, ouvir músicas, usar como dispositivo de comunicação em aplicativos como Skype por exemplo, a um preço justo, este é o produto. Estou satisfeito com o produto. Adquira o seu e seja feliz.",Positivo
Por caberem um dentro do outro super fácil de organizar no armário.,Positivo
"Comprei o produto, o mesmo ficou 30 dias parado na alfandega, tentei contato com a Americanas, enviei milhares de e-mail e tudo o que eu recebia eram respostas robotizadas sem sentindo algum, parecia que ninguém lia meu e-mail.  E para a minha surpresa, não existe um telefone da Americanas onde eu consiga contato com algum atendente.  Legal né?  No fim desisti da compra do produto, e recebi o dinheiro de volta.",Negativo
"Acredito que o produto seja bom para quebrar um galho como liga-lo em um smartphone ou aparelhos similares, ou mesmo para você ter um teclado para backup. Ele possui todas as funções e funciona muito bem, porém achei as teclas um pouco duras, o que pode tornar a digitação cansativa.  Destaque para a película emborrachada removível que vem com ele, ideal para evitar líquidos que podem cair. Isso é muito bacana.",Neutro
"Parece frágil ,mas aguenta bem o peso.Demora alguns anos para oxidar na chuva e Sol. Comprei mais 2 pois já tinha um antigo que sempre me atendeu bem.",Neutro
"GOSTEI MUITO DO PRODUTO, EXCELENTE, SUPRIU MINHAS NECESSIDADES. ENTREGA ANTES DO PRAZO ESTIPULADO. PARABÉNS LOJAS AMERICANAS.",Positivo
No manual do produto diz que a porta pode ser invertida. Liguei pra Brastemp e eles disseram que se eu inverter a porta as consequências de mau funcionamento do equipamento seria minha. Um absurdo! Achava que a Brastemp era uma empresa séria! Não comprem.,Negativo
Excelente custo benefício tendo em vista o valor dos produtos.,Positivo
Ameiiii!! Mais um pouco se Sr. Grey.. Super recomendo..,Positivo
"COZINHA BEM, NÃO FAZ BARULHO, ÓTIMO PRODUTO. RECOMENDO MUITO, POIS VALE A PENA COMPRAR.",Positivo
"A loja estava vendendo algo que não tinha mais no estoque. Sendo assim a loja cancelou a compra, e assim não posso dar uma uma opinião sobre o produto. Obrigada as lojas americanas, por terem resolvido o meu caso nessa compra.",Negativo
"Comprei a impressora e veio sem o cabo, na caixa não vem especificando o que exatamente estamos comprando, HP é uma ótima marca, a cópia funcionou bem,  porém deixou a desejar com uma economia porca, decepcionada!",Neutro
"Fiz a compra pela loja Americanas.com, porém a transação é realizada pela loja Dominio. Devido a demora e mal atendimento dessa loja cancelei o pedido.",Negativo
"Recebi o produto e não funcionou, solicitei a troca, recebi os dados para a devolução, foi colocado no correio conforme solicitado e até agora (mais de um mês) não recebi outro produto e não consigo contato com ninguém ... por favor me ajudem!",Negativo
Cores desbotadas imagem diferente da foto muito diferente do que imaginava só não devolvi devido a burocracia pra troca ou reembolso.,Negativo
Muito bom livro. Recomendo para quem busca o crescimento espiritual.,Positivo
"Não pude avaliar o produto que deveria ter chegado dia 18/04/18, mas até hoje, dia 29/04/18.",Negativo
Recomendo este produto. Ótimo custo e benefício. Entrega excelente. Ameiiii,Positivo
"Bonita e eficiente, estou muito satisfeito, recomendo.",Positivo
"Fiz a compra do produto com pagamento autorizado no dia 30/12/2017 e até hoje 08/01/2018 o produto não saiu para entrega, o status é o mesmo des de então, ja enviei duas daquelas mensagens que de nada adianta pois nao tive exatamente nenhum retorno de ninguem.",Negativo
"O produto é bom , era o que eu esperava . Guarda o papel higiênico evitando insetos e poeira.",Neutro
"O formato do aparelho é ÓTIMO, dá para digitar e olhar o visor de frente, enquanto se mantém o fone na outra mao. Só que, com menos de uma semana após minha compra ter chegado, o telefone deu curto na linha. Ele e um outro igual que eu tinha comprado há uns 2 ou 3 meses. Assim nao adianta o design ser bom...",Negativo
"O produto é bonito e mto útil, só não achei legal pq a parte de baixo não veio revestido de napa, igual o azul marinho que comprei. Acho q devia ser todos iguais.",Positivo
"Comprei para usar onde não pega o celular, lugar com muitas árvores e terreno irregular. Até na distância de 1,5 km funcionou bem.",Neutro
Achei maravilhoso as americanas entrega rápida e a qualidade desse travesseiro sensacional super recomendo.,Positivo
não sei se ainda não aprendi regular mas as imagens as vezes aparecem borradas e sempre o fundo muito claro,Neutro
Fiquei satisfeita com o fogão e o prazo de entrega.,Positivo
"Comprei no final de novembro e já realizei algumas sessões, tinha muitos pelos que eram extremamentes grossos hj posso dizer q eles foram reduzidos a 80%. Estou muito satisfeita e sem contar q a entrega foi super rápida. Estava muito receosa em realizar a compra, pois o produto é caro, mas vale a pena cada centavo pago por ele.",Positivo
"PRoduto de alta qualidade, e a velocidade é sensacional",Positivo
"a empresa, que imprimir as fotos em papel de parede, deveria entrar em contato com cliente, para saber, como gostaria da tonalidade do papel, porque a maioria ficam escuro a paisagem , e o cliente não gosta da tonalidade da cor, da imagem.",Neutro
"Produto veio amassado, entrei em contato com a loja sem solução",Negativo
"Produto bom , porém muito básico e simples se você for bater bastante e usar muito recomendo outro com a potência maior.",Neutro
Rápida a entrega e o produto é bom. Recomendo a compra deste produto,Positivo
"Muito bom, é bonito e tudo de bom num só aparelho, maravilhoso!!!!!",Positivo
Nao tem como avaliar o produto. Se eu nao recebi ainda.,Negativo
"Amei muito esse celular, com muita memoria tudo funciona legal e tudo de bom",Positivo
"Adorei,  Mesmo tendo recebido com uma tampa errada a troca foi feita muito rápida.",Positivo
"Achei que fosse melhor, quando liga o aparelho ele super aquece, nao da nem p por a mao p tirar a pipoca toda...  nao recomendo",Negativo
"Produto parece bom para proteger o colchão de suor e umidade externa. De algum líquido, em pequena quantidade, que caia também.",Neutro
"Material sintético, acabamento ruim, proporcionando pouca aderência ao local de vedação.",Negativo
"Ela é muito requintada, podendo ser usada para outras finalidades como fruteira e etc. Amei !",Positivo
"bom, porem a embalagem veio completamente destruida",Neutro
essse  produto nao tem opiçao de compra no boleto quero muito mais nao consigo,Neutro
Não recomendo pois fica mal colado e não adianta fazer nada que não resolve,Negativo
Muuuuuuuuuuuuuuuuuuuuuuuuito boooooooooooom! Recomendo muito! Podem comprar!,Positivo
"O carregador chegou todo quebrado, não é o mesmo cabo da foto, foi uma péssima experiência, NUNCA mais comprarei nessa loja. Não recomendo para ninguém.",Negativo
Muito bom. Mmmmmmmmmmmmmmmmmmmmmmmmmmmmmmmmmmmmmmmm,Neutro
"Simples, de construção barata, acabamento mediano. Interessante para quem está aprendendo a fazer ajustes e não quer gastar muito no aprendizado, ou pretende fazer um upgrade em uma guitarra simples.",Neutro
Bom celular. Belo designer. Rapido. Atende minhas expectativas,Neutro
"Ainda não tenho opinião formada,pois ainda não vir resultados no produto.podem sem que alguns dia posso tem outra opinião.",Negativo
Mas não é tão silencioso como prometido hhhhjjj mnbgf gggjj hssegh ghgcvhj hgdddbk,Neutro
"ótimo produto , com cores vivas e entrega muito antes do previsto.",Positivo
"Chegou bem antes do prazo e conforme anúncio, adorei o relógio muito lindo , loja confiável eu recomendo !!",Positivo
"Normalmente uso tamanho 35 para sapatos e sandálias com salto. Comprei o tamanho 36, porém ficou apertado na parte do peito do pé.",Neutro
"Material fraco, de péssima qualidade. A bateria veio com defeito, só puder usar uma vez. Já solicitei a devolução.",Negativo
"Otimo produto, recomendo a compra. Excelente marca.",Neutro
Estou arrependida pq só veio o motor e não chegaram as peças acessórias. Como vou usar? Arrependimento total e desrespeito com o cliente. Não recomendo,Negativo
Muito boa fotos excelentes tamanho peso ideiais para iniciantes.,Positivo
Notebook muito bom. Características adequadas para games. Vale o investimento.,Positivo
"O livro chegou bem embalado e intacto... o único detalhe que não agradou é o fato do livro ser confeccionado tipo Espiral e não Brochura, como sugere a ilustração (sem o espiral), sendo que em sua descrição no site não avisa sobre essa característica do produto.",Neutro
"produto de excelente qualidade, único ponto fraco é a vida da util bateria, e por não vir carregador, mas a entrada é padrão de celular",Neutro
Fácil e prático. Adorei . Ideal para qualquer lugar .,Positivo
"Meu banheiro ficou sequinho e muito bonito com esse kit box, entrega e instalação antes do esperado, super recomendo, mais barato que qualquer vidraçaria que consultei. Custo beneficio 10!",Positivo
"Super pratico, facilita o trabalho na hora de cozinhar!",Positivo
"Produto Muito Fraco, Não Amola Direito, Não Gostei Joguei Fora.",Negativo
"Gostei  da fritadeira, igual a que esta na imagem, chegou antes do prazo previsto. mas não gostei para fritar batatas em rodelas. elas ficam sem gosto. no mais esta me atendendo bem.",Positivo
"Entrega rápida, vendedor excelente! Podem comprar sossegados!",Positivo
"O produto não gela. Apenas deixa frio. Nunca coloquei nada natural para ver se gela. Sempre tirei as coisas direto da geladeira. Na parte da tarde que é mais quente água por exemplo está apenas fria. Mas achei melhor que garrafa térmica, mas com investimento bem maior também.",Neutro
"No primeiro mim e achei q o produto era original, posteriormente usando o mesmo, afirmo com toda certeza que não é. Este perfume é o meu preferido e sei diferenciar o original do falso!!!",Negativo
"Lojas Americanas como sempre, está de parabéns.. entrega rápida e segura!!  #excelente",Positivo
"Aparelho excelente, gela muito e é bem silencioso.",Positivo
"comprei esse mouse sem fio HP achando que iria funcionar ele liga acende a linda luz azul dele mas não funciona fiz todos os testes recomendados pela marca inclusive tive mais um gasto com pilhas novas e nada de funcionar, querem comprar mesmo assim comprem, mas pensem duas, três, quatro vezes antes de comprar se mesmo assim quiserem comprar ok vai que seja o sortudão, eu nao fui infelizmente fiquei com o prejuízo.",Negativo
"Comprei para meu filho pois seria o primeiro violão dele, o anuncio mencionava ideal para iniciantes, mas ele não produz nenhum som, e veio com corda quebrada. uma porcaria, não compre.",Negativo
"Muito bom produto, indico o produto.aaaassfghbhhnbjjbnjbnkmdjjcjjc",Positivo
"PRODUTO FALSIFICADO. Americanas, estou decepcionado com vcs. perderam cliente. nunca mais, americanas lixo.",Negativo
"o produto simplesmente não cumpre sua Função não consegui aparar os pêlos ,pois não apara .joguei no lixo.",Negativo
"A conexão de entrada é muito grande/larga, dificultando a entrada/encaixe do plug, fazendo com que os pinos do plug fiquem soltos e com mal contato, dificultando a passagem da corrente elétrica, qualquer movimentação na mesa o plug desencaixa e desliga os equipamentos.",Negativo
Melhor do que eu esperava.  rsrsrs...  Recomendo.  Muito bom. Tira todo o suco da fruta e o melhor de tudo sem barulho.  Motor silencioso.,Positivo
"Estou esperando a mesa até hoje dia 8/01/2018, e ainda não foi entregue....já se passaram mais de 30 dias....por favor me devolver o dinheiro, senão precisarei fazer um Boletim de Ocorrência de Estelionato. Atenciosamente, Elcio Polezer",Negativo
mito bom gostei e sempre precisar eu retorno no site!,Neutro
Ferro esfria rápido fora da base. Serve em caso de uma peça que você precisa passar na hora de sair. Para as roupas do dia a dia comprei outro com fio.,Negativo
"1) A código da nota fiscal segundo o site da fazenda (link) necessita de 44 números e o informado por vcs via e-mail possui 40, portanto não consegui visualizar a NF.  2) A máquina em questão não possui tomada padrão (Brasil), não tem selo do INMETRO nem no produto e nem na caixa. Aparentemente é ""falso""!!!  E segundo site da própria Wahl;  ""Fornecemos até 2 anos de garantia nos produtos comercializados pela Wahl Brasil, não dando suporte técnico e garantia a produtos que não são originais e/ou não tenham certificado INMETRO e/ou não são comercializados pela Wahl Brasil."" (http://wahlglobal.com/brazil/hairstyling/wahl-legal.html).  Comprei produto na confiança e garantia da marca Americana e recebo um produto aparentemente falso ou pelo menos fora dos padrões brasileiro.",Negativo
"Recebi um produto completamente divergente da imagem Não comprem pois serão enganados como eu fui  O que me enviaram tem o tamanho de uma garrafa pet 2l  Ridículo, não comprem",Negativo
O efeito da coleira é para durar aproximadamente 8 meses. Faz pouco dias que estou com o produto. Por enquanto o produto está funcionando excelentemente bem. Vamos ver daqui alguns meses se vai continuar funcionando.,Positivo
Avaliei como péssimo porque o produto veio usado.fiquei muito frustrada ao abrir a caixa e ver que o produto estava sujo engordurado faltando peças. Pedi a troca e ainda não  obtive resposta.por favor me respondam ou terei que entrar com uma ação  judicial.,Negativo
"Gente, produto maravilhosos, super recomendo, recebi antes do prazo!!!",Positivo
"Gostei da praticidade de poder pagar na própria loja,da rapidez do transporte e da forma em que a loja interage com o cliente informando onde o produto se encontra; parabéns recomendo.",Neutro
Cumpriu o prometido! Recomendo a todos que quiserem comprar.,Positivo
"Entrega dentro do prazo indicado, produto em perfeito estado.",Positivo
Este livro é ótimo para preparação para concursos!,Positivo
Produto atende as expectativas e a entrega  foi  muito rápida,Positivo
"Achei o tecido muito sintético, um par veio repetido, chegou antes do prazo é de modo geral é bom o custo beneficio",Neutro
"Bom para a faixa de preço dele, realmente vale a pena!",Positivo
"O produto é bom, mas não é como na embalagem. Comprei pensando ter esta escova uma cabeça fina, como outra da mesma marca e como a embalagem mostra, mas ao abrir o produto notei que a cabeça da escova possui a mesma espessura de todas as outras.",Neutro
"O meu cabelo ficou grudando, muito estranho. Nunca tinha acontecido antes.",Negativo
"Adorei a TV até acho que não tem outra marca que seja melhor que a Toschiba pode até ter igual mas não que seja melhor.  A entrega foi muito Rápido, a única coisa que deixou a desejar foi o código para rastreamento, mas foi porque o envio goi através de transportadora.  Enfim deixo o meu PARABÉNS Americanas. com",Positivo
"xxxxxxxxxxxxxxxxxxxxxxxxxxxxxxxxxxxxxxxxxxxxxxxxxxxx, muito bom!",Neutro
Adorei o produto e chegou no prazo estipulado pela loja. Recomendo!!,Positivo
O produto é de boa qualidade e de fácil montagem. Gostei muito.,Neutro
Achei o tecido mt ruim e desbota fácil. O lençol enche de bolinas.  Falam 150 fisso mais na verdade é poliéster.,Negativo
"A pipoqueira é boa, olhando para seu preço.  PRÓS: - rápida, prática, não faz sujeira, fácil limpar  CONTRAS: - faz muito barulho, vibra muito, partes plásticas não tem um encaixe perfeito.  PELO PREÇO PAGO É UM BOM NEGÓCIO, ELA CUMPRE O QUE PROMETE E TEREI PIPOCA SEMPRE QUE QUISER DE FORMA FÁCIL  OBS. como não vai óleo, o sal não pega muito na pipoca",Neutro
Boa noite só tem um ploblema veio sem fone.tem como vcs mandar o fone,Neutro
"Muito ruim a capa, de plástico, faz barulho, desconfortável pra dormir.",Negativo
"Nao posso opinar ainda não fez efeito, depois opino...",Negativo
"Infelizmente recebi meu celular já tem mais de uma semana  E até agora ainda não pude avaliar  Veio um celular importado  Um carregador que nunca vai dar em alguma tomada  Não comprei isso e estou até agora esperando pra resolverem o meu problema  Levei muito azar ,comprei pq o site era das americanas e pq li as avaliações antes  Talvez daqui alguns dias possa avaliar",Negativo
"Acho que deveria ter mais promoções como essa , no inverno e no verão , agora mesmo estamos no inverno pode se fazer uma promoção de aquecedores portátil etc..",Positivo
"Imagem ótima, Mais deixa a desejar ao apresentar Falha, (ao conecta à rede Wi-Fi), Já fiz diversos procedimentos compartilhados no YouTube, Todos os Dias tenho quê repetir o procedimento que chega a ser um Saco!    A rede wi-fi Não fica salva na Smart TV Samsung MU6100, as vezes não mostra opção de redes disponíveis, Não recomendo, até disponibilizarem uma atualização do software.",Negativo
"Meu aparelho zenfone tem 2 meses no suporte técnico, o chamado fundo de quintal, não tem compromisso com consumidor, estão fazendo de tudo para evitar ressarcir.",Negativo
"Cuidado ao comprarem! A Dell informou que o prazo de entrega seria em 07/03, mas desde o dia que eu comprei em 19/02/2018 o status no site da Americanas continua ""Aguardando nota fiscal"".  Se o produto é bom? Deve ser, mas nunca chega, né Dell?  Monitor LED Full HD IPS 23,8"" Widescreen Dell SE2416H Preto Vendido e entregue por: Dell  Pedido efetuado 19/02/2018 13:42 Pagamento autorizado 19/02/2018 13:52 Aguardando nota fiscal 19/02/2018 14:25 Cancelamento solicitado 09/03/2018 16:15",Negativo
Um ótimo tablet. Para mim está sendo de muita utilidade. Cumpre o que promete.,Positivo
Falta inspecionar o produto durante o seu armazenamento no depósito para evitar possíveis danos,Negativo
"O perfume não tem a mesma fragrância do  original tem cheiro de álcool forte , veio com umas coisas estranhas no líquido essa mondelaine que é a responsável pelo produto só vende perfume falsificado várias reclamações no reclame aqui , fiquei chateado com as americanas por ter se associado com uma empresa que faz esse tipo de coisa , não recomendo comprar nenhum perfume pela americanas.com lembrando que o cheiro do perfume não fica nem 1 hora no corpo .",Negativo
"Esse produto foi bom,comprei dois lenço o outro está uma palhaçada,foi entregue em lugar errado e não consigo falar com você e nem com a incompetente da transportadora direct  Nunca mais compro nada pela lojas Americana",Neutro
Processo muito demorado de resolução de problemas o prazo venceu 16/02 e até agora não conseguiram identificar onde foi parar meu produto e nem se quer enviaram outro.,Neutro
excelente para sinal em área rural. e atende as minhas espectativa,Neutro
"Apesar de constar em dois dos 3 representantes, americanas não entregou o produto.",Negativo
"O pedido veio errado.  Pedi o ESPESSANTE Bio*Sen.  Entretanto, o que veio foi o NUTRIENTE Bio-Sen, que não atende ao que me foi receitado pelo médico. Dai a avaliação do produto como 'ruim"".",Negativo
"A chapinha não esquenta muito, pensei que seria melhor.",Neutro
"Imaginei algo mais denso.....acho que falta ""recheio""",Neutro
"O montador ao desembalar o produto constatou que a porta chegou quebrada, porém e montou assim mesmo, gostaria que fosse trocada.",Negativo
Muito bom ....................................................................................................................................................................................................................................................................................,Positivo
maior porcaria que fiz em comprar estas peliculas nao valem nada e um plastico porcaria fis duas reclamasoes e nao foi atendido pois tive que jogar fora eu pedi pelicula de vidro nao papel contacte  mau atendimento nao aconselho pra ninguem comprar esta porcaria de papel e nao adianta falar sobre colocaçao pois coloco todos os dias.,Negativo
"Prática e seca rapidinho os cabelos. Só não aprendi ainda a usar o pente alisador, acho que os meus cabelos são muito finos...",Neutro
"É como eu queria, pequena e coloquei dentro da caminha, para ficar mais quentinha, sou do sul. Tenho um pinscher.",Neutro
"Produto de fácil montagem.  Atendeu todas as expectativas. Simples como imaginei, eu índico para quem quiser comprar. A única coisa ruim foi o prazo mas acredito que o atraso foi devido ter comprado no final do ano, mesmo assim não demorou muito.",Neutro
"Não comprem da empresa tatuifer, não tem respeito com os clientes, pois já faz quase um mês que comprei e não recebi o produto",Negativo
Produto excelente qualidade 10 resolução 4k é coisa de loko inexplicável,Positivo
"MUITO BOM O JOGO, MEU FILHO APROVOU, RECOMENDO ESSE JOGO.",Positivo
"Nada a reclamar da Americanas como sempre entrega no prazo e o produto chegou em perfeitas condições, já em relação ao anuncio a foto postada nada tem a ver com o produto entregue pela KIOSK DIGITAL, não recomento o produto já havia visto o mesmo que me foi entregue que é totalmente diferente da foto apresentada, e ele é de baixa qualidade além de no próprio site da americanas ter ele com preço bem menor entendo que justamente pela qualidade dele.",Negativo
"Ótima compra, instalei no meu carrinho de rolemã, agora ninguém pega. Voitão é Voitão. Recomendo.",Positivo
Produto bonitinho mas ordinário - a parte transparente racha bem ao meio. Não recomendo pois joguei meu dinheiro fora,Negativo
"Dura bastante e consegui carregar o IPhone Plus mais de 4 vezes. Ou seja, posso carregar 2 aparelhos por mais de duas vezes.",Positivo
Entrega sem problemas.. Produto dentro das expectativas...,Neutro
"Eu amei o aparelho, designer lindo, as lojas americanas foram super rapida com a entrega.  Minha maior decepção foi q cm uma semana q recebi o aparelho ele com capa e pelicula ja no aparelho levou um leve tombo do sofa e trincou a tela e so liguei na autorizada 1.015,00 so pra trocar a tela. Paguei caro nesse celular e ainda ter essa tamanha fragilidade.",Neutro
"Adorei o produto! Entrega rápida, super dentro do prazo!!!!",Positivo
Produto muito bom e o preço melhor ainda. Recomendo!!!,Positivo
"Sempre fica um pouco de pó no fundo da xícara,  tive que comprar o filtro de papel, aí sim. A máquina é boa, mas o filtro deixa a desejar.",Neutro
"O produto não atingiu minhas expectativas, inclusive, solicitei sua devolução.",Negativo
"Mercadoria correta e entregue antes do prazo, muito bom!",Neutro
"Ele é muito bonito, leitor muito bom e rápido. Mas a camera é péssima e a bateria não aguenta nada. Só não desisti da compra porque precisava com urgencia.",Negativo
"recebido, sem atraso , o produto era o que eu esperava",Neutro
Serviu bem para o que foi proposto. Recomendo a todos.,Neutro
Produto bom...recomendo...chegou em perfeitas condições. Porém um pouco difícil o rastreamenro da entrega.,Neutro
Eu recomendaria esse produto para colecionadores e principiantes.,Positivo
"Um bom celular e com excelente memoria. Mas, a bateria dura pouco mesmo sem o uso (durante a noite) e as cameras frontal e traseiras são muito ruins para um smartphone top.",Neutro
"Prática, versátil, levinha, qualidade do som muito boa, já usamos esse amplificador em sala com 100 pessoas e ele deu conta do recado muito bem. Bateria duradoura, umas 4 horas. Super recomendo!!",Positivo
"avaliar como se o celular ainda nao chegou ,avaliaçao da entrega ruim",Negativo
"Ele  tem a jarra e o motor grandes. Chegou ha pouco tempo, a avaliação melhor  so com o tempo o pra dizer.",Neutro
"sou uma pessoa de muita duvida, mas acertei mto bem na escolha do aparelho, roda jogos e aplicativos mto bem, a bateria durou comigo 1 dia e meio com uso intenso, carrega rapido, amei o aparelho a asus sempre entrega otimos produto",Positivo
nao consta a gramatura das folhas.  achei bom que tem foto das folhas internas e na descrição fala q nao sao decoradas,Neutro
Roubaram meu dinheiro !!! Vocês nem se deram o trabalho de entregar o meu produto e estou em uma dificuldade enorme pra ter meu dinheiro de volta. Não comprem !!  Americanas nunca mais,Negativo
"A Americas me manda um e-mail pra avaliar o produto que comprei, sendo que está a quase 1 mês com o mesmo status de que o objeto foi encaminhado para a minha cidade. Daqui 1 semana encerra o prazo final para a entrega... qdo (se) eu receber o relógio, darei minha avaliação!",Negativo
"Um jogo interessante que ajuda a despertar nosso raciocínio, recomendo a todos que gostam de jogos que utilizam a mente para realizar manobras, quebra-cabeça, etc.",Neutro
Livro com dicas maravilhosas para quem se interessa por psicologia e sua ligação com as dores físicas. Linguagem de fácil intendimento. Maravilhoso o conteúdo,Positivo
"Bem confortável, a reclinação deixa meu filho a vontade e a entrega foi feita antes do prazo estipulado. Recomendo!",Positivo
Uma porcaria mesmo!!!!!!!!!!!!!!!!!!!!!!!!!!!!!!!!!!,Negativo
"Atendeu minhas expectativas, ótimo para realizar os desenhos técnicos.",Positivo
O produto supriu minhas necessidades!!! Show de bola!,Positivo
Nao simplifica para aquecer alomentos prontos. Poderia funcionar nelhor sendo mais prático,Negativo
"Ótimo produto,entrega rápida eu recomendo me entregaram antes do prazo.A entrega foi efetuada antes do prazo!",Positivo
"A transportadora contratada pela loja Americanas é péssima. Eles informam que o endereço não tem acesso só para não realizar a entrega. Um absurdo, pq se comprei o produto eu espero receber dentro do prazo e sem passar por tanto constrangimento. Eu realmente acho q o site poderia contratar uma transportadora fidedigna. Lamentável.",Negativo
"Entrega dentro do prazo, produto conforme descrição.",Neutro
"Aparelho original, pois já comprei em outro lugar e me entregaram uma replica falsa  mas este sim tem bateria de 10000mha. Excelente power bank, recomendo para todos que tiverem interesse.",Positivo
"Achei um ótimo custo beneficio, e atende minhas necessidades tranquilamente, recomendo o aparelho.",Positivo
A região do auto-falante aquece muito a ponto de incomodar mesmo em conversas breves. A LG precisa resolver este problema!,Neutro
"Comprei o celular e chegou dia 16, coloquei o chip e até agora nada de sinal, já entrei em contato com a operadora do chip e não consta nenhuma anomalia.",Neutro
"Bons para usuários domésticos. Teclas macias e precisas, mouse muito preciso também. Porém não concordo com o preço cobrado. Pois neste preço temos outros kits com condições melhores.",Neutro
"Um ponto positivo foi a entrega antes do prazo. Quanto ao produto, até o momento está tudo ok.",Neutro
"O produto atende as expectativas, porém a entrega foi péssima, embalado em um saco de lixo preto, com o ziper do pacote estourado e cheio de fita adesiva para fazer o pacote fechar...",Neutro
Comprei para cozinhar a papinha do neném. Muito mais prático do que usar a panela grande.,Positivo
Bateria dura muuuuito. É  rápido e dinâmico.  Fora o custo benefício.,Positivo
O cell é bom só tem um detalhe o fone é muito ruim prefiria mil vezes o modelo antigo dos fones da Samsung esse fone novo não segura no ouvido só fica caindo não gostei de jeito nem um.Obrigado por pergunta minha opinião sobre o aparelho.,Neutro
Comprei esse celular pro meu filho ele gostou e é muito bom,Positivo
Muito mais bonito do que a foto. Muito bom o relógio.,Positivo
"Comprei duas unidades. Assim que chegaram, coloquei-as para carregar na tomada por 13h. Uma delas carregou normalmente, a outra sequer pegou carga.  Comecei a usar a que carregou normalmente, ela não conseguiu carregar nem 15% do meu celular. Carreguei-a novamente, e ela não segurou mais carga nenhuma.  Devolvi os dois carregadores à Thata Esportes, estou no aguardo do estorno do valor no meu cartão de crédito.  Não recomendo.",Negativo
sem palavras mudou meus pensamentos totalmente sobre a motorola... gostei realmente.....2018,Positivo
"O Produto era pra ter chegado dia 03 até hoje nada , nem satisfação eles dão",Negativo
Sem problemas.  Aparelho  sem problema aparentes. Ate agora nao me deu problemas.,Neutro
"Usei uma vez só, ainda não dá para avaliar bem, mais gostei. A única coisa que achei estranho foi a embalagem que não veio a mesma da foto que comprei, o vidro veio todo dourado com tampa dourada, sendo que o que comprei foi amarelo com tampa marrom, mais tudo bem, deve ter mudado a embalagem. Como já usei antes, fico em dúvidas se é o mesmo. Eu acho que deveria ter uma notificação de mudança de embalagem na hora de vender",Neutro
"ótimo produto, supera expectativas, além de manter o smartphone seguro ao pegar.",Neutro
Funciona corretamente. Leia com atenção os detalhes da forma de configuração para evitar retrabalho. E pensar no melhor local que possui tomada.,Neutro
Adquiri o produto porem o display digital que mede a distancia do obstaculo nao esta fucionando corretamente. E fica dificil ter que pagar pra desistalar e reinstalar o produto.,Negativo
"Não me arrependi, até agr atende as expectativas! Minha mãe curtiu, esta cumprindo sua função!",Neutro
"Gostei muito do carregador, funcionou perfeitamente só não ta excelente porque demorou 1 mês pra entregar em casa.",Neutro
"Comprei este produto com dois cartões.Ai recebi um comunicado q o pedido não teria sido aprovado,que eu teria que passar outro cartão. Aí passei um cartão só com o valor total.Achei que automaticamente não teria debitado no meu cartão na primeira compra.Concluindo .Tive duas cobranças na minha fatura indevida.Peco que resolva o mais rápido possível.Nao estou conseguindo contato com vocês. Por isso coloquei aqui.",Negativo
"Achei fraco, frágil demais e barulhento pro tamanho. Mas é fácil de manusear, então...",Negativo
"boa tarde , moro em goiania , estou em um lugar de fácil acesso porque vocês não verificam transportes para outras cidades porque estão perdendo muitas vendas , muitas pessoas gostariam de comprar seu produto mais por falta de logística estão perdendo vários clientes.",Neutro
"O produto veio configurado com um calendário cuja data não passa do ano de 2014, ou seja, impossível de se colocar a data atual no aparelho. Tirando este problema, o produto atendeu as expectativas.",Negativo
entregou duas partes iguais e até o momento na consegui o produto completo. horrível o  atendimento por parte da americanas. tive que entrar em contato direto com a loja .,Negativo
"O produto veio praticamente perfeito, mas, ao ligar a mangueira de água na torneira o conector na máquina estava mal colocado, não frouxo, e espirrou água, quase atingindo a tomada de energia. Ainda, a mangueira para escoar a água usada veio mais curto, até mais para outra direção, que o modelo anterior que tínhamos, uma Brastemp Mondial ...",Neutro
"Comprei para minha mãe, ela está gostando muito, mas acreditei que a bateria pudesse ser um pouco melhor! Mesmo assim recomendo! :)",Neutro
"Amigos. Meu vício e tv. Tenho 5 em casa. Ėssa tv Philco com Android é péssima! Fica a beira do lmpossivel de tão ruim. Som péssimo imagem péssima. Interatividade péssima . Demora pra ligar . As funcionalidades horríveis. O manuseio péssimo . Smartv horrível o aptoide não tem aplicativos bons . Então resumindo junta mais um pouco de grana e compra e compra a LG , Samsung ou Phillips ou Sony  não jogue seu dinheiro fora . Não compre essa porcaria . Não recomendo bom pro meu inimigo . Enganação.",Negativo
"O perfume simplesmente não fixa, parece até que é falso. Já tive esse perfume antes e fixava bem na pele. Estou bem insatisfeita",Negativo
"Comprei sabendo que a qualidade não seria das melhores , mas quando recebi e fiz um teste , me assustei com a péssima qualidade de imagem e foto do produto !!",Negativo
Atende  as necessidades basicas e bom custo beneficio,Neutro
fiquei um mês pra esperar o produto chegar e quando chegou veio de outra marca que não me server,Negativo
"Não tenho o reclamar, celular sem problema por enquanto é entrega dentro do prazo",Positivo
"Ótimo produto,só mudaram a data de entrega ,mas chegou",Positivo
"Comprei pra assistir Netflix no banheiro quando a bateria do celular acaba, mas meu braço tem ficado cansado, pois não tem onde pendurar. Espero que solucionem a questão do peso!",Neutro
"Gostei bastante, melhor eficiência com cartucho XL, sinal wifi excelente, também gostei da facilidade de usar o app pelo celular. RECOMENDO",Positivo
"Imaginei que as toalhas fossem um pouco mais grosas, me decepcionei nesse quesito. O tamanho é o padrão e as cores correspondem as das fotos, adquiri três kits. A entrega ocorreu bem rápida, antes do prazo previsto.",Neutro
Veio somente o livro On The Beat 2 Sb apenas e eu comprei o livro: On The Beat 2 Sb With Wb And Digital Book.  Gostaria do envio da entrega correta ou o estorno do cartão referente ao valor pago por este livro.,Negativo
"É uma câmera simples mas cumpre sua função, e vale o custo x beneficio.",Neutro
"Valeu a pena comprar... preço está bem em conta!  Meu filho adorou ficar desde o primeiro dia!  Entrega mega rápida em 7dias.  Apenas tem dois ponto chatinhos no produto : *no mobile, os brinquedos ficam bem no rosto da criança e a *musica que toca junto com a vibração é muito alta para  bebê pequeno.",Neutro
"O produto é de qualidade e me atendeu como imaginei, pois, não sou fã de som estridente.",Neutro
O produto e muito bom mas infelizmente o meu veio com dois risco no pé da mesa.,Positivo
Atende todas as necessidades. Me ajuda muito com o plystation 4.,Neutro
Muito boa duração da bateria e desempenho de videos,Positivo
"O aplicativo da impressora não reconhece a tinta, portanto não é possível verificar,  via aplicativo, a quantidade de tinta disponível no cartucho,",Negativo
"O aparelho deixa a desejar em alguns aspectos, com: leitor de digital, câmera e processador.",Neutro
"Comprei de páscoa para minha afilhada, chegou antes do prazo e perfeita! Ela adorou! Super recomendo.",Positivo
"Muito bom o material, macio o acento, e muito bonito!",Positivo
"Eu recomendo este produto. Na minha avaliação, vale a pena adquirir o produto.",Neutro
"Não efetuei a compra, pois tenho interesse na função grill. Nas especificações do produto não informa nem que sim, nem que não. Poderiam tirar essa dúvida? Obrigada",Neutro
"O produto vem embalado de forma a proteger o produto, foi entregue antes da data informada e estava tudo de acordo com o que foi anunciado.",Positivo
Recomendo o produto. Muito bom. Cumpre o que promete.,Positivo
"Muito frágil, os parafusos da parte que fica encostada no colchão dá pra tirar e colocar com as mãos, não precisa nem de ferramenta. A pessoa que comprar tem que ser muito cuidadosa.",Negativo
"Comprei o produto, e por duas veze as americanas não teve a competência de garantir a entrega do produto, que era um presente para meu filho. Não posso opinar sobre o produto, mas fiz questão de deixar registrado a falha catastrófica das americanas, que por fim assumiu a incompetência e vai estornar o crédito no cartão.",Neutro
Tive dificuldades para montar o parafuso grande para o tamanho do orifício.. quebrou.,Neutro
Usei poucas vezes mas o produto é resistente e de Boa qualidade.,Positivo
"Não tive nem a oportunidade de ver o produto escolhido, já que me foi entregue outro rack de valor inferior e eu fui obrigada a devolver para receber o estorno no meu cartão porque a empresa não efetua trocas. Eles erraram e eu fiquei sem o rack que escolhi e pelo qual paguei. No momento, espero apenas que o estorno do valor seja realizado, uma vez que o produto já foi devidamente devolvido.",Negativo
"Produto não sai água, nem uma semana de uso já consta que o problema é o filtro(assim diz a assistência técnica )",Negativo
"Apesar de ter pedido uma conta roxa e recebido uma verde, é um bom produto, bem forrada e confortável.",Neutro
Comprei esse aparelho nao funciona  Nao pega os canais Tentei varias alternativas Quero meu dinheiro de Volta Vendedor me auxiliou no comeco depois nao respondeu mais  Disse a ele que quería devolver!,Negativo
"Não recebi a bolsa preta que diz que acompanha o produto, propaganda enganosa",Positivo
"Boa noite infelismente na minha primeira compra pelo site , recebi um aparelho com defeito , já estou tendo que esperar mais pelo mesmo . Muito chateado.",Negativo
Atendeu as minhas necessidades...entrega foi rápida,Neutro
Produto muito bom ... e tenho que destacar a entrega ... muito eficiente . Chegaram todos antes do prazo ... parabens,Neutro
"otima qualidade e boa iluminação, atendeu minhas expectativas.",Positivo
"AMERICANAS ESTÁ DEIXANDO A DESEJAR, PARCEIROS RUINS, SEM RESPOSTAS. NÃO COMPRAREI MAIS COM VOCÊS.",Negativo
Ainda não recebi a mercadoria. Ficaram de me entregar dia 14 e hoje já [e dia 18 de abril e nada me foi entregue. Sem ter em minhas mãos o produto é impossível avalia-lo,Negativo
"Gostei muito do cobre leito, usei p/outro fim, mas deu super certo.......recomendo....",Neutro
"Produto de alto “custo-benefício”, estrutura metálica de qualidade questionável. Ainda aguardando o funcionamento do maquinário.",Negativo
"Valeu a pena, bem prático o produto e ótimo custo benefício",Neutro
atendeu minhas necessidades no momento em que precisa custo x beneficios recomendaria,Neutro
Produto muito bom e entregue antes do prazo previsto.,Neutro
"Satisfeito, produto chegou no prazo e em perfeita condições.",Positivo
Pode comprar sem show de bola quem compra garanto q não vai se arrepender,Neutro
"Amei veio o geito que eu queria perfeito ,a entrega veio ate antes. empresa esta de parabens ! Nota 1000",Positivo
"Tive problemas com a entrega, mas foram os Correios. Fui muito bem atendida. No mais, adorei minhas almofadas! São lindas e confortáveis, o zíper fica discreto, o material muito bom. O preenchimento, dentro do esperado. Super recomendo!! Em breve comprarei outras.",Positivo
"ótimo produto . É um celular rápido, bonito e tem muitos recursos. recomendo.",Positivo
"Adquiri o produto e, após uma semana de espera, pude acelerar cada cavalo desta 250cc..Perfeita! Mas o problema é que o anúncio se trata de uma moto com o fundo branco em .JPG! Não em .PNG como chegou aqui. Lamentável!",Negativo
"O quadro é lindo, material de qualidade, muito bem trabalhado. Cores bem vivas, faz toda a diferença no ambiente. Super recomendo essa compra.",Positivo
"Confesso que logo que o recebi pensei em manda-lo de volta pois por vezes ele travava, o que era muito chato. É até hoje houveram eventos em que ele desligou sozinho. Mas como foram eventos esporádicos/isolados, deixei passar. Menso sabendo do meu direito de consumidor, prefiro evitar a burocracia. Sei que pareceu muito crítico negativo o comentário, mas em suma, é um bom produto. A Lenovo está se saindo bem na continuação da Motorola e quanto ao atendimento das Américas, a entrega foi mais rápida que o esperado. Agradeço.",Neutro
"Chegou uns dias atrasados, tem que melhorar ou dar um prazo mais longo que deia para fazer a entrega e não deixe o cliente ansioso para receber o produto",Neutro
"aparelho é bom, mas achei o cabo dela muito fragil",Neutro
"Unica coisa que me deixou um pouco triste foi o fato do aparelho não ter infra vermelho, estava acostumada com o LG dua lite pro D685  a ligar todos aparelhos de casa  A biometria para mim não faz falta  e amei que ele não tem a luz de notificaçoes, pois a noite é bem chato",Positivo
Meus pets adoraram a água fica mais fresca e evita de ficar babá....,Positivo
"Entrega rapidíssimo!!!   Muito antes do prazo, considerando feriado (Carnaval) !!  Mochila boa, com cabo reforçada (aço), como ainda não cheguei a usa-lo, não sei avaliar a qualidade em relação à impermeabilização. Apesar de 4 bolsas (ziper), nas bolsas não tem compartimento onde pendurar as canetas/lapiseiras, terá que largar na bolsa menor.",Neutro
"Produto de ótima qualidade, recomendo a todos a compra.",Positivo
"Torneira linda, porém não instalei ainda, mais chegou antes do previsto, só uma coisa deixou a desejar foi o acessório que é curto e não fala o tamanho na descrição do produto, terei que fazer uma adaptação por isso não foi instalado ainda. Produto lindo eu recomendo.",Neutro
"Como toda sua as máscaras da maybelline, maravilhosa.",Positivo
"Tive que ajustar com lima e lixa, pois o tamanho da moldura não encaixava na central multimídia. Deu um pouco de trabalho mas funcionou.",Neutro
"Parece que comprei um novo Notebook, inicialização que demorava em torno de 2 minutos, agora é feita em menos de 5 segundos.",Positivo
EXCELENTE! PRODUTO DE QUALIDADE! DEIXA O CABELO RESTAURADO!,Positivo
"MT bom. Prático, vc consegue ver td arrumadinho e na hora de pegar tbm fica mais facil.  Amei",Positivo
"Conheço o produto e recomendo, mas infelizmente ainda não o recebi. Problemas com a entrega.",Neutro
"Um equipamento rápido,leve e potente.Este eu recomendo.",Neutro
"Super recomendo esse produto entregue pela parceira Megaroom! O produto é de ótima qualidade, dá para montar facilmente e o preço vale super a pena!!!! Além da entrega ter sido um mês antes do prazo estimado pelo site. Comprei no início desse mês e a estimativa de entrega era para dia 15/03; e, recebi ontem, dia 15/02!!! Super satisfeita!!!! Obrigada!!!!",Positivo
"Muito bonito, mas não testei ele ainda. Assim que testar faço nova avaliação.",Neutro
Achei um absurdo continuar anunciando um produto de um fornecedor que não tem disponibilidade do produto. Principalmente quando se trata de um berço e s mãe se programa dentro daquele prazo que na verdade não existe. E aí? Faz como ? Coloca o bebê aonde? Desrespeito com o consumidor.,Negativo
O filtro para purificador de água IBBL cumpre o papel proposto.,Positivo
"Produto muito bom! Fácil de usar... o único problema é q o fio fica todo torcido, mas o resultado do cabelo fica excelente..",Neutro
"VCS DEVERIAN SER ATENTOS ESSA PLACA CUSTA NO MAXIMO 1.800,00 REAIS",Neutro
"lIQUIDIFICADOR PÉSSIMO, ESSE LIQUIDIFICADOR SÓ TEM BELEZA PORQUE NÃO VALE NADA. SE VC PRETENDE FAZER UM BOLO DE CENOURA POR EX, PODE TER CERTEZA QUE ENCONTRARÁ PEDAÇOS DE CENOURA , POR MAIS QUE FIQUE BATENDO NÃO TRITURA POR COMPLETO.DETESTEI...",Negativo
"Ainda não é possível avaliar o produto, considerando que o mesmo ainda não chegou.",Negativo
"Ficamos satisfeitos, ótima resolução. Entrega rápida.",Positivo
"Aparelho de fácil manuseio, aplicativos disponíveis e teclado de uso facilitado.",Positivo
"Jogo muito bom! Prende a pessoa a ficar horas jogando. Entrega super rápida, comprei na terça e recebi no sábado!",Positivo
Produto bom e loja entrega o prometido e dentro do prazo combinado,Neutro
"O PRODUTO É BOM ,MAS ALUZ FICA LIGADO O TEMPO TODO.",Positivo
Peça muito mais barata que a original e com um preço bem mais em conta,Positivo
O material é muito bom e parece durável. Só imaginei que a ponta da colher fosse um pouco menor.,Neutro
"A fita dupla face é muito ruim, não cola. E também é fácil de abrir, meu filho de 10 meses abre todas gavetas com a trava. Tive que comprar outro modelo.",Negativo
"O produto chegou dentro do prazo informado, e em perfeitas condições. Ótimo site de compras!!! Recomendo a todos.",Positivo
PRODUTO ATENDEU AS EXPECTATIVAS ENTREGA ANTES DO PRAZO ESTIPULADO,Positivo
Um dos únicos defeito das Americanas é exigir que se faça uma avaliação. E ainda por cima tem que ser grande. Assim fica difícil! Essas coisas tem que ser espontânea.,Neutro
comprei o aparelho no dia 11/01/2018 e ja e 31/01/2018 faltam apenas 5 dias pra acabar o prazo eo celular nao foi nem enviado ainda.,Negativo
"Ótimo aparelho, camera excelente! Bateria dura um bom tempo.. tela com cores muito vivas.",Positivo
"Comprei achando que estava adquirindo um produto original Kaspersky, mas se tratava de uma cópia, muita enganação. Mostra foto de um produto original e o que vem não passa de uma cópia. Deveria pelo menos descrever que o produto não é original. Perca de tempo. Quero saber quando irá ser feito o reembolso, pois ja fiz a devolução do produto.",Negativo
"o aparelho esta ligado direto há 40 dias direto, ininterrupto,  e os morcegos não saíram da minha casa. Não obtive resultado com esse aparelho infelizmente.",Negativo
Alguns bits vieram com defeito e alguns soquetes repetidos,Negativo
"Produto foi oferecido pelo site com entrega de menos de 4 dias úteis, porém ao perceber que já se passava da data entrei em contato com a loja e recebi a notícia que não estava disponível no estoque, e por esse motivo teria que esperar eles realizarem o pedido com o fornecedor, descaso total com o cliente. Compra foi cancelada.",Negativo
"Colchão de baixa qualidade, não justifica o preço...",Negativo
"Muito Bom. gosto para cortar espelhos, é preciso pegar o jeito para usar senão fica torto.",Neutro
pensei que fosse o original porem o original é de cor diferente e não amarelado,Negativo
"Eu efetuei uma compra no dia 29/11/2017, com entrega prevista para o dia 12/12/2017. O serviço de entrega que não é os CORREIOS é outro notificou como imóvel fechado sendo que é um endereço comercial. Abre as 8:00 da manhã e fecha as 17:00 de segunda a sexta, Isso não é tudo o Aparelho com garantia de um ano custou  R$    893,97 O vale que me devolveram esta no valor de                           R$    791,12 A diferença  e de                                                                     R$    102,85   Eu quero comprar esse aparelho J7 pro 64 Giga que custa hoje       R$ 1169,10  Teria eu que pagar apenas a diferença de                                         R$275,13   e é só isso que eu quero comprar este celular e pagar a diferença.  Sera que poderiam me atender??????????????",Negativo
"Ótimo produto, fácil de manusear, tudo direitinho. Recomendo!",Positivo
O produto atendeu minhas expectativas. Ótima duração da bateria e processador rápido,Positivo
"A imagem mostra que a largura em aberto é de 1,28m , mas está errado, a largura é de pouco mais de 1,20m, o que deixa bem desconfortável para um casal, já que 1,28 já é o mínimo necessário para colocar um casal em cima. Além disso, achei bem baixo, mas isso é minha culpa que não prestei atenção na dimensão altura quando fui comprar. Fiquem atentos, pois tanto para um sofá como para uma cama, 41cm de altura é bem baixo.",Neutro
"ESTOU TENTANDO DEVOLVER ESTE PEDIDO, JÁ ABRI VÁRIOS PROTOCOLOS NINGUÉM ME ATENDE. QUANDO FOI PARA COMPRAR DEMOREI MENOS DE UM MINUTO , AGORA NÃO CONSIGO DEVOLVER. VOU EXCLUIR MINHA CONTA DA AMERICANAS. OBRIGADO.",Negativo
"O produto funcionou apenas uma vez. Entrei em contato com o fornecedor e o mesmo respondeu que a garantia era de 30 dias não oferecendo solução alguma, nem mesmo uma assistência técnica. É um produto muito caro pra funcionar apenas uma vez.",Negativo
"Aguardei 45 dias, após o prazo final fui informada que a PARCEIRA VAGALUME cancelou a compra, nao recomendo a compra atraves desse parceiro, durante esse tempo constava que o produto estava em transporte, sendo que nunca esteve, muita falta de comprometimento pela parte da empresa Vagalume, referente a Americanas formam prestativos diante do ocorrido.",Positivo
"Gostei muito do produto, prático e fácil de usar. Teve um atraso na entrega, mas fui informada pelo entregador o motivo, gostei do profissionalismo.",Positivo
"Ótimo produto, estrega muito rápida, parabéns pelo comprometimento e eficácia. Muito satisfeito.",Positivo
Adorei o produto so nao gostei da entrega que demorou 30 dias pra chegar na minha ksa devido a uma ocorrencia dos correios mas a loja americanas nao tem nada a ver com isso fora isso muito bom,Positivo
"Comprei na pré venda no dia 12/02 e o status do pedido se quer foi alterado, continua com NF emitida e não sai mais disto desde fevereiro. O jogo foi lançado sexta-feira dia 20/04 e nada... A minha intenção e de todas as outras pessoas que compraram antecipadamente foi a de receber no dia de seu lançamento, isso é óbvio! e não teria sentido comprar 2 meses antes pra receber semanas depois. Se eu soubesse que não seria assim eu não teria efetuado a compra e teria comprado em alguma outra loja. Inclusive ontem passei em um shopping após o trabalho e vi na própria loja da Americanas uma vitrine lotado com este jogo. Americanas descaso total! Entrei em contato com o site do reclame aqui...",Negativo
"Agora ficou muito mais fácil extrair cravos!!! Além disso, não fica marcado o local onde o cravo foi retirado.",Positivo
"Perfeito para cabelos com mexas, limpa e deixa um brilho maravilhoso.",Positivo
"A unica reclamação é a questao do cabo, achei muito pequeno. Ademais, recomendo.",Positivo
"O produto veio direto numa caixa, poderia ter chegado dentro de um saco plástico para melhor proteção.  A luva está descosturada.",Negativo
Como vou saber se a transportadora entregou meu produto pra outra pessoa? Estou esperando até agora ele retornarem o contato para ser resolvido.,Negativo
"Maravilhoso, conforto nota miil. Entrega no prazo.",Positivo
"Gostaria de parabenizar aos responsáveis pela entrega. Sobre o produto, é confortavel, pode ser utilizado como booster (vira assento elevatório para usar na idade final da cadeirinha) Adorei o produto e estou muito contente com a eficácia na entrega. Parabéns aos envolvidos.",Positivo
Achei ótimo o produto e bonito. Só achei um pouco pequena.,Positivo
"recebi o sofa com um rasgo e eles nao vieram ate hoje para trocar, nunca mais compro na americanas. com",Negativo
"Ainda não tive tempo de utilizar bem a chapinha, mas parece ser um bom  produto. Chegou no prazo, funciona bem.",Neutro
O recebimento do produto demorou muito após a confirmação do pagamento.,Neutro
Para quem usa só para ligações e redes sociais e não baixa muitos aplicativos.,Neutro
"Produto bom,preço maravilhoso só achei um pouco pequeno por ir até o número 34",Neutro
Muito bom o produto parabéns  ! Muito bom o produto parabéns  ! Muito bom o produto parabéns  !,Positivo
Produto entregue antes do prazo estipulado. Veio embalado com capricho para evitar quaisquer danos. Estou contente com o equipamento e feliz com o atendimento.,Neutro
Minha cozinha ficou linda com este suporte!  Sem contar que cabe mais cápsulas que a tradicional.  AMAMOS A COR! Recomendamos a todos.,Positivo
"Comprei 2 mixer, um pra mim e outro para dar de presente pra minha mãe. Adoramos o produto, de excelente qualidade, bonito, leve e de fácil manuseio. Escolhi a marca Oster, pois tenho um forninho elétrico da mesma marca e sempre me surpreendo para melhor com os produtos da mesma. Outro ponto positivo foi em relação a entrega. Foi super rapida e entregue antes do prazo.",Positivo
Vai fazer um mês que comprei já até paguei a fatura do cartão e não recebi o produto,Negativo
Pois estou arrependida de ter comprado nesse site pois não consigo entrar em contato,Negativo
O produto atendeu minhas expectativas. Recomendo o mesmo atende o custo benefício.,Neutro
"- Lamento profundamente pela falta de profissionalismo do entregador dá DIRECTLOG, Minha esposa foi quem recebeu o produto (Devido Eu, estar no trabalho) e ela pediu para conferir o produto antes de assinar ( A PEDIDO MEU) para que não tivesse nem uma surpresa desagradável... Ao pedir, o então entregador que nem vestido com uniforme para se identificar..trajando uma blusa REGATA, BERMUDA E CHINELO.... Virou e -DISSE ''SE TIVER UM TIJOLO AÍ DENTRO TENHO NADA A VER NÃO, SOU APENAS ENTREGADOR...EM TOM DE IRONIA E DEBOCHE...E MINHA ESPOSA FALANDO QUE IRIA CONFERIR ( QUE É ALGO DE COSTUME) ELE CONTINUOU DIZENDO, SE TIVER DANIFICADO LIGA PRA EMPRESA, TENHO NADA A VER COM ISSO N E SAIU RINDO E DANDO AS COSTAS.   LAMENTO PROFUNDAMENTE PELO OCORRIDO E CONFESSO QUE PERDERAM UM CLIENTE DEVIDO A TAL FALTA DE CORDIALIDADE DO ENTREGADOR E ESPERO TER UM RETORNO A RESPEITO DO RELATADO A CIMA.",Negativo
"Funciona bem, boa memória, atende bem minhas necessidades, acesso internet, assisto filmes e tenho alguns apps de jogos que são bem carregados, deixou um pouco lento, porém funcionando razoavelmente bem.",Neutro
"Os produtos da Americana são bons, Bem como a entrega.",Neutro
O único detalhe é que o carregador é incompatível com o padrão Android.,Positivo
"Fiz a aplicação do produto com uma profissional experiente e o resultado não foi satisfatório. Meu cabelo é ondulado e ele não alisou tanto quanto esperado. Aumentou o brilho, apenas. Sem falar que o cheiro do produto, mesmo não sendo forte, fica nos fios por vários dias, quase 1 mês. Não recomendo.",Negativo
Boa tarde!  Solicitei a troca do produto e até o momento não obtive retorno.,Negativo
Tudo como o combinado. Recomendo. Cliente das lojas americanas.,Neutro
"A história é interessante, a campanha do jogo é legal. Mas as missões parece tudo repetitivo.",Positivo
Material de boa qualidade com boa quantidade de adesivos. A criança adorou.,Positivo
Nora 0para atendimento e atenção ao cliente. Nunca mais comprarei nesta empresa,Negativo
"Pedi a devolução, pois o aparelho não liga. Até agora não tive retorno.",Negativo
Produto original. Chegou dentro do prazo. Recomendo!,Neutro
"Produto muito bom, recomendo o produto. acabamento muito bom .",Positivo
"Minha única reclamação é que o touch-screen as vezes não pega, essa é a impressão que tenho. Tenho que clicar 2 vezes no mesmo canto, não sei se é defeito do aparelho. Vou aguardar um pouco mais.",Neutro
Atende minhas necessidades para uso diário com trabalho e lazer.,Neutro
"Cozimento rápido e com segurança. Fácil de manusear, fácil de limpar. Excelente custo benefício.",Positivo
"Este aparelho superou minhas expectativas. Tem uma boa duração de bateria, tira ótimas fotos, não trava , a qualidade da tela é maravilhosa . Só faltou ter USB tipo C, mas as qualidades superam esta falta. Quanto as Lojas Americanas, conservam o ótimo atendimento: o produto foi entregue dentro do prazo, veio bem embalado , como deve ser, recomendo a loja a todos que quiserem fazer uma boa compra sem stress.",Positivo
Ótima TV !!! Lindas imagens e função smart funciona perfeitamente !! Vale a pena e um bom preço!!,Positivo
"Teclado atendeu as espectativas... Pro pessoal q fala q não acende a luz, tem q apertar a tecla Fn+f2... Assim ele acende... Quer mudar de cor, faça o msm... Repetindo essa função ele muda de cor até apagar novamente... Espero ter ajudado",Neutro
"No dia 11/01 comprei este produto,só no dia 22/01 que nota fiscal ficou pronta,era pra de chegado no dia 23/01 e ater agora nada...meu produto ainda não foi enviado pra transportadora..só dor de cabeça..mt cuidado com este produto é lojas americanas e péssima",Negativo
"O produto é o esperado e foi entregue dentro do prazo em perfeitas condições, no entanto veio faltando algumas peças (fixadores) para a montagem do balcão",Neutro
bom produto e chegou rápido. Parabéns !!! Recomendo,Positivo
"A imagem do anúncio traz um case rígido preto (entregue) e uma capa emborrachada cor laranja para o HD (NÃO entregue). Ao informar que a capa não foi entregue, recebi uma ligação informando que eu estava enganado, pois esta capa custava R$ 2.000,00. Realmente fui enganado, mas foi por este anúncio enganador e por este atendimento mal caráter. Nem se quer existe um anúncio para esta suposta capa de ""2.000"". O valor é maior que o de um HD, certamente nos acham idiotas, tentando fazer o cliente pensar que o engano é dele mesmo, informando um valor absurdo por um produto que nem é oferecido separadamente. Na própria imagem disponibilizada nesta página de avaliação o case está acompanhado da capa na cor laranja. Anúncio fraudulento, atendimento péssimo! Sou cliente há anos, jamais tive problemas, até esta compra. Este parceiro prejudica a marca Americanas. Jamais pensei depois de anos como cliente receber um atendimento tão ruim e mentiroso.",Negativo
"Cabo muito curto parece infantil, no primeiro uso já quebrou o balde. Péssima compra e até hoje não consigo falar com ninguém para ter troca do produto devido ter quebrado.",Negativo
Boa para fazer trabalhos em casa. Tô gostando dela.,Neutro
"Produto e prazo de entrega excelente, superrecomendo.",Positivo
"Ótima qualidade, tanto na entrega quanto a do produto em si. Recomendo!!",Positivo
"Apesar dos componentes serem um pouco frágil, atendeu minhas expectativas. Chegou com a embalagem amassada e uma das astes um pouco amassada devido manipulações dos Correios, precisa reforçar a embalagem antes de despachar.  Recomendo o produto.",Neutro
"Não recebi o produto, a compra foi confirmada , na data para a entrega chegou um e-mail avisando que o dinheiro tinha sido estornado. E mais nenhuma comunicação, fiquei sem o produto!",Negativo
"Gostei pra caramba. Puxa, muito bom mesmo. Camera boa, rápido e não quebra",Positivo
"Produto de péssima qualidade! No site eles informam ser de MDF,mas o produto é feito de aglomerado!!! Pura enganação com o cliente!!!",Negativo
O produto e para ser usado tds os dias e é muito fraquinho e o esmalte fica logo escuro no fogo .,Neutro
"Não tenho o que reclamar do produto.  Muito bom.  Porém se forem comprar... comprem em outro site. A Americana estourou com o prazo de dias úteis para a entrega, e nem ao menos entraram em contato. Eu tive que entrar em contato, e só me retornaram no momento da entrega.  Sempre comprei na Americana por ser um site sério e de entregas rápidas, esta entrega demorou quase um mês.  Boa sorte",Negativo
o piso da barraca é  frágil se não forrar com uma loja ele rasga com muita facilidade,Neutro
"Não esquenta, demora tempão secar cabelo. Odiei! Não recomendo a ninguém. Joguei meu dinheiro fora, podia ter juntado mas pouco comprar taiff que é o melhor. Mas agora já era.",Negativo
Gosto de comprar na americanas recomendo ótimos preços e produtos,Neutro
Simples pratica com facilidade na limpeza minha esposa amou,Positivo
Achei o produto de ótima qualidade. Me surpreendeu. Entrega dentro do prazo.,Positivo
"No site está R$ 9,90 e nao é possível comprar, na loja física está mais caro.        R$ 14,90 acho um desrespeito com consumidor",Neutro
"Produto muito bom recomendo,produto cumpre com seu objetivo.",Neutro
Não posso avaliar algo que não foi usado por um determinado tempo.,Negativo
Adorei muito o produto. Ótima qualidade. Recomendo para todos. Entrega rápida também e dentro do prazo.,Positivo
"COMPREI ESSA MAQUINA EM NOVEMBRO DE 2017, CHEGOU COM DEFEITO (VAZAMENTO) E ATE AGORA NÃO CONSEGUIRAM SOLUCIONAR MEU PROBLEMA, QUERO TROCAR ESSE PRODUTO URGENTE!!!!!!",Negativo
"O resultado a nivel de concentração esta sendo alcançado,  porém  estou sentindo fortes dores renal com dormência em alguma  parte do corpo,  principalmente  na mão.  Será  q pode acontecer reação  adversa?",Negativo
"O produto e muito bom, mais veio com uns descascados e muito mal embalado que creio que seja por isso que teve esse descascados. Acho que a loja deveria ter mais cuidado ao embalar seus produtos, para não acontecer esse problema.",Neutro
"TONER MUITO, MAS MUITO RUIM MESMO, IMPRESSORA DE CARTUCHO É MELHOR, SOLTA MANCHA NA FOLHA TODA. NÃO VALE O PREÇO.",Negativo
"decepcionante é ter q avaliar algo que não recebi. não sei onde as Americanas verificaram que eu recebi o produto para considerar que eu, como cliente, deveria avaliar. o sistema de rastreamento das Americanas não funciona mesmo. o parceiro não entregou o produto e informou q a entrega foi efetuada. tsc, ts, tsc.",Neutro
eu comprei no final de novembro e chegou no inicio de dezembro e no começo de fevereiro ambos os mouses que eu havia comprado haviam parado de funcionar mas o tempo que durou foi bem pouco mas fora isso a qualidade do mouse é exelente,Neutro
Até agora não tenho oq reclamar dele foi um investimento bem feito,Positivo
"Produto chegou antes do prazo. Bem embalado, bem protegido com plástico bolha. Recomendo o produto e também o revendedor. Parabéns a Americanas.com",Neutro
sem fixação cheiro muito fraco não parece ser original,Negativo
"Chegou no prazo prometido, altura do som boa e as funcionalidades também.  quanto as opiniões anteriores em relação a pasta de musicas já é possível mudar e quando desliga o som não volta mais para a primeira musica. Bluetooh funcionada perfeitamente, FM não tão bem, mas é problema da minha região. USB e AUX não utilizei ainda.",Neutro
"Boa tarde, por aqui venho avisar que tenham cuidado qndo comprarem no site da americanas.com, pois eles trabalham c/ parceiros que eles não se responsabilizam: Fiz uma compra no site americanas.com e o parceiro PLACE DECOR, 02 poltronas c/ defeito compra feita em setembro 2017 e ate hoje ninguem me da uma solução. CUIDADO",Negativo
"Funciona, mas a chaleira desliga em modo temporário, ou seja, quando a água esfria ela liga novamente mesmo sem água.  Por isso aconselho sempre tirar da tomada.  A agua não chega a borbulhar e já desliga em modo temporário. Não gostei.",Negativo
"A TV cumpre o que promete tenho um modelo anterior mas também 4k, o que falta é explicar aos futuros compradores que a resolução 4K depende de uma Internet de pelo menos 15M, quanto maior melhor. E outra coisa: Menu extremamente explicativo e fácil, opções de configuração diversas, som e imagem perfeitos. Só elogios.",Positivo
Não gostei muito fraco forno demora muito pra assar mesmo na potência máxima,Negativo
Muito bom o produto e um excelente preço Gostamos muito recomendo,Positivo
"Não recebi a mercadoria conforme já informei anteriormente, não recomendo.",Negativo
Produto em conformidade com as especificações e em bom estado. Funcionando muito bem. Recomendo,Positivo
"Bom se você está pensando em comprar um s7 edge não compre, compre o s7 normal, além da tela edge não servir pra absolutamente nada ela tem um grande defeito que ninguém fala quando você compra, ela super frágil e quebrou na hora que fui por no bolso dias depois que celular chegou, fato é tela do s7 edge custa praticamente valor do celular e nos locais mais baratos que achei custa 1800 reais, enquanto o do s7 normal custa 300 reais, então fica minha dica, celular frágil e descartável valor se manutenção fora da realidade !",Negativo
mas interno os reparos de barracha muuuito ruim ja ressecou e esgarcou tive q trocar todos por de cilicone se viesse de cilicone seria perfeito,Neutro
"Maravilhoso, muito boa qualidade, igualzinho a foto ate mais bonito, bem brilhoso mesmo.",Positivo
"ele mancha e por ser anti derrapante fica uma meleca que precisa ser esfregada sempre que suja. Não gostei. Coloquei, na cozinha, Lavanderia e Sacada.",Negativo
Dei para minha mãe de presente junto a outras coisas.  Diferente um pouco da imagem. Preço ótimo. Qualidade boa.,Neutro
Estou gostando  muito comprei dois um para meu filho outro para mim estamos amando a entrega antes do prazo  satisfeita com tudo obrigada,Positivo
soltou do encaixe assim que ligado na torneira e até o presente não obtive resposta do vendedor,Negativo
"Bom dia! Recomendo o produto sim, para ocasiões de pouca complexidade, simples e eficiente.",Neutro
"A prancha esquenta bastante chega fica difícil segurar para passar no cabelo,puxa um pouco os fios dos cabelos. Mas pelo o preço,quebra bastante o galho.",Neutro
Produto deveria ser de maior polegada pelo preço cobrado,Negativo
"IMAGEM MARAVILHOSA MAS DEICHA UM POUCO A DESEJAR NO MANUSEIO DA MESMA,(LENTA) E SO PODE SER INSTALADA EM UM SO CELULAR. DO RESTO E BOM INSTALAÇAO MUITO FACIL",Negativo
Atendeu minhas necessidades.  depende no que vai usar tem que configurar o monitor .,Neutro
.lojas americanas ta de parabens com a entrega dentro do prazo.lg k10 recomendo.,Positivo
"Ótimo custo benefício, celular com muitos recursos. Processador rápido, ´tima câmera, ótima bateria. Se tivesse um spot pra cartão de memória mantendo os dois chip (como no Moto X play), levava nota máxima.",Positivo
"Produto muito bom, protege o celular, sem ser muito robusta, recomendo a todos que tem o Galaxy S9",Positivo
O pessoal disse que foi entregue mas não foi entregue. O site não deixa fazer nada Não sei como resolver Não houve entrega de ninguém.,Negativo
Modelo e cores foi que prometeu vou que veio bom. Ficou bem compraria mais deste produto.,Neutro
"A começar pela entrega, realizei a compra em uma segunda-feira e a mercadoria chegou na Quarta-feira de manhãzinha! Esteticamente ele é lindo, e tem um ótimo funcionamento. Recomendo!",Positivo
O produto chegou em perfeito estado e antes do prazo.,Positivo
Achei que a folha não é tão branquinha e é porosa.,Negativo
A tv e maravilhosa. Atendeu todas as espectativas. Linda. A netflix pega muito bem e nao trava nada. Sem contar que chegou muito rápido.,Positivo
"recebi o produto na data certa, porem o produto deixa a desejar, o designer é  eu esperava, mas o acabamento tem defeitos,partes do recorte do sapato é todo amassado.",Negativo
"As estórias são legais, mas são fraquinhas...E o melhor é o primeiro livro.",Neutro
demora para gelar o ambiente. Não gostei foi do fato de eu ter comprado parcelado e o site colocou como a vista no cartão. Estou com problema até hoje que não foi solucionado.,Neutro
Eu achei que estava comprando um celular de fabricação nacional mas quando chegou veio junto um adaptador para tomada pois a tomada não é redonda. Como fica a garantia? Normalmente é de 1 ano! Deveria estar bem claro no anúncio,Negativo
O produto não veio com as luvas e o cabo não tem a metragem descrita (muito curto).,Neutro
O modelo que veio é diferente do modelo da foto no site já solicitei o cancelamento 1 dia após ter recebido mas até agora ninguém se pronunciou já faz 10 dias.,Negativo
"Ainda não posso ter opinião, pois recebí o produto mas não há nenhuma indicação de quem possa montá-la. Passei quase 2 horas na internet tentando contacto com a Americanas.com, onde comprei, porém sem êxito. Inacreditável e lamentável, estou com o produto em casa, precisando usá-lo por motivos de saúde e não posso. Nao sei como resolver.",Negativo
Gostei. Mas a alça para prender em colchões altos precisa ser aumentada. O meu tem 25cm. Ficou bastante apertada.,Neutro
"ótima qualidade, não solta pelos e entrega super rápida;",Positivo
"O ambos os jogos anunciados são muito bons, todavia, na hora de colocar o código para download do COD:MWF, é dito que tal código já foi usado.",Negativo
Produto de boa qualidade super confortável pro bebê.,Positivo
"Atendeu minas expectativas, boa imagem, som razoável, bom design.",Neutro
Comprei para dar de presente e a pessoa ficou bem satisfeita.,Positivo
"o produto é de excelente qualidade, já usei outras vezes e por isso recomendo.",Positivo
"Muito bom bateria dura bem ótimo produto,ótimo para crianças e também adultos",Positivo
"Eu recebi uma réplica do produto! Verdadeira enganação!!!! O produto veio em uma caixa de plástico, sem qualquer tipo de manual ou certificado de autenticidade! Fiz o envio reverso para a empresa, no dia 24/04 e até agora na me DEVOLVERAM O DINHEIRO!!!!! Vou entrar em contato com o PROCON para resolver o meu caso! Muito obrigado site Americanas por fazer isso com os seus clientes!!! Com certeza, vcs irão falar q não tem nada a haver com isso, pois, são empresas parceiras... Mas, o mínimo q vcs poderiam fazer é verificar a idoneidade dessas empresas! Sem contar q eu fiz o pagamento pra VCS!!!!!",Negativo
O melhor game de todos os tempos! Já zerei no ps3 e pretendo adquirir no ps4 para jogar mais uma vez essa obra prima. Recomendo!,Positivo
"produto muito bom ,recomendo a todos se por algum acaso tiver duvidas em comprar.",Positivo
"O pino do carregador q veio com este cel é do modelo antigo,resumindo não consigo ligar em tomada sem usar um adaptador",Negativo
sao de controle remoto a escavadeira e a motoniveladora,Neutro
"Muito bom produto, material resistente e de belo encaixe. A tramontina está de parabéns em nos oferecer um produto de extrema qualidade e um preço justo. Comprei para apertar alguns parafusos do painel do meu uno, ainda não a usei pois tive que vender o uno para comprar a ferramenta. Mas só de olhar fica claro a qualidade absurda da chave.",Positivo
"Bom dia. o material é muito fraco pensei ser melhor, Me desculpa mais não gostei.  Att.:",Negativo
"o produto chegou certinho, no prazo, foi fácil de montar! As ventosas grudam MUITO BEM e os gatos AMARAM! Recomendo!",Positivo
"O ar não gela, só fica na refrigeração... Insatisfação total pelo produto, até o meu ventilador consegue ser melhor do que esse ar...",Negativo
Muito satisfeito com o produto..Entrega o que promete.,Positivo
"O produto é bem ruim, de baixa qualidade. Simplesmente toca som mono. Desde o recebimento, ao verificar, informei a loja meu interesse em cancelar a compra. Embora recebi mensagem confirmando meu pedido, a loja não voltou a me contatar.",Negativo
"Remendaria o produto, mas não a loja que entregou. Atraso na entrega.",Neutro
"Para um produto de entrada, o valor está muito bom. O acabamento é bom e não é tão lento e travado como eu pensei. Dá para usar as principais redes sociais tranquilamente. Não dá pra esperar um desempenho de um celular top, mas para este valor, podem comprar sem medo.",Neutro
"Achei um excelente produto, a entrega foi rápida. Estão de parabéns!",Neutro
"A capa é ótima, além de bonita, se ajusta muito bem ao modelo do tablet especificado, parece ser bem resistente, e é bem dinâmica em seus movimentos. O único porém talvez seria o apoio para deixar o tablet em pé que, devido ao material, pode juntar pelinhos e sujar um pouco o visor do aparelho, mas nada que um paninho não resolva. Recomendo!",Neutro
Gostei do produto porém o de chocolate não é tão gostoso,Positivo
"Muito boa a politriz funcionamento suave não faz muito barulho, partida suave regulagem de rotação, botão trava estou gostando muito do produto recomendo",Positivo
"Acho que ficou um pouco a desejar, no acabamento, pelo PREÇO, atende, mas axo que alguns detalhes podiam serem mais bem feito, na hora de lixar e na hora de pintar, mas ressaltopelo PREÇO, valeu muito a pena e recomendo.",Neutro
"PRODUTO BOA QUALIDADE MAS POREM CABE SOMENTE NOTEBOOK ATÉ 14"" POLEGADAS, PORQUE SE FOR DE 15"" PASTA NÃO CONSEGUE FECHAR ZIPER",Neutro
"Ela é linda porém não pega totalmente no fundo do bou fica uns 2 dedo mais ou menos de distância, e quando vc liga ela parece q um avião vai decolar da minha cozinha de tão alto que é o barulho dela.",Negativo
"Excelente celular,uma bateria que dura muito e carrega rápido, ótimas fotos e um design lindo,sem falar nas várias funções..recomendo a todos!!chegou muito antes do prazo...",Positivo
"Excelente produto porém não compatível com moto z , precisei comprar um cabo para utilizar .  Na descrição fala moto z mais não serve para moto z precisa de um cabo",Neutro
Eu nao recebi o meu produto.Estou esperando vcs resolverem esta situação.,Neutro
Primeiramente eu não recebi o produto que está na foto. Recebi de uma outra marca desconhecida. Tentei contato com vocês e não consegui. To muito insatisfeita.,Negativo
"recomendo para estudo, trabalho , boas aplicações.",Neutro
"RECOMENDO, APENAS A DEMORA DE ENTREGA QUE INCOMODA, MAS ENTREGUE NO PRAZO. OTIMA COMPRA.",Positivo
"É um absurdo a falta de respeito e compromisso, ja paguei a primeira parcela e não recebi o produto ainda!!! Fiz minha reclamação e pediram p eu esperar 48 hrs ja se passaram 5 dias.",Negativo
"Produto ótimo e de qualidade, com bom acabamento! A entrega também surpreendeu, pois foi entregue antes do prazo estipulado!",Positivo
"as panelas são muito pequenas, veio tudo errado, eu queria trocar, mas demorei pra abrir. não compraria de novo",Negativo
"Kit muito lindo, prático, deixou a pia uma graça...... Amei.... Recomendo...",Positivo
O notebook tem um designer muito sofisticado. Recomendo a todos.,Positivo
"A capa é boa ,mas é cara você encontra da mesma mais barato nas lojas",Neutro
Pensei  que fosse sem costura. Feito no calor e não era. Fiquei bem decepcionado.,Negativo
a TV e boa tem uma boa imagem e o som e muito bom  só não sei ser vai dura muito tempo etc.,Neutro
"Jogo excelente , com gráficos ótimos e jogabilidade muito boa . Recomendo a todos.",Positivo
Não posso  avaliar algo que a empresa NÃO teve competência em me enviar.,Negativo
E geral o produto é bom. Só tem um inconveniente que nas laterais) não tem bainha e ele fica enrolando. Mas atende ao que se propõe que é cortar a luz.,Neutro
"Não gostei da qualidade da mochilete. Muito frágil. A entrega super demorada. O combinado, foi de entregar em 10 dias e levou um mês para entregar. Simplesmente odiei.",Negativo
"Ótimo, marca confiável, facil desmontar para limpeza.",Neutro
"Produto super fácil de usar, recomendo a todos! Americanas sempre surpreendo com as entregas rápidas!! Parabéns",Neutro
fkfkjtmkiofgmrlsgslrjhmjbmjbgjgmbmgkgmgjymkhkjtjfnfhfnfnhfnfgmjgg,Positivo
"É bem silenciosa e resistente, tem o suporte para colocar o celular que é bem útil. Chegou antes do prazo, o único ponto ruim é que parecia que a caixa tinha passado por uma avalanche, o plástico da bicicleta veio uma parte quebrada, o que não impossibilitou o uso, mas deveriam ter mais cuidado na transportadora, pois o frete é pago.",Positivo
"É um bom aparelho, não é nada que surpreenda, mas é um bom custo benefício. E a entrega foi rápida. Parabéns, americanas.com",Neutro
As peças são lindas. A cor é um tom cru super pratico para combinar com outras peças. chegou 5 dias antes do esperado.,Positivo
Péssima na entrega! Faz quase um mês e nada do produto chegar. Já conheço o aparelho e o mesmo é bom.,Neutro
"entrega dentro do prazo, produto muito bem embalado, em perfeito estado, atendeu bem as expectativas, recomendo a hobbistas!!",Positivo
Minha filha adorou. Veio antes da data prevista. Estou satisfeita,Neutro
"MUITO BOM O PRODUTO, E RECOMENDO RECEBI NO TEMPO CORRETO",Positivo
"Bom produto. tem wi-fi, mas achei que seria mais economica no gasto das tintas.",Neutro
"muito bom, bonitas, excelente tecido, custo beneficio, otimo presente",Positivo
"não recebi o produto, venderam e não entregaram, loja sem desorganizada e sem comprometimento com o cliente",Negativo
"Chegou um câmera na minha residência de marca diferente (Onvif), não tinha as três antenas com fios aparentes e não configurou com minha rede wireless, muito menos por cabo de rede, minha rede não é de 5 Ghz.  Fiquei triste e sem produto, tendo em vista que já fiz a devolução do mesmo para o remetente através dos Correios.  Gostaria de uma resposta da empresa Luatek e mais averiguações das Lojas Americanas em relação aos seus parceiros.",Negativo
Comprei  pra minha sogra que deficiênte visual e foi muito bom pra ela pq ela conseguiu manuseia sozinha os botões e as teclas.,Positivo
Tem capas melhor s que essa. Essa não é formada totalmente e sim só meio. E achei um pouco fina demais.  Talvez eu não tenha me atentado para as especificações porque deveria ter escolhido uma capa mais forte.,Neutro
recomendo filme muito bom entrega no prazo tudo bom atedimento,Positivo
"Alem de uma super ferramenta, comecei a usar o martelo em uma corrente indo em baile funk, é um equipamento genial, perfeito para ostentar, arrumar as coisas, ou quebrar uma parede.  Completei o valor dele desenhando o simbolo da Adidas, e vendi por 10 mil reais.",Positivo
"Não esperava que um produto deste não viria com Windows. Decepção total , não consigo baixar apps , vídeos que passei do meu antigo netbook para armazenar nele, não faz leitura. Um horror !!!!! Até a velocidade e capacidade de Wi-Fi é ruim . Arrependimento, se pudesse trocaria !!!!",Negativo
"produto chegou super rápido, bem antes do combinado, recomendo a todos, empresa com atendimento vip com o cliente. parabéns",Positivo
"Produto muito Bom,material de boa qualidade. Super recomendo.",Positivo
"Só o filtro que passa café no fundo da xícara mesmo passado uma xícara só de cada vez, a não se isso tudo funcionou perfeitamente",Neutro
Estou decepcionada com o serviço oferecido pela americanas. Venceu o prazo de entrega e não recebi o produto.,Negativo
Entrega super rápida. Comprei para dar de presente de aniversario e chegou bem antes da data. Achei um pouco frágil. mas se tiver cuidado não acho que terá problemas. Sá pra se divertir bastante.,Neutro
Desse jeito eu não vou comprar mesmo . Depois desses comentários,Negativo
Estou extremamente insatisfeita com a entrega! Nunca mais compro nada no site das americanas por causa da empresa de entregas.,Negativo
"Não enviaram na data programada e quando enviaram 3 dias depois, a transportaram simplesmente não entrega, já faz 5 dias que está na minha cidade e a Direct não faz a entrega. Pra piorar a loja fisica ""Lojas Americanas"" estão vendendo o jogo desde o inicio da semana e não permitem que eu retire na loja, TOTAL DESRESPEITO com o consumidor.",Negativo
"Pois foi entregue dentro do tempo hábil , está sendo  útil as minhas  necessidades.  Obrigada,",Neutro
Bom produto. E cumpriu o prazo de entrega.cxxxxxxxxxcccxxxxccccccccxxxxxxxx.,Neutro
o produto veio com defeito sendo necessário realizar a troca do mesmo.,Negativo
"Produto de qualidade. Estou muito feliz por isso, produtos de alta qualidade e perfeita embalagem.",Positivo
"Recebi o produto avariado, retirei da caixa e ao ligar a tela estava trincada, liguei nas Americanas e fui informado que o prazo era de 7 dias porém estava de férias e não instalei o produto antes, tenho evidências.",Negativo
"Fiz o pedido dia 27/04 e até  hoje não gerou a nota fiscal, muita demora para realizar esses trâmites simples, quero só ver a entrega!",Negativo
Alguém sabe informar se e gás GLP ou GN? Como e feita a conversão?,Neutro
"Essa mega page e horrível te vendem um produto e te enviam outro,comprei essa antena amplificada 20dbi e me enviaram uma totalmente diferente e de apenas 3dbi fiz o cancelamento de imediato ja tem 20 dias...",Negativo
"Ainda nao recebi a encomenda.Vou aguardar ate dia 15/05,caso nao chegue, vou abrir a minha reclamação",Negativo
"Embora fiz uma compra de dois itens e a entrega veio parcelada, no momento 4/05/2018 a loja esta no credito por não ter vencido a data de entrega.",Neutro
"Muito confortável agradável para dormir, recebi ante do prometido",Neutro
Muito bom o aparelho e a loja também.  Indicaria pra alguém comprar. Só não gostei dessa caixa de análise.,Positivo
Fiz minha encomenda no início de dezembro e já passou o prazo de entrega e o produto não foi entregue!,Negativo
com esse preço é melhor comprar um ar condicionado vcs sempre erram os preços a não  ser que esse copo é de ouro,Neutro
"A fruteira até parece ser muito bonita, prática e usual, porém o frete de R$ 248,07 para a Capital mineira deve ser para ninguém comprar! E olha que não moro em área de risco, nem em aglomerado e nem local de difícil acesso! Ao contrário, estou a 4 km do centro de Belo Horizonte! Usualmente o frete gira em torno de R$ 8,99 para minha região. Um absurdo uma loja do nipe da Americanas permitir um tipo de anúncio dessa discrepância. Uma pena, coloca em descrédito todo o nome da Americanas.",Negativo
"Comprei este item com demais coisas e o frete ficou gigantesco, vide outras coisas serem apenas uma pomada de 30gr e um fone de ouvido, cada produto um frete enorme, contraiada aceitei mesmo assim e  parcelei conforme o carrinho de compra me permitiu, quando vejo na fatura, eles parcelaram conforme eles quiseram, cada produto veio separado, um em 6x ouro em 10x não escolhi esses parcelamentos........diferentes para cada produto. Melhor comprar no mercado livre, lá as regras são mais rígidas e não prejudica o consumidor.",Neutro
"Recebi o produto errado ao que foi pedido e até agora nenhuma instrução para devolução pois nao ha a disponibilidade de um produto semelhante! Ou melhor, do produto que comprei!",Negativo
"Produto é simples e bem leve, ideal para o dia a dia, porém se for para presente igual foi o meu caso é decepcionante porque não veio na embalagem de faqueiro e sim numa caixinha bem simples retangular que faz a gente achar impossível que tenha realmente as 72 peças. Porém a entrega foi rápida. Fica a dica se for para presente certificar-se que venha na embalagem que mostra no momento da compra.",Negativo
"Um bom notebook, leve, essencial para o dia a dia.. Entrega super rápida americanas. Recomendo!",Neutro
"Aqui no Brasil pega o 4g? Tenho dúvidas,queria saber TB se e homologado por a Anatel.",Neutro
"Excelente produto, funciona tudo ok, chegou no prazo esperado. Único detalhe que não gostei é se usar o chip 2 não tem como usar o cartão de memória, ou seja ou o cartão ou o segundo chip.",Positivo
O PRODUTO AINDA NÃO CHEGOU!!!!!!!!!!!!!!!!!!!!!!!!!!!!!!!!!!!!,Negativo
"muito bom pratos, ótimo  copos  recomendo a todos parabens pelo produto",Positivo
"O produto chegou em ótimas condições, funciona perfeitamente bem, é bonito e tem um tamanho que considero bom. Recomendo a compra!",Positivo
"Os Hds Seagate são de boa qualidade, mas a case deste HD é frágil, muito provavelmente se houver uma queda, já era o HD.",Neutro
"Estou esperando o produto e até agora nada! Já paguei pelo produto estou esperando eu acho que as americanas.com deveriam ver o porque desta demora, já que pega mal para a empresa.",Negativo
"Produto de boa qualidade, bem parecido com o original, apenas mais leve.",Neutro
"Produto, rápido, boas funcionalidades. Valeu a pena o custo benefício. Achei a tela ideal, pois estava querendo a de 10"", mas acho que iria ficar muito grande.",Positivo
"Produto é bom. Porém muito difícil para encher, tem que comprar uma bombinha é mais fácil.",Positivo
Devolvi o produto e a ate o momento não tive uma resposta sobre o ressarcimento da compra que paguei com cartão de credito.,Negativo
"Comprei a câmera, ela tem ótima nitidez, porém não estou conseguindo configurar para acessar remotamente qdo saio de casa. Pesquisei na internet e vi que tenho que configurar o roteador/câmera. Estou tendo dificuldade em quem faça esse serviço na minha cidade, pois sou bem leiga nesse assunto. Alguém que já comprou ou que entenda pode me ajudar em como configurar?",Neutro
Eis uma loja irresponsável! Entrega super demorada. E o produto não vem na cor indicada. Vem a cor que querem. Não entrem nessa furada.,Negativo
Funciona muito bem. Veio direitinho e ja estou usando.,Positivo
"Simplisinho, prático, bom. Recomendo. Pode comprar, garantido.",Positivo
"Produto muito bom, recomento a todos, principalmente para quem deseja um aparelho simples",Positivo
"A compra foi cancelada devido ao meu endereço errado. Então retornou ao destinatário, recebi um vale presente e realizei a compra novamente. Ainda estou aguardando chegar.",Neutro
"Fiz a compra desse celular em 14/04/2018 e até a presente data não recebi.  Sempre fiz compras pela internet, é nenhum produto demorou mais de 2 semanas.  Americanas nunca mais!!!",Negativo
"Sobre panquecas, waffles e bolos fica uma delícia! Não é xarope de glucose, é maple!",Positivo
"O produto é muito bom, porém, não é forrado por dentro, logo, precisei escolher um material adequado e colar no fundo e nas laterais para não arranhar os itens acomodados dentro do produto que é feito de ferro. Outra coisa é que demora pra entregar.",Positivo
"Produto muito bom, simples de se manusear...  Para quem precisa fazer uma mistura de forma rápida e gostosa, eis a solução.  Satisfeito com minha aquisição!  Recomendo!",Positivo
"Gostei muito me ajuda e adianta minha limpeza sobra tempo outras coisas,torce muito bem,limpa bem,tenho alergia na mão adorei não precisar ter contato , enfim aposentei panos,rodos menas tralha pela casa.",Neutro
Comprei pelas fotos e fui induzido ao erro. Produto não é original Lorenzetti e se trata de uma marca genérica qualquer.,Negativo
Gostei muito do produto . Entrega super rápida .   Parabéns pela agilidade na entrega e qualidade no produto .,Positivo
"É um aparelho mediano de entrada, mas é bom, o que não interfere no atendimento do site que é otimo",Neutro
"enquanto não detalharem mais os dados com informações pertinentes, vão continuar perdendo vendas. Informem a geração do processador, nome completo da placa mãe com a série e nome do produto e não apenas a fabricante.",Neutro
Péssimo produto ruim sem qualidades  tapete fino ruim rium,Negativo
Um ótimo produto de ação rápida ao pet com resultados esperados no tempo que realmente diz nenhuma insatisfação em relação ao produto,Neutro
Atende satisfatoriamente a função para a qual é proposto.,Neutro
"Não veio nenhuma cueca branca, veio uma preta e uma azul escura e o resto todas cinza. Horrível.  Não compro e nem recomendo, pois além de demorarem para entregar ainda entregam tudo errado.",Negativo
"ótimo produto,,,pesquisei bastante antes de adquirir(várias marcas)...e vi que a Nakata é bem comentada...comprei o produto e gostei bastante. Recomendo.",Positivo
"Gostei muito do produto. Celular de excelente qualidade e custo benefício. Cumpre tudo q promete. Quanto a película, se for de vidro realmente fica com bolhas. No meu caso instalei uma película de silicone e o resultado foi perfeito. E a entrega da Americanas como sempre foi super rápida, comprei o aparelho no sábado de manhã e recebi na terça feira a noite. Recomendo a compra.",Positivo
Não possui rastro como informado na descrição do produto.,Negativo
"Silencioso, deixa a água quase gelada, possui design moderno.",Positivo
"FRACO E BARULHENTO, RECOMENDO PARA QUEM PUDER COMPRAR UM DE NO MÍNIMO 10.000 BTUs E DE PREFERÊNCIA DIGITAL COM COM CONTROLE REMOTO MAS SE NÃO PUDER ESTE SERVE DE QUEBRA GALHO.",Neutro
Produto atendeu as minhas necessidades! Recomendaria a uma amiga. Bem prático!,Neutro
Criado mudo excelente muitas gavetas . Muito bonito e entregue dentro do prazo.,Positivo
Adquiri o secador recentemente e me atende super bem. É bem quente e da para fazer escova no cabelo comprido perfeitamente.,Positivo
ENTRE CUSTO BENEFICIO UM DOS MELHORES . O PRODUTO ATENDE AS EXPECTATIVAS;,Neutro
O único ponto negativo é usar pilhas. Design lindo. Muito leve e som de qualidade.,Neutro
Estou esperando o produto. Deve estar vindo de jegue.,Negativo
"A embalagem do shampoo veio com defeito, de modo que o produto escoa pela própria embalagem.",Negativo
Entrega rápido e preocupações com o cliente com o produto certo.,Positivo
"Qto ao perfume, não o que comentar, quem conhece já sabe que se trata de um produto original. Qto a entrega, ocorreu antes do prazo. Super recomendo",Positivo
"Ocupa pouco espaço, é confortável e fácil de mantê-lo limpo",Neutro
A qualidade Tramontina é muito boa mas é um jogo de panelas para família pequena. No meu caso atendeu as expectativas.,Positivo
"Gostei muito do produto, recomendo a todos!  Ótimo",Positivo
Gostei do aparelho só não aprendi ainda como utilizá-lo completamente! Mas isto leva um pouco de tempo. Mas recomendo!,Positivo
"Gostei muito, apesar da demora na entrega, fiquei muito feliz quando recebi, recomendo a Biblia, mas o site esta deixando a desejar com essa transportadora,",Positivo
Já passado quase um mês da compra e nunca recebi o mesmo.,Negativo
"A entrega chegou com um dia antes,o celular é bonzinho,faz dois meses que estou com ele no começo não travava,mas agora sim.Tem que ta fechando e abrindo os app,pra jogar nunca travou...o som é ok,não muito alto,a câmera é boa pra você tirar foto no tamanho que você quer,mas se recortar perde a qualidade,fica pixializada e distorcida..A bateria é boa passa 1 dia e meio em uso não muito estravagante. Recomendo pra usar no dia a dia,pra jogar...mas pra foto e utilização de vários app não",Negativo
"Exatamente como anunciado, entrega antes do prazo estipulado.",Positivo
"Gosto muito dos celulares Lg, nunca me deixaram na mão.",Neutro
"Ótima qualidade, praticidade, lindo design, excelente para um café com amigos, preparado de forma rápida e simples.",Positivo
Twiteer não presta....msm sem potencia alguma ele distorce com som bem baixo,Negativo
"Tablet muito bom, recomendo para quem precisa usar em momentos de estudos ou trabalho, e lazer...",Positivo
"Livro muito bom, tem tudo que preciso pro meu curso!  A entrega foi antes do prazo.",Positivo
o produto tem um acabamento muito bonito porem nao ventila como deveria.,Neutro
"Não sei se o produto é bom, nunca consegui utiliza-lo, o prazo para entrega já se encerrou  e nem me informam uma nova data de entrega. Descaso total com o consumidor.  Vou ter que cancelar a compra, pois pelo jeito nunca vai chegar.",Neutro
"Cortina linda! Entrega rápida, tudo excelente! Recomendo muito. Aliás, estou muito satisfeita com os produtos adquiridos na Americanas.",Positivo
bom de fácil montagem. e a entrega veio antes da data marcada.,Neutro
"Recebi o produto com tela quebrada e até agora a Americanas não fez a troca... a loja está tratando com maior descaso, e pior estou com o produto quebrado e sem devolução do dinheiro... estou tento que buscar ajuda do procon e judicial! Decepcionada com o atendimento da Americanas...",Negativo
"Já tentei de todas as formas colocar o chip no celular, falei com a assistência no mesmo dia que chegou, porém, não obtive nenhum resultado. Continuo correndo atrás pra conseguir resolver este problema com assistência do site, espero que consiga ou quero meu dinheiro de volta.",Negativo
"Consegui com um bom preço em relação aos outros sites, muito bom desempenho, boa câmera, o que decepciona é autonomia de bateria desse iOS 11, infelizmente o meu veio com o 11 e não com o 10, senão não atualizaria! Mas, de resto, perfeito!",Positivo
"O produto foi entregue antes da data prevista e em bom estado. Ainda não utilizei todas as funções do micro ondas, mas está funcionando perfeitamente.  Recomendo.",Positivo
"Quero parabenizar a  lojas americanas pelo excelente comprometimento com seus clientes, produtos entregue antes do prazo combinado. Parabéns há todos os envolvidos pelo excelente trabalho!!!",Positivo
Agradeço a equipe pela venda e rapidez na entrega do aparelho celular que chegou muito antes da data prevista e o aparelho esta atendendo as minhas necessidades :),Neutro
"Atendeu minhas expectativas.Só uma ressalva.As cestas de frutas deveriam ser removíveis,facilitaria a limpeza do móvel,e para retirar as frutas também.Mas,é muito útil e ficou ideal no espaço reservado!!!!Recomendo sim,é muito bom os espaços na prateleira e gaveta.",Positivo
Linda mochila. Ótima qualidade e bem espaçosa . Minha filha amou!,Positivo
"O produto atende bem e vale o preço. A princípio parece um pouco frágil, mas tomando cuidado acredito que não terei problemas. O tripé tem várias regulagens de altura e pode ser girado também. Pelo preço vale a pena sim.",Positivo
"Gostei, porém o aparelho quando está carregando está esquentando muito!",Neutro
"Gostei do meu aparelho,porém não percebi que ele não tem flash e com isso não posso baixar o aplicativo de lanterna. Fora isso ,ele é muito bom!",Neutro
Tive que comprar um conversor externo para poder ter acesso aos canais HD.Qui pena .Um pouco frustado pela expectativa do produto que não atendeu as minhas expectativas.,Negativo
"O produto cumpre o diz, porém é um pouco sem jeito pra usar... acaba atingindo onde não precisa. Além disso, deixa os cabelos crespos, onde o produto é aplicado.  Talvez não compraria mais deste produto, ou experimentaria outra marca.",Neutro
"O produto é bom, mas meu filho não está brincando. Até porque ele tem 5 meses.",Neutro
ainda não usei estou usando a joaninha muito bom nao tenho muito que avaliar da próxima vez coloquem um texto Caso eu aprove eu remeto,Neutro
"A escova é muito boa quando o cabelo está molhado. Mas com o cabelo seco não funciona muito bem. Pra quem não tem tempo, ela ajuda bastante. Mas não fica igual a uma chapinha. Eu recomendo.",Neutro
"Até o presente momento não recebi o produto e o atendimento vocês é uma porcaria. Atendimento por telefone não existe. Sou comprador antigo, mas parece que o serviço não é mais o mesmo.",Negativo
"Produto chegou super rápido, antes da data estipulada pelo fornecedor. Devidamente embalado",Positivo
"ESCOLHI O FORNECEDOR PELO PRAZO CURTO, E MESMO COM VÁRIAS RECLAMAÇÕES, INCLUSIVE, LIGUEI PARA O MESMO, NÃO RECEBI O PRODUTO... FORNECEDOR NÃO CONFIÁVEL...",Negativo
"Produto atendeu às expectativas, inclusive o prazo de entrega. Recomendo!",Positivo
"Gostei do produto, mas o coador deixa passar muito resíduo de pó. O que deixa o final da xícara desagradável. tenho que colocar um filtro descartável para que isto não aconteça.",Neutro
"Pedi o produto de baunilha e veio de morango ,e não gosto de morango",Negativo
"O produto em si, veio faltando parafusos, com pequenas oxidações em algumas partes e com uma alta rigidez ao abri-lo nas medições.",Negativo
Excedeu minha espequitativa produto ótimo excelente qualidade recomendado não vão se arrepender de comprar maravilhosa...,Positivo
"O texto, escrito de maneira didática e bastante elucidativa, auxilia leigos no entendimento do neurofeeback, técnica para tratar diversos distúrbios psicológicos e neurológicos.",Positivo
"BOM DIA: ATE AGORA NAO RECEBI O PRODUTO, ATE NAO IRIA FAZER AVALIAÇÃO, ACHO QUE ESTA NO PRAZO AINDA",Negativo
"A entrega foi dentro do prazo (até antes). A cama tem um colchão mais fino, porém, é confortável. É ortopédica, então quem tem costume de dormi numa cama mole, como eu tinha, estranha no começo.",Neutro
"Não recebi meu produto, estou no aguardo de solução.",Negativo
"Aparelho Realmente Muito Bom Pelo Seu Desempenho. Porém Fiquei Muito Insatisfeito Por Conta Da Tela, Pois Não Existe No Mercado Película Que Se Adapte Bem Ao Aparelho. Principalmente Se Quisermos Usar Película e Capinha Protetora Para Maior Proteção Do Aparelho. Outro Ponto Negativo. é Referente Ao Valor Cobrado Pela Troca Da Tela 1.300 Reais. Esse Valor Corresponde Mas de 50% Do Valor Que Paguei No Aparelho. Mesmo O Aparelho Estando Na Garantia. Se Quebrar a Tela Já Era, A Samsung Não Combre Pelo O Mal Uso Do Aparelho. Fica a Dica Tela Muito, Muito Frágil.",Negativo
Excelente celular com custo/benefício impressionante. O carregador Turbo Power é espetacular!,Positivo
"Demorou mais q o esperado!!  E não recebi o produto ainda, n compro mais nessa empresa.",Negativo
"Perfeita, já conhecia a qualidade do produto e a segunda vez que compro ..e pretendo comprar uma maior na próxima vez.",Positivo
"A entrega demorou, o produto veio amaçado e faltando peça para montagem.",Negativo
"Atendeu todas as minhas expectativas! Muito top Super recomendo, porém faltou uma luz dentro para melhor visualização a noite",Positivo
lojas americana não entregou não me deram uma resposta,Negativo
"A Bateria veio corretamente, porem a carga não dura muito tempo.",Negativo
Produto recomendável. DVD com excelente capa e material extra de menu muito informativo a cerca dos bastidores da produção do filme.,Neutro
Não dá pra exigir muito devido ao valor o produto em si não e ruim a bateria pessima,Neutro
"Atendeu minhas necessidades. Um bom espaço para cada gaveta, mesmo pequena.",Positivo
"Kit entregue antes da data prevista, caixa intacta! Qualidade dos produtos nota 10! Apesar de ser 100g cada máscara, o produto rende bastante! Fiquei muito satisfeita com a compra.",Positivo
"Como sabemos os smartphones intermediarios da Samsung são lerdinhos e adoram travar, com esse não foi tão diferente, assim que for possível terei que ir para a assistência técnica!  1° Tem algo solto que veio da loja assim! 2° Tenho dificuldades em usar meu ship novo (as ligações estão péssimas e a net nos dados móveis tb)! 3° A tela bugou do nada, ficou tudo distorcido! 4° O leitor de digitais tb tá uma bela travada! 5° Não é tão na questão do sistema essa é bem estética, é difícil achar película é capaz de proteção que se acomodem de forma eficaz! Observações o aparelho não foi exposto a nenhum tipo de impacto, poeira ou umidade elevada ou calor, todos os defeitos citados são de fábrica!",Negativo
"Um produto bom para o seu valor, um bom custo benefício para uso doméstico não recomendo para uso profissional.",Neutro
"muito bom os produtos da tramontina, o valor tambem",Neutro
"Os tapetes na foto site sao lindos, mas o recorte (TAMANHO), nao corresponde ao onix , parecem o do celta ,  e o tapete do tunel , pequeno demais, nao da nem para fixa-lo , de tao pequeno . Ja comprei varios tapetes/carpete , mas este ficou devendo , vou testa-lo num celta . Avaliem e testem o produto antes de expor a marca de excelencia , AMERICANAS.",Negativo
Bom produto.................................................................................,Positivo
"Na foto é muito mais escuro, o meu é quase branco, tô apavorada, pois não chega nem perto de bege, é muito mais claro que na foto.",Neutro
O soquete da seta não corresponde ao encaixe do plugue do chicote do automóvel. Foi necessário uma  adaptação.,Neutro
O controle é de fácil uso e excelente desempenho de comando. Parabéns pelo produto.,Positivo
"As lâmpadas chegou hoje, ainda não estalei no carro, mais já conheço a marca das lâmpadas, tem uma boa iluminação e da um dezaine diferente no carro.",Neutro
"O produto é excelente, porém o preço é um pouco alto. Mesmo assim, foi o menor preço que encontrei no mercado.",Positivo
"Hoje e dia !5 de abril de 2018 domingo até neste momento ,eu não recebi a mercadoria  a minha avaliação e que esta demorando demais para entrega.  neste caso o descumprimento o prazo de entrega.",Negativo
"Bom celular, custo benefício bom. Celular fino e elegante.",Neutro
"Bom,  teve alguns problemas nas entrega , mas ok Obrigada",Neutro
Equipe atenciosa e pronta a resolver os imprevistos que aconteceram.,Neutro
"Funciona direitinho, só precisa saber regular o calor ao gosto da torrada.",Positivo
Produto chegou no prazo estipulado e tem ótima qualidade.,Positivo
Entrega antes do tempo previsto....ótimo  Preço.....,Positivo
"Comprei esse e outro produto; Para usá-los associados! Chegou apenas um. O outro já fazem 30 dias só de atraso da entrega!!!!! Aconselho a todos, a não comprar nada pela plataforma AMERICAS.COM Não existe respeito, nem compromisso com o consumidor; Já registrei varias reclamações: no próprio site, no reclame aqui, e hoje fui no PROCON! Não compro, nem aconselho a ngm a comprar mais nd aqui!!!",Negativo
"Ótimo produto, fui muito bem atendido, e fácil instalação, muito silencioso.",Positivo
A entrega foi rápida e o livro é muito bom recomendo,Positivo
Nunca comprem este produto. Não entrem nessa fria.,Negativo
"A entrega foi realizado antes do prazo. O carrinha também,",Neutro
"muito bom, atendeu a expectativa. com a tv smart conseguimos assistir aos programas de Tv por assinatura muito mais fácil.",Neutro
"Adorei o produto entrega rapida. Eu Recomendo, facil de instalar e utlilizar.",Positivo
A única reclamação é que a capa do livro veio de ponta cabeça.,Positivo
Bom produto.  Entrega no período estipulado. Recomendo.,Neutro
tem algo errado baratear o preço mas cobrar 1000 reais só frete tão ficando maluco?!!!!,Negativo
"Depois da montagem fica lindo, porém 3 meses para entregar, e mal embalado!",Neutro
"Atende a requisitos básicos. Mas não ter o  flash, certamente é um ponto negativo.",Neutro
"Atende perfeitamente um casal, design lindo !! Super indico. Prazo de entrega atendido antes do informado :)",Positivo
"No rastreio consta que meu pedido foi entregue, porém, não recebi meu produto e não consigo contato com ninguém para ter uma posição do que aconteceu e como será resolvido.",Negativo
"Eu tinha visto opiniões falando mal da qualidade do produto e principalmente que ja vem com marcas. Não acreditei e paguei pra ver, foi minha pior escolha produto com marcas e gaveta nem se fale péssima...",Negativo
"De fácil instalação e, ao menos por enquanto, tem atendido nossas necessidades.",Positivo
"O produto é muito bom,mais o produto demorou quase uma semana a mais para chegar,no site da americanas falava que demoraria 1 semana pra chegar mais demorou quase 2 semanas.",Neutro
"O som muito bom, o volume máximo vc não escuta som esterno, duração de 8h mesmo. Vou trabalhar, malhar e volto pra casa e ainda tem carga. Fácil conectividade com o celular e notebooks.  Recomendo sim.",Positivo
"Só posso avaliar quando o produto chegar em minhas mãos, o que não aconteceu ainda....",Negativo
Achei total descaso ofertar um produto que não está em estoque e demorar semanas para retornar o cliente.,Negativo
A estrela e a borda branca do escudo são apliques e descolaram. Paguei caro por uma marca importante para dar um presente e agora fiquei envergonhado com um produto com qualidade de camelô. Não comprei o produto Nas lojas Americanas.,Negativo
"As fronhas realmente são impermeáveis, fiz o teste e a água não penetrou, porém é muito incômodo para se dormir, pois faz muito barulho.",Negativo
"O brinquedo é bem legal porem muito fragil. As peças só encaixam sem travas e por este motivo o brinquedo desmonta toda hora.  Alem do plastico ser bem fino e mole, logo vai quebrar. Minha filha amou o brinquedo mais ele ñ vai durar.",Negativo
"Para uma pessoa ou casal é ideal, mas se tiver mais pessoas não é um problema, já que que é muito rápido pra fazer. Recomendo utilizar filtro de papel para incorporar mais o sabor e não passar pó para a xícara.",Neutro
Produto de excelente qualidade e conforto. As meias são macias e ao mesmo tempo firmes no pé.,Positivo
"Produto bom e barato, comprei um pro meu filho, aí como meus sobrinhos ficaram encantados comprei logo um pra cada sobrinho, total de 6, mas foi ótimo ver eles alegres brincando cada um com o seu. Quando o modelo de vingadores 3 guerra infinita quero comprar um que já venha com nanotecnologia.",Neutro
"Produto de muito boa qualidade. Poderia ser de temperatura 5000k. Poderia ser de 60w pelo fato das lâmpadas Hb3 serem dessa potência, OEM.",Positivo
"Comprei uma parecida com 02 anos começou aparecer pontinhos brancos até que parou de x, vejo muitas reclamações desse tipo, acorda LG, respeite seus clientes e usuarios de seus produtos!",Negativo
"O imã já descolou! Na primeira usada!!! Péssimo! Além do que, não encaixa nos olhos direto, parece aquele Cilios mal colado o tempo todo!",Negativo
Produto de otima qualidade e entrega com exelencia,Positivo
"Ainda não recebi esse produto e por sinal já venceu o prazo de entrega! Estou aguardando uma posição, um número de rastreio.. qualquer notícia sobre ele",Negativo
"O carregador funciona bem, os comuns não estavam conseguindo ligar meu celular e com este ok e carrega rápido. Porém meu namorado tem um destes original e ele tem o selo da Anatel, que este não tem e o dele quando conecta da uma mensagem no celular ""turbo power conectado"" e neste não aparece nada. Vamos ir usando para ver como se comporta.",Positivo
"MUITO LEVE E PRATICO FÁCIL DE LEVA, ÓTIMO PRA TRABALHOS DE FACULDADE.",Positivo
"Não comprem essa lixeira. Além de o material ser horrível, chegou amassada. Fiz inúmeros contatos com a loja para ser reembolsada e nunca obtive resposta. Não compro mais nessa loja. Péssimo atendimento e produto horrível. Fujam.",Negativo
"Não serve para uso diário por ser um pouco fraco, mas é bom",Neutro
"tudo perfeito, sem nenhum problema com o produto, eu indico.",Positivo
"Bom produto, grampeia muito bem, mas a base preta, de plástico, se solta se ele for levantado.   Merece ser corrigido neste aspecto...",Neutro
"Chegou rápido e com problemas mas, estou satisfeita com o retorno ágil do vendedor.",Neutro
"Manda o produto errado, não dar satisfação alguma de quando vai te reembolsar mesmo já estando com o produto devolvido. Uma palhaçada!",Negativo
Produto da DELL 2 X 1 com características para note e tablet que atendem bem as duas funções.,Neutro
Por ser boneca cara eu fiquei decepcionada com qualidade cabelos,Neutro
"O tablet multilase M7S que comprei é lento, trava muito. não gostei. se soubesse não o teria comprado. tento deixar leve desinstalo alguns apps mas eles voltam. complicado demais.",Negativo
Preciso saber o que vai ser feito. Meu produto não foi entregue ate agora. Era ate dia 13 de Dezembro. Vou fazer reclamaçao no reclame aqui. Procon. O que precisar ser feito vou fazer. É um desrespeito com o cliente. Era um presente de casamento.,Negativo
comprei para minha esposa ela tá gostando muito até agora tá cumprindo o que promete. a loja tá de parabéns a entrega foi bem antes do prazo previsto. eu recomendo este produto.,Neutro
demorou a entrega e o smartfone apresentou defeito na ativação do WiFi,Negativo
"Bom custo benefício, excelente pra uma tarde/noite despretenciosa e tranquila.",Positivo
Comprei dia 22/02/2018 e não recebi nem código rastreio. Já solicitei ajuda site americanas.com .e nada até agora. Hoje entrei  no Reclame aqui.  Isso porque paguei à  vista  e com frete. Estou decepcionada  com site AMERICANAS. COM. MUITO DESCASO COM CLIENTE.   DESDE 26/2 espero NÚMERO RASTREIO,Negativo
"O celular e bom, mas a entrega da americanas deixou a desejar, é sem informação rastreio não funciona direito, paguei frete rápido atoa pois chegou como se foce normal.",Neutro
Não recebi o produto até o momento! O produto ainda encontra-se aguardando nota fiscal  Horrível!!,Negativo
Eu comprei esperando chegar  mas não consigo acompanhar minha compra,Positivo
"Enganação - 2 Guardanapos por embalagem  É isso mesmo, vem apenas 2 guardanapos por embalagem.  Produto velho, vem com a embalagem imunda, cheia de poeira, deve ser produto encalhado há anos.",Negativo
"Fiz a compra desse moleskine, entrei em contato com as lojas americanas já que a foto não corresponde com a cor que recebi e nem a descrição da cor que é roxo orquídea. Recebi um moleskine lilás. Enfim, não compre! Eles não devolvem o dinheiro e você é obrigada a ficar com o produto, um produto que não é barato.",Neutro
"Bom acabamento e design moderno.A vantagem está no bocal padrão E27 , ou seja , é possível escolher a lâmpada preferida e instalar...",Neutro
eu gostei bastante eu sou deficiente visual tenho baixa visão e o tamanho dessa letra é perfeita eu procurei bastante uma biblia assim pois não encontrava e ate que eu  encontrei e não demorou muito pra chegar na minha rezidencia o prazo era de 16 dias porei chegou com 10 dias eu recomendo esse produto e esse site tambem estão de parabens,Neutro
"Ao instalar os cartuchos, apareceu em minha impressora: 'cartucho preto com problemas"" e ""cartucho usado ou falsificado"". Recebi os produtos ontem, entrei em contato hoje com as Americanas hoje e estou aguardando a devolução do valor pago.",Negativo
"Ola demora pra chegar.paguei frete pra vir mais rapido mais não valew a pena era pra chegar de 4 a 7 dias,qdo acompanho a entrega dizem que o produto ja chegou na transportadora da cidade que ja esta indo pra sua região. E nao atualiza.nao gostei da transportadora.",Neutro
Gostei do produto aqui avaliado até o perante momento,Neutro
"Chegou antes do previsto, mas não aparenta ser original ! A fixação é menor",Negativo
Atende as expectativas! Para quem eu dei o presente gostou muito!,Neutro
"Ainda é cedo para dar uma avaliação do Imecap,porém posso dizer que amei só pelo fato de NÃO ENGORDAR,como o Pantogar,que aumentou meu apetite logo no segundo dia. Até agora estou gostando,vamos ver nos cabelos se fará diferença.",Positivo
"a loja responsável pela venda que é a Iba cosméticos, agiu de má fé!  Mostrou uma embalagem da progressiva Zap marrom q por sinal é mais cara, é enviaram a vermelha com baixo custo e resultado, a partir da data de entrega eu ñ compro mais nessa loja, o cliente ñ pode passar por esse transtorno e a loja americanas ñ deveria ser parceira dessa loja ! Fiquem atentos.",Neutro
"O organizador maior é muito desproporcional, após arrumar roupas nele fica díficil manusá-a-lo.",Negativo
Único problema é que as vezes o sistema fica meio lento!,Neutro
"Produto bom, chegou no prazo porém demora para esquentar e na ponta puxa os fios. Chegou sem a caixa.",Neutro
"Relógio MT bonito,resistente e leve não incomoda de usar em tempo longo!",Neutro
"Não tenho como avaliar, o produto não chegou, há quase um mês que comprei.. continuo esperando, e nada de chegar.",Negativo
"Novamente não recebi o produto dentro do prazo previsto, na outra vez, era porque, estava no final de ano . E agora? Qual é a desculpa?",Negativo
"O produto acabou de chegar na minha residência com uma grande avaria na panela maior, nota-se fragilidade nos cabos, parece que de plastico que não aguenta nada. Ja entrei em contato com a loja mas ainda não tive resposta . lamentável. Não recomendo este produto",Negativo
Atende as necessidades principais com rapidez. E a entrega foi super rápida.,Positivo
comprei pensado vem varias cores detre elas branca e pra surpresa nenhuma branca de sortido nada,Neutro
Produto bom e atendimento ao cliente é melhor ainda. Recomendo.,Neutro
"Comprei e nao recebi produlto ainda adiarao a entrega , falta de respeito com os clientes pq americanas nem se quer avisa e nao consigo rastrear",Negativo
Água tinturada e lixo na impressora.....................................................................,Negativo
o celular e muito bom mais o problema foi q veio com arranhões nao fiquei satisfeito essa foi a segunda compra q eu fiz a primeira veio perfeita,Negativo
Eu recomendo.  Ocupa pouco espaço Você vai preparar um café delicioso,Neutro
"Aparelho bom para o custo beneficio, recomendo a compra desse produto",Neutro
"Construído com madeira simples na moldura. Leve. Impressão de boa qualidade na tela"". Imagem bem nítida. As peças de sem encaixam com precisão.",Neutro
Nao veio esse produto nao chegou entao não tem como eu avalia,Negativo
"o telefone veio com defeito na bateria, e foi um sufoco para estornar o valor, nunca mas compro nada pela americana.com.",Negativo
não gostei do suporte de apoio pois fica nas extremidade deveria ficar no meio pois a hack é pequeno tive que improvisar para quem for fixar na parede é tranquilo  o resta é LG marca otima sem comentarios,Neutro
O produto é  excelência para doméstico quando quer usar você monta e quando não usa você desmonta,Positivo
Excelente produto para quem utiliza a apresentação em Slides.,Positivo
"No geral atende bem, como não conhecia as características diversas e funcionamentos, me baseei nas informações de usuários. No geral esfria bem, mas achei um pouco barulhento. Não sei dizer se mais ou menos que outros, mas incomoda um pouco. Tirando isto, no geral funciona bem.",Neutro
"Meu noivo corta o próprio cabelo , ele gostou muito",Positivo
Peço a sua atenção sobre a entrega pois até hoje não recebi o produto conforme prometido para até o dia 16/03. Peço urgência.,Negativo
"estou satisfeita, apesar que percebi que o filtro de fiapos não está funcionando.",Positivo
"Eu teria achado maravilhoso o produto se tivesse vindo a mercadoria correta , em vez de 800W a americanas.com me mandou o de 600W , é a segunda vez que isso acontece comigo no site americanas.com , vc vê gosta e paga por um produto , a americanas manda um outro exatamente igual o da foto porém com as características inferiores . FIQUEM ATENTOS CONSUMIDORES",Positivo
supre as minhas nessecidades não posso dizer nada mas,Neutro
"Gostei muito deste aspirador de pó, leve e de prático manuseio.",Positivo
"SABOR - MUITO GOSTOSO , PARECE TODDY.  QUALIDADE E ABSORÇÃO - MUITO BONS E DISSOLVE FÁCIL NA ÁGUA.  TEOR DE PROTEÍNA - BOM , MÁS É UMA PROTEÍNA COM ALTO TEOR DE CARBOIDRATOS . E MUITO CALÓRICA TBM .  PREÇO JUSTO  RECOMENDO PARA FAZER ATÉ RECEITAS MAIS FITNESS , NÃO PARA UM PÓS TREINO.",Neutro
"Comprei a mesa e os aplicativos esperando ter um bom material para edição de fotos, porem os aplicativos são ruins, e a mesa com a caneta são ruins, é mais fácil fazer as alterações com o mouse do que com a caneta. Não recomendo.",Negativo
"Comprei mais demorei para instalar devido a reforma  algumas comecaram a affalhar e nao acender mais reclamei a empresa disse que passou os 3 meses e nao dao garantia mais,e a Americanas so dao garantia de 7 dias ,fiquei triste ja que vc comprar em um site como americana acha que produtos sao boa qualidade pelo nome que a empresa tem.esperoq ue tenham mais sorte que eu pois nao recomento.",Negativo
"Fiz o pedido pelo site paguei, porém nunca recebi!! Mas o valor ainda está la, sendo debitado na minha fatura!! Roubam meu dinheiro e não mandam o produto!! Ou seja, estou sem dinheiro e sem produto",Negativo
"Eu poderia avaliar melhor o produto se eu já tivesse recebido hoje fãs quatorze dias de atraso e ainda não recebi e não me deram nenhuma resposta tá difícil , Americanas nunca mais",Neutro
Tem um cheirinho meu enjoativo espero que não fique pior achei que era mais cheinho mais da pro gasto,Neutro
"O produto é bom no sentido de possibilitar fazer pipoca de maneira rápida e sem sujar panela. É muito bom poder fazer pipoca sem usar óleo, mas poderiam arrumar um jeito de poder ""fixar"" o sal na pipoca. Quando se acrescenta o sal na pipoca pronta ele vai todo para o fundo da vasilha e a pipoca fica insossa. Tudo bem que se pode acrescentar manteiga à pipoca pronta, mas aí deixa de ser o alimento leve que estávamos procurando.",Neutro
"Ja tinha experimento antes, agora resolvi comprar o pote de 1kg. Fiz hoje e a textura do cabelo fica maravilhosa.",Positivo
"Por enquanto, nada posso dizer, pois adquiri o produto faz pouco tempo. Ainda não apresentou nenhum anormalidade.",Positivo
"Além de ser lindo ,funciona muito bem .superou minhas expectativas.",Positivo
"até o momento, eu não recebi o produto. A empresa está com 10 dias de atraso e não justificou o atraso na entrega.",Negativo
"Todas as entregas vinheram erra da , não recomendo está loja parceiro",Positivo
"Entrega foi feita bem antes do prazo, os tapetes são bonitos , as calotas poderiam ter as travas  e o material poderia ser melhor, enfim, pelo preço os produtos são bons!",Neutro
"a capa não pega na totalidade e a película é de gel, mas ok.",Neutro
gostei do atendimento da rapidez da entrega e do produto indicarei sim para meus amigos,Positivo
"ótimo, mas a tomada de energia é diferente da do fogão da mesma marca. Não tinha que ser padrão? Parece produto fabricado há muito tempo,não pela aparência que está novinho, mas as especificações novas de tomadas são diferentes dessa que ele veio.",Positivo
exatamente o que eu queria.muito bom mesmo recomendo,Positivo
"Recebi um produto que não funciona, Preciso da troca urgente",Negativo
